timestampMicros,bpm,envelopePeak,sceneId
667620,69.4663,0.75659,Idle
921259,69.5692,0.761827,Idle
1174465,69.6571,0.761975,Idle
1428150,69.7298,0.757224,Idle
1681662,69.7864,0.747866,Idle
1935565,52.4944,0.65,Idle
2201987,54.4944,0.65,Idle
2468684,54.4944,0.524206,Idle
2735281,71.3895,0.65,Idle
3001611,71.3895,0.65,Idle
3268204,71.3895,0.65,Idle
3518253,68.9231,0.65,Idle
3784959,68.9231,0.522422,Idle
4051572,68.9231,0.285666,Idle
4301574,68.9231,0.354842,Idle
4568209,68.9231,0.231525,Idle
4834838,68.9231,0.363438,Idle
5084856,68.9231,0.300451,Idle
5351509,68.9231,0.283026,Idle
5601529,68.9231,0.230937,Idle
5851608,68.9231,0.273712,Idle
6118180,68.9231,0.287057,Idle
6384817,68.9231,0.272597,Idle
6634833,68.9231,0.303215,Idle
6901470,68.9231,0.255577,Idle
7168106,68.9231,0.254841,Idle
7434737,68.9231,0.27832,Idle
7684740,68.9231,0.311852,Idle
7934775,68.9231,0.24395,Idle
8201433,68.9231,0.269785,Idle
8468049,68.9231,0.247515,Idle
8718089,68.9231,0.254972,Idle
8984746,68.9231,0.376798,Idle
9234746,68.9231,0.235015,Idle
9501392,68.9231,0.232418,Idle
9767996,68.9231,0.243,Idle
10018592,64.5793,0.606587,Idle
10284666,64.3949,0.61591,Idle
10551422,64.2259,0.619866,Idle
10817962,64.0742,0.618334,Idle
11068045,63.9485,0.611942,Idle
11334667,63.8332,0.599999,Idle
11601327,63.7382,0.583041,Idle
11867923,63.6642,0.56148,Idle
12117925,47.1116,0.65,Idle
12384552,47.1116,0.65,Idle
12634556,47.1116,0.65,Idle
12884565,67.4855,0.65,Idle
13151220,67.4855,0.65,Idle
13417851,67.4855,0.50314,Idle
13684475,68.943,0.534727,Idle
13934500,68.943,0.298509,Idle
14201096,68.943,0.309183,Idle
14451144,67.5556,0.65,Idle
14701499,67.5556,0.65,Idle
14967952,67.5556,0.421169,Idle
15218959,89.0207,0.391857,Idle
15485334,89.0207,0.394626,Idle
15751146,89.0207,0.273636,Idle
16017807,89.0207,0.278479,Idle
16267810,89.0207,0.408239,Idle
16534459,89.0207,0.291992,Idle
16801083,50.041,0.469736,Idle
17067752,50.041,0.65,Idle
17334395,83.4231,0.65,Idle
17601017,83.4231,0.278677,Idle
17851067,83.4231,0.316292,Idle
18117691,83.4231,0.40841,Idle
18367708,83.4231,0.29919,Idle
18634383,83.4231,0.260081,Idle
18887091,83.4231,0.65,Idle
19154242,83.4231,0.318259,Idle
19417840,83.4231,0.236831,Idle
19667922,83.4231,0.343779,Idle
19934462,83.4231,0.333836,Idle
20184559,83.4231,0.325796,Idle
20450881,69.9259,0.732447,Idle
20701395,70.1158,0.723538,Idle
20968819,70.2997,0.708824,Idle
21234138,70.4615,0.68901,Idle
21500830,70.6022,0.664077,Idle
21767573,70.7199,0.634451,Idle
22017919,70.8086,0.607348,Idle
22284300,70.879,0.593182,Idle
22550659,70.9241,0.574177,Idle
22800677,70.9429,0.552337,Idle
23067238,70.9378,0.525311,Idle
23317292,70.9092,0.497011,Idle
23583967,70.8533,0.464369,Idle
23850630,70.7715,0.429954,Idle
24105019,70.6695,0.396221,Idle
24367801,70.5403,0.361242,Idle
24636334,70.3838,0.326193,Idle
24890797,70.2136,0.3,Idle
25151115,70.0183,0.3,Idle
25401192,69.8117,0.3,Idle
25651214,69.5875,0.3,Idle
25903216,69.3449,0.3,Idle
26170007,69.0715,0.3,Idle
26438782,51.3793,0.32049,Idle
26703653,51.3793,0.293111,Idle
26969922,51.3793,0.32988,Idle
27235559,78.5507,0.587644,Idle
27500708,78.5507,0.281717,Idle
27752251,74.4929,0.65,Idle
28017381,74.4929,0.449888,Idle
28283716,83.4396,0.65,Idle
28533745,83.4396,0.65,Idle
28800378,83.4396,0.396945,Idle
29067030,79.952,0.40536,Idle
29333701,79.952,0.554104,Idle
29600367,95.039,0.264766,Idle
29866975,95.039,0.547296,Idle
30117418,80.1734,0.65,Idle
30383679,80.1734,0.65,Idle
30650314,83.4451,0.65,Idle
30920756,81.4451,0.65,Idle
31183605,83.4451,0.471904,Idle
31450253,83.4451,0.402823,Idle
31716920,64.5049,0.490955,Idle
31983577,64.5049,0.59351,Idle
32250198,85.9973,0.65,Idle
32500225,85.9973,0.358772,Idle
32766891,88.4064,0.58214,Idle
33033722,88.4064,0.65,Idle
33300154,88.4064,0.65,Idle
33550216,88.4064,0.65,Idle
33800249,88.4064,0.469243,Idle
34066826,55.6546,0.337928,Idle
34316852,55.6546,0.304055,Idle
34567156,84.8285,0.562008,Idle
34833480,84.8285,0.470684,Idle
35100148,84.8285,0.49462,Idle
35366798,84.8285,0.244979,Idle
35633448,61.7306,0.552459,Idle
35900017,61.7306,0.65,Idle
36150107,61.7306,0.619706,Idle
36416751,61.7306,0.443653,Idle
36666755,61.7306,0.65,Idle
36933365,59.7306,0.308894,Idle
37201065,61.7306,0.65,Idle
37466705,61.7306,0.609979,Idle
37735697,66.3082,0.3,Idle
37999997,66.6734,0.3,Idle
38266612,67.0457,0.3,Idle
38516650,67.396,0.3,Idle
38783300,61.2297,0.65,Idle
39049961,61.2297,0.501223,Idle
39316577,61.2297,0.65,Idle
39567216,61.2297,0.45727,Idle
39833248,61.2297,0.312042,Idle
40099940,61.2297,0.525848,Idle
40366595,61.2297,0.505064,Idle
40616834,61.2297,0.501958,Idle
40868901,61.2297,0.285232,Idle
41135815,61.2297,0.274744,Idle
41407697,61.2297,0.305789,Idle
41668844,61.2297,0.65,Idle
41937557,71.2747,0.673904,Idle
42202016,71.433,0.720565,Idle
42469142,71.5643,0.762498,Idle
42735930,71.6658,0.798415,Idle
42999964,71.7364,0.827491,Idle
43249964,71.7751,0.848672,Idle
43516419,50.7644,0.578225,Idle
43766536,50.7644,0.599686,Idle
44033095,50.7644,0.324155,Idle
44283266,50.7644,0.345224,Idle
44549741,60.308,0.65,Idle
44816465,60.308,0.642902,Idle
45083166,60.308,0.33572,Idle
45349864,60.308,0.2917,Idle
45616675,62.6566,0.443577,Idle
45883609,62.6566,0.292671,Idle
46150563,81.8649,0.65,Idle
46416800,81.8649,0.65,Idle
46684262,81.8649,0.235135,Idle
46950469,81.8649,0.247768,Idle
47217759,81.8649,0.339715,Idle
47485044,81.8649,0.246251,Idle
47752230,81.8649,0.318621,Idle
48018015,81.8649,0.306008,Idle
48284972,81.8649,0.293616,Idle
48549609,81.8649,0.278557,Idle
48818611,81.8649,0.332538,Idle
49085491,81.8649,0.315241,Idle
49352017,81.8649,0.262856,Idle
49618156,81.8649,0.303128,Idle
49885840,81.8649,0.40861,Idle
50152957,81.8649,0.34375,Idle
50419564,81.8649,0.302352,Idle
50689051,81.8649,0.279987,Idle
50949515,81.8649,0.284797,Idle
51216185,81.8649,0.35323,Idle
51482815,81.8649,0.328277,Idle
51749515,81.8649,0.289345,Idle
52016153,81.8649,0.277287,Idle
52282764,81.8649,0.268613,Idle
52532782,81.8649,0.427898,Idle
52799418,81.8649,0.270816,Idle
53066085,81.8649,0.262081,Idle
53316098,81.8649,0.328409,Idle
53582748,81.8649,0.247608,Idle
53849374,81.8649,0.282191,Idle
54099457,81.8649,0.259736,Idle
54366668,81.8649,0.252254,Idle
54633148,81.8649,0.258747,Idle
54900058,81.8649,0.296521,Idle
55167174,62.347,0.596282,Idle
55434058,62.5314,0.59726,Idle
55700615,62.7454,0.595278,Idle
55967542,66.8727,0.37575,Idle
56236895,66.8727,0.65,Idle
56501263,66.8727,0.242569,Idle
56768114,66.8727,0.254334,Idle
57035065,66.8727,0.409329,Idle
57301826,66.8727,0.273572,Idle
57568209,66.8727,0.284087,Idle
57835537,66.8727,0.260558,Idle
58102691,66.8727,0.301199,Idle
58369402,66.8727,0.301375,Idle
58635908,66.8727,0.321644,Idle
58902688,66.8727,0.264286,Idle
59165835,66.8727,0.2664,Idle
59432512,66.8727,0.274845,Idle
59699177,66.8727,0.263165,Idle
59949179,66.8727,0.307806,Idle
60215814,69.0287,0.607797,Idle
60465817,69.3921,0.596797,Idle
60732451,89.0184,0.411557,Idle
60982459,89.0184,0.319621,Idle
61249102,89.0184,0.262237,Idle
61515744,89.0184,0.282672,Idle
61782410,89.0184,0.310241,Idle
62049309,89.0184,0.314245,Idle
62315946,51.8257,0.294731,Idle
62582660,51.8257,0.281647,Idle
62850481,51.8257,0.2477,Idle
63116711,51.8257,0.252023,Idle
63382893,51.8257,0.285074,Idle
63650080,51.8257,0.3006,Idle
63917253,51.8257,0.65,Idle
64184364,51.8257,0.347608,Idle
64450985,51.8257,0.310443,Idle
64717991,51.8257,0.250071,Idle
64984612,51.8257,0.238295,Idle
65252345,51.8257,0.235782,Idle
65518350,51.8257,0.270358,Idle
65785006,51.8257,0.265152,Idle
66051941,51.8257,0.258546,Idle
66318574,51.8257,0.257492,Idle
66585328,51.8257,0.26957,Idle
66852220,51.8257,0.255926,Idle
67118793,51.8257,0.251176,Idle
67382176,51.8257,0.295972,Idle
67648820,51.8257,0.347458,Idle
67915488,69.1233,0.333035,Idle
68182166,68.7178,0.3,Idle
68448779,68.3005,0.3,Idle
68715431,67.8741,0.3,Idle
68965445,60.7121,0.530401,Idle
69232100,60.7121,0.254305,Idle
69482109,60.7121,0.259069,Idle
69732204,60.7121,0.264294,Idle
69998927,60.7121,0.282697,Idle
70265978,60.7121,0.317556,Idle
70532507,60.7121,0.267219,Idle
70801405,60.7121,0.285189,Idle
71066138,60.7121,0.247307,Idle
71333223,60.7121,0.267548,Idle
71599366,60.7121,0.258378,Idle
71867215,60.7121,0.25776,Idle
72131996,60.7121,0.266815,Idle
72400767,60.7121,0.25956,Idle
72667271,60.7121,0.258965,Idle
72934459,58.7121,0.305373,Idle
73201115,61.9288,0.754657,Idle
73467916,61.7831,0.78872,Idle
73734594,61.6715,0.817763,Idle
74001184,61.5949,0.84107,Idle
74268029,61.5536,0.858043,Idle
74534963,61.5482,0.86816,Idle
74801804,61.5786,0.871051,Idle
75068382,61.6446,0.866511,Idle
75335221,61.7459,0.85447,Idle
75601781,61.8816,0.835045,Idle
75865181,62.0489,0.808835,Idle
76115183,62.2371,0.777864,Idle
76365187,62.4529,0.741415,Idle
76631832,62.7122,0.697138,Idle
76881874,62.9811,0.651251,Idle
77148483,63.2935,0.598532,Idle
77398496,63.6088,0.546415,Idle
77665112,63.9667,0.488998,Idle
77931770,64.3448,0.44097,Idle
78198422,64.7406,0.405813,Idle
78448462,65.1254,0.372487,Idle
78715073,65.5478,0.337374,Idle
78981733,65.98,0.303512,Idle
79248357,66.4191,0.3,Idle
79498375,66.8345,0.3,Idle
79749422,67.2528,0.3,Idle
80016336,67.696,0.3,Idle
80283288,68.1349,0.3,Idle
80549767,68.5657,0.3,Idle
80817152,68.9878,0.3,Idle
81083508,69.3954,0.3,Idle
81350596,69.7885,0.3,Idle
81617347,70.1629,0.3,Idle
81884133,70.5166,0.3,Idle
82151093,70.8475,0.3,Idle
82417804,71.1529,0.3,Idle
82687770,71.4344,0.3,Idle
82951231,55.8873,0.299504,Idle
83218065,55.8873,0.378508,Idle
83485055,55.8873,0.261042,Idle
83751486,55.8873,0.283977,Idle
84014867,60.485,0.285553,Idle
84281493,60.485,0.238993,Idle
84548372,60.485,0.240638,Idle
84814791,69.6185,0.54753,Idle
85064927,69.6185,0.245623,Idle
85331426,69.6185,0.260627,Idle
85581481,69.6185,0.245646,Idle
85831671,63.8056,0.273367,Idle
86098173,63.8056,0.288406,Idle
86364941,63.8056,0.25845,Idle
86631638,63.8056,0.267905,Idle
86898537,56.1509,0.65,Idle
87165328,56.1509,0.65,Idle
87432328,56.1509,0.65,Idle
87699133,56.1509,0.576198,Idle
87965866,56.1509,0.295064,Idle
88232707,56.1509,0.65,Idle
88499840,56.1509,0.65,Idle
88766866,56.1509,0.291023,Idle
89033509,56.1509,0.296035,Idle
89300117,56.1509,0.355698,Idle
89566827,56.1509,0.271726,Idle
89833764,56.1509,0.262163,Idle
90100609,66.7394,0.465509,Idle
90367255,66.2971,0.439272,Idle
90634147,65.8591,0.412445,Idle
90900887,65.4292,0.385454,Idle
91167569,60.136,0.65,Idle
91434640,60.136,0.65,Idle
91701187,60.136,0.317898,Idle
91968010,60.136,0.65,Idle
92231139,60.136,0.632001,Idle
92497822,51.4054,0.65,Idle
92764492,51.4054,0.334002,Idle
93031156,51.4054,0.352666,Idle
93297798,51.4054,0.271127,Idle
93547799,51.4054,0.412578,Idle
93814409,51.4054,0.65,Idle
94064436,51.4054,0.65,Idle
94314483,51.4054,0.326652,Idle
94581369,51.4054,0.260371,Idle
94847831,51.4054,0.335265,Idle
95114649,51.4054,0.242502,Idle
95381322,51.4054,0.313874,Idle
95648491,51.4054,0.251556,Idle
95914816,51.4054,0.292848,Idle
96182128,51.4054,0.215535,Idle
96449251,51.4054,0.280641,Idle
96715381,51.4054,0.37594,Idle
96982203,62.4116,0.641593,Idle
97249837,62.6658,0.670902,Idle
97516553,62.9473,0.695317,Idle
97783335,66.662,0.65,Idle
98050032,66.662,0.65,Idle
98316737,66.662,0.278963,Idle
98583692,72.2358,0.372767,Idle
98850495,72.2358,0.65,Idle
99114183,72.2358,0.307746,Idle
99364187,72.2358,0.25845,Idle
99614210,72.2358,0.226261,Idle
99864483,72.2358,0.233081,Idle
100117894,72.2358,0.243078,Idle
100384626,72.2358,0.22149,Idle
100647536,72.2358,0.21145,Idle
100914152,72.2358,0.236293,Idle
101164152,72.2358,0.213274,Idle
101430805,72.2358,0.220019,Idle
101697450,72.2358,0.24585,Idle
101947467,72.2358,0.243982,Idle
102214117,72.2358,0.25598,Idle
102464130,72.2358,0.243454,Idle
102730771,72.2358,0.234792,Idle
102997735,72.2358,0.239708,Idle
103264262,72.2358,0.251925,Idle
103531135,72.2358,0.310749,Idle
103797829,72.2358,0.407609,Idle
104064679,72.2358,0.210568,Idle
104331534,72.2358,0.234493,Idle
104598712,72.2358,0.308394,Idle
104865468,72.2358,0.242033,Idle
105132065,72.2358,0.257361,Idle
105398698,72.2358,0.307192,Idle
105665741,72.2358,0.262423,Idle
105932658,72.2358,0.242269,Idle
106199337,72.2358,0.385818,Idle
106466422,72.2358,0.28086,Idle
106733125,71.9072,0.550665,Idle
106999343,71.7257,0.574065,Idle
107266680,71.5127,0.593155,Idle
107530906,71.2733,0.607235,Idle
107798200,71.0036,0.616297,Idle
108065004,70.7085,0.619928,Idle
108333482,70.3876,0.618036,Idle
108600567,70.0467,0.610678,Idle
108863892,69.6915,0.598249,Idle
109130527,69.3151,0.580724,Idle
109397166,68.9243,0.558648,Idle
109663840,68.5216,0.532542,Idle
109930445,74.6692,0.298176,Idle
110180458,74.6692,0.239551,Idle
110430472,74.6692,0.242898,Idle
110697139,74.6692,0.315234,Idle
110963773,74.6692,0.261931,Idle
111214220,74.6692,0.299932,Idle
111480856,74.6692,0.344043,Idle
111747545,74.6692,0.260314,Idle
112014929,74.6692,0.308122,Idle
112281214,74.6692,0.293006,Idle
112549969,74.6692,0.241171,Idle
112814836,74.6692,0.255054,Idle
113081958,74.6692,0.244027,Idle
113349111,74.6692,0.269096,Idle
113615360,74.6692,0.255721,Idle
113882555,74.6692,0.249515,Idle
114149446,74.6692,0.342181,Idle
114416125,74.6692,0.234748,Idle
114682883,74.6692,0.246462,Idle
114949763,74.6692,0.292034,Idle
115216519,74.6692,0.277747,Idle
115483335,74.6692,0.258508,Idle
115749902,74.6692,0.229193,Idle
116016614,74.6692,0.299874,Idle
116283875,61.9698,0.695179,Idle
116550313,62.0528,0.716359,Idle
116816970,62.168,0.733903,Idle
117080195,62.3126,0.747072,Idle
117330203,62.4773,0.75532,Idle
117580205,62.6677,0.759073,Idle
117846842,62.8978,0.757832,Idle
118096852,63.1374,0.751575,Idle
118363548,63.4168,0.739388,Idle
118630167,63.7189,0.721557,Idle
118896798,64.0416,0.698249,Idle
119163474,64.3828,0.669759,Idle
119413652,64.7177,0.638704,Idle
119680080,65.0878,0.601538,Idle
119946707,65.4695,0.581975,Idle
120213406,65.8602,0.560167,Idle
120480066,66.2572,0.534299,Idle
120746675,66.6577,0.504992,Idle
120996730,67.0342,0.474997,Idle
121246778,67.4095,0.443218,Idle
121499228,67.7848,0.410003,Idle
121765610,68.1745,0.374505,Idle
122031671,68.5548,0.339417,Idle
122298857,68.9252,0.305392,Idle
122565289,69.2806,0.3,Idle
122832320,69.6207,0.3,Idle
123099117,69.9421,0.3,Idle
123365974,70.2431,0.3,Idle
123632333,70.5213,0.3,Idle
123899528,70.7761,0.3,Idle
124166198,71.0047,0.3,Idle
124432649,71.2061,0.3,Idle
124699837,71.3796,0.30544,Idle
124966591,71.5233,0.330569,Idle
125229866,71.6355,0.356352,Idle
125496527,71.7185,0.383089,Idle
125746542,71.7678,0.408385,Idle
126013147,71.7899,0.435235,Idle
126263177,71.7819,0.459963,Idle
126513184,71.7463,0.501454,Idle
126779847,71.6783,0.560332,Idle
127046493,71.5797,0.618556,Idle
127313137,71.4515,0.674955,Idle
127579804,71.2944,0.728387,Idle
127846455,71.1098,0.777747,Idle
128113115,70.8988,0.822015,Idle
128379864,70.6629,0.860274,Idle
128646579,70.4039,0.891692,Idle
128913547,70.1233,0.915616,Idle
129180164,69.8236,0.931469,Idle
129447127,69.5062,0.938925,Idle
129714036,69.1736,0.937762,Idle
129981222,68.8277,0.927947,Idle
130247990,68.4717,0.909668,Idle
130515139,68.1069,0.883203,Idle
130781974,67.7369,0.849114,Idle
131048830,67.3635,0.808028,Idle
131315357,66.9898,0.760807,Idle
131582170,66.6174,0.708271,Idle
131849139,66.2488,0.651467,Idle
132115575,65.8876,0.591672,Idle
132382376,65.5348,0.529872,Idle
132649563,65.1927,0.467281,Idle
132915973,64.865,0.405409,Idle
133183137,64.5519,0.346047,Idle
133449432,64.2573,0.320321,Idle
133712866,63.985,0.3,Idle
133979535,63.7302,0.3,Idle
134246162,63.4983,0.3,Idle
134512830,63.2904,0.3,Idle
134779465,63.1079,0.3,Idle
135046128,62.9519,0.3,Idle
135312745,62.8233,0.3,Idle
135562758,62.7282,0.3,Idle
135829392,62.6545,0.3,Idle
136079408,62.6118,0.3,Idle
136334015,62.5946,0.3,Idle
136596369,62.6046,0.3,Idle
136863200,62.6435,0.3,Idle
137130110,62.7109,0.3,Idle
137397131,62.8064,0.323995,Idle
137663836,62.9289,0.358729,Idle
137931188,63.078,0.394296,Idle
138198069,63.252,0.429699,Idle
138464646,63.4496,0.464113,Idle
138731453,63.6698,0.508609,Idle
138996032,63.9087,0.563703,Idle
139265233,64.1711,0.617372,Idle
139532274,64.4487,0.667204,Idle
139798844,64.7413,0.712626,Idle
140065785,65.0475,0.752955,Idle
140332417,65.3647,0.787378,Idle
140599300,65.6912,0.815392,Idle
140865827,50.9563,0.65,Idle
141133174,50.9563,0.366978,Idle
141399158,50.9563,0.41748,Idle
141666180,68.9468,0.441134,Idle
141929181,68.9468,0.573683,Idle
142195841,92.6699,0.380695,Idle
142462513,92.6699,0.382852,Idle
142729140,92.6699,0.25003,Idle
142995774,65.8282,0.65,Idle
143262445,65.8282,0.65,Idle
143512519,65.8282,0.354023,Idle
143779086,70.4123,0.65,Idle
144029115,70.4123,0.65,Idle
144279818,91.7064,0.427788,Idle
144545703,91.7064,0.65,Idle
144795770,91.7064,0.462095,Idle
145062407,72.7274,0.511113,Idle
145312470,72.7274,0.322547,Idle
145579044,72.7274,0.31278,Idle
145845697,74.1139,0.65,Idle
146095723,74.1139,0.562942,Idle
146347781,74.1139,0.507434,Idle
146614535,74.1139,0.65,Idle
146881519,74.1139,0.65,Idle
147147980,74.1139,0.311224,Idle
147415015,74.1139,0.65,Idle
147681874,74.1139,0.65,Idle
147948556,70.6514,0.3,Idle
148215460,70.5183,0.322112,Idle
148481810,70.3631,0.356734,Idle
148748672,70.1864,0.392216,Idle
149015540,60.3649,0.65,Idle
149282432,60.3649,0.238957,Idle
149549095,60.3649,0.65,Idle
149815917,80.5012,0.65,Idle
150078932,80.5012,0.324021,Idle
150345519,80.5012,0.263045,Idle
150612216,80.5012,0.323401,Idle
150878800,55.8719,0.65,Idle
151128851,55.8719,0.65,Idle
151395446,55.8719,0.521986,Idle
151645464,55.8719,0.532071,Idle
151895537,63.7334,0.65,Idle
152162297,63.7334,0.65,Idle
152429593,63.7334,0.65,Idle
152696286,63.7334,0.242343,Idle
152963036,62.8239,0.301817,Idle
153228655,62.8239,0.65,Idle
153478694,62.8239,0.468342,Idle
153745416,62.8239,0.329826,Idle
154011989,62.8239,0.286152,Idle
154262062,62.8239,0.228956,Idle
154528739,62.8239,0.299794,Idle
154795359,62.8239,0.388389,Idle
155062012,64.1214,0.53846,Idle
155328644,63.9761,0.558693,Idle
155578686,63.8592,0.575599,Idle
155831293,63.7606,0.590423,Idle
156098300,63.6781,0.603416,Idle
156364977,63.6185,0.613465,Idle
156631565,63.5818,0.620442,Idle
156898651,63.5681,0.624254,Idle
157165400,63.5774,0.624832,Idle
157432117,63.6094,0.622175,Idle
157698944,63.6637,0.616319,Idle
157965480,63.7397,0.607358,Idle
158228559,63.8353,0.595592,Idle
158478563,63.9444,0.58187,Idle
158745248,64.0795,0.564703,Idle
159011851,64.2329,0.562624,Idle
159261869,64.3923,0.574707,Idle
159528527,64.5777,0.586774,Idle
159795178,64.7775,0.597495,Idle
160045234,64.9769,0.605889,Idle
160311917,65.2007,0.612636,Idle
160578626,65.4346,0.616703,Idle
160845449,65.6769,0.617735,Idle
161112297,65.9259,0.61545,Idle
161379307,66.18,0.609645,Idle
161646051,66.437,0.604941,Idle
161912926,66.6955,0.614991,Idle
162179560,66.9535,0.619659,Idle
162446362,67.2095,0.618844,Idle
162713563,67.4622,0.612546,Idle
162980292,67.7089,0.600938,Idle
163246962,67.9485,0.584297,Idle
163513901,68.1796,0.562993,Idle
163780797,68.4007,0.537555,Idle
164047455,68.61,0.508616,Idle
164314058,68.8065,0.476851,Idle
164581008,68.9892,0.442969,Idle
164847845,69.1567,0.407835,Idle
165114377,69.3079,0.372315,Idle
165381360,69.4424,0.337158,Idle
165648370,69.5592,0.303263,Idle
165915097,69.6574,0.3,Idle
166181600,69.7368,0.3,Idle
166448401,69.7971,0.3,Idle
166711554,69.8375,0.316956,Idle
166961562,69.8584,0.340957,Idle
167228194,69.8618,0.36737,Idle
167494901,69.846,0.394259,Idle
167761560,69.8112,0.421226,Idle
168028180,69.7579,0.447884,Idle
168294818,69.6866,0.473855,Idle
168544832,69.6041,0.497249,Idle
168794845,69.507,0.519413,Idle
169061876,69.388,0.541412,Idle
169328580,69.2544,0.561348,Idle
169594940,69.1073,0.578942,Idle
169862139,68.9471,0.613645,Idle
170129120,68.7758,0.660518,Idle
170395947,68.5945,0.705248,Idle
170662493,68.4047,0.746839,Idle
170929585,68.2072,0.784479,Idle
171196256,68.0042,0.817158,Idle
171463145,67.7965,0.844176,Idle
171730108,67.5859,0.86483,Idle
171997121,67.3738,0.878556,Idle
172263872,67.162,0.884926,Idle
172530752,66.9514,0.883681,Idle
172797176,66.7442,0.87472,Idle
173063909,66.541,0.858069,Idle
173330680,66.3433,0.833934,Idle
173597914,66.1523,0.802621,Idle
173864874,65.9697,0.764732,Idle
174130990,65.7969,0.72105,Idle
174397487,65.6342,0.672184,Idle
174664760,65.4825,0.618944,Idle
174927935,65.3452,0.56337,Idle
175177962,65.2265,0.508633,Idle
175444509,65.1133,0.449281,Idle
175694593,65.0202,0.406017,Idle
175944829,64.94,0.372665,Idle
176211183,64.8695,0.337581,Idle
176478978,64.8142,0.303568,Idle
176745545,64.7748,0.3,Idle
177012431,64.7512,0.3,Idle
177278098,64.7433,0.3,Idle
177544920,64.751,0.3,Idle
177811005,64.7739,0.3,Idle
178061034,64.8091,0.3,Idle
178327683,64.8606,0.3,Idle
178577692,64.9216,0.3,Idle
178827730,64.9944,0.3,Idle
179079219,65.0788,0.3,Idle
179346028,65.18,0.3,Idle
179612867,65.2922,0.3,Idle
179879786,65.4146,0.3,Idle
180146501,65.5461,0.3,Idle
180413553,65.6857,0.3,Idle
180678892,65.8315,0.334963,Idle
180946741,65.9844,0.395376,Idle
181213518,66.1414,0.457273,Idle
181480491,66.302,0.51971,Idle
181747396,66.4649,0.581388,Idle
182013092,66.6282,0.64084,Idle
182280968,66.7927,0.697635,Idle
182547862,66.9554,0.749974,Idle
182814422,67.1156,0.796999,Idle
183077574,67.2703,0.837399,Idle
183327830,67.4133,0.869584,Idle
183594196,67.5603,0.896567,Idle
183844233,67.6924,0.91465,Idle
184094253,67.8181,0.925446,Idle
184360921,67.9443,0.928784,Idle
184627522,68.0616,0.923695,Idle
184877532,68.163,0.911426,Idle
185144156,68.2612,0.89067,Idle
185394184,68.3436,0.864442,Idle
185660812,68.4207,0.829864,Idle
185927474,68.4863,0.789211,Idle
186177477,68.5371,0.746367,Idle
186428455,68.5775,0.699577,Idle
186695168,68.6087,0.646678,Idle
186961789,68.6278,0.591604,Idle
187228666,68.6349,0.535411,Idle
187495252,68.6301,0.497895,Idle
187762332,68.6136,0.4729,Idle
188029517,68.5857,0.446842,Idle
188296204,68.547,0.420158,Idle
188562001,68.498,0.393274,Idle
188829707,68.4388,0.366295,Idle
189096601,68.3704,0.339884,Idle
189363488,68.2934,0.314339,Idle
189630222,68.2086,0.3,Idle
189896955,68.1167,0.3,Idle
190163907,68.0184,0.3,Idle
190430164,67.915,0.3,Idle
190696914,67.8069,0.3,Idle
190964186,67.6949,0.3,Idle
191230756,67.5805,0.3,Idle
191493925,67.4659,0.315283,Idle
191760551,67.3488,0.34968,Idle
192010574,67.239,0.382825,Idle
192277167,67.1228,0.418315,Idle
192527208,67.0154,0.451003,Idle
192793861,66.9033,0.484436,Idle
193060494,66.7946,0.515612,Idle
193310691,66.6963,0.542153,Idle
193560818,66.6024,0.56549,Idle
193827143,66.5076,0.586274,Idle
194077208,66.4241,0.601543,Idle
194343802,66.3416,0.612922,Idle
194610504,66.2662,0.633469,Idle
194877168,66.1984,0.659591,Idle
195127657,66.1419,0.679928,Idle
195394101,66.09,0.696841,Idle
195644309,66.0489,0.708163,Idle
195911469,66.0135,0.715347,Idle
196179052,65.9869,0.717548,Idle
196446076,65.9692,0.714956,Idle
196712591,65.9604,0.707902,Idle
196979016,65.9602,0.696782,Idle
197246098,65.9685,0.682028,Idle
197512936,65.985,0.664223,Idle
197779710,66.0095,0.643955,Idle
198046665,66.0416,0.621832,Idle
198313288,66.0807,0.615319,Idle
198579922,66.1265,0.621586,Idle
198846766,66.1785,0.624668,Idle
199113682,66.236,0.624514,Idle
199380347,66.2983,0.621129,Idle
199643568,66.3641,0.614669,Idle
199910217,66.4343,0.605057,Idle
200176874,66.5075,0.592497,Idle
200443550,66.5829,0.577166,Idle
200710213,66.6598,0.559289,Idle
200976834,66.7375,0.539123,Idle
201243504,66.8153,0.516954,Idle
201510171,66.8925,0.493102,Idle
201776815,66.9684,0.467914,Idle
202043457,67.0423,0.441749,Idle
202293475,67.1093,0.42773,Idle
202543489,67.1735,0.434479,Idle
202793762,67.2345,0.442329,Idle
203060846,67.2955,0.451491,Idle
203327159,67.3517,0.460974,Idle
203595081,67.4031,0.480545,Idle
203860026,67.4484,0.51184,Idle
204110034,67.4859,0.53875,Idle
204376692,67.5199,0.563997,Idle
204626875,67.5461,0.583919,Idle
204893333,67.5677,0.600645,Idle
205143354,67.582,0.611779,Idle
205395745,67.5905,0.618297,Idle
205662532,67.5931,0.619875,Idle
205929452,67.5892,0.615957,Idle
206193954,67.5789,0.606743,Idle
206461712,67.5623,0.592231,Idle
206729732,67.5396,0.572831,Idle
206996648,67.5114,0.549127,Idle
207261971,67.4781,0.521792,Idle
207530168,67.4395,0.490997,Idle
207793263,67.3972,0.458414,Idle
208059934,67.3504,0.423768,Idle
208326581,67.3002,0.38832,Idle
208593217,67.2471,0.369283,Idle
208859855,67.1917,0.360365,Idle
209126526,67.1345,0.368415,Idle
209393176,67.0762,0.395309,Idle
209659842,67.0174,0.422272,Idle
209926446,66.9587,0.448909,Idle
210176459,66.9044,0.473256,Idle
210426462,66.8512,0.496676,Idle
210677218,66.7995,0.518938,Idle
210943837,66.7468,0.540944,Idle
211210718,66.6972,0.560941,Idle
211477414,66.651,0.578608,Idle
211743883,66.609,0.593695,Idle
212010867,66.5713,0.60602,Idle
212277963,66.5385,0.615379,Idle
212544839,66.511,0.621626,Idle
212811744,66.4892,0.624681,Idle
213078058,66.4732,0.629525,Idle
213345130,66.4633,0.660104,Idle
213612672,66.4597,0.688762,Idle
213878805,66.4624,0.714564,Idle
214145706,66.4715,0.737022,Idle
214412682,66.487,0.755404,Idle
214679416,66.5088,0.769106,Idle
214946109,66.5367,0.777649,Idle
215212747,66.5706,0.780638,Idle
215479607,66.6102,0.77779,Idle
215746380,66.6551,0.768945,Idle
216013673,66.7052,0.754038,Idle
216276257,66.7589,0.733606,Idle
216542895,66.8175,0.707228,Idle
216809561,66.8798,0.675544,Idle
217076261,66.9451,0.639053,Idle
217342864,67.0129,0.598398,Idle
217609488,67.0826,0.568986,Idle
217859491,67.1491,0.546237,Idle
218109529,67.2161,0.520204,Idle
218359662,67.2832,0.491426,Idle
218626144,67.354,0.458439,Idle
218876309,67.4193,0.425971,Idle
219126438,67.4828,0.392752,Idle
219392827,67.548,0.357327,Idle
219659384,67.6099,0.322658,Idle
219909404,67.6645,0.3,Idle
220159543,67.7151,0.3,Idle
220427582,67.7645,0.3,Idle
220692962,67.8078,0.3,Idle
220961155,67.8454,0.3,Idle
221228162,67.8763,0.3,Idle
221495014,67.9002,0.3,Idle
221761515,67.9167,0.3,Idle
222028502,67.9256,0.3,Idle
222295369,67.9265,0.3,Idle
222561693,67.9194,0.316918,Idle
222828319,67.9041,0.342544,Idle
223095839,67.8804,0.369085,Idle
223359991,67.849,0.395732,Idle
223629321,67.8087,0.422962,Idle
223896820,67.7606,0.452925,Idle
224162681,67.7051,0.512507,Idle
224425928,67.6429,0.571683,Idle
224692580,67.5729,0.630625,Idle
224959231,67.4963,0.687382,Idle
225209604,67.4187,0.737658,Idle
225475865,67.3308,0.786887,Idle
225725903,67.2436,0.828257,Idle
225975956,67.1526,0.864152,Idle
226242496,67.052,0.895645,Idle
226492506,66.9549,0.918258,Idle
226759159,66.8491,0.934498,Idle
227025765,66.7419,0.942258,Idle
227275779,66.6407,0.941666,Idle
227525803,66.5397,0.933443,Idle
227792457,66.4329,0.916407,Idle
228059118,66.328,0.891154,Idle
228325784,66.2257,0.858171,Idle
228592420,66.1271,0.81811,Idle
228859063,66.0328,0.771757,Idle
229125700,65.9438,0.720031,Idle
229375704,65.8659,0.667565,Idle
229642347,65.7893,0.608429,Idle
229892898,65.7242,0.550901,Idle
230159279,65.6628,0.488806,Idle
230425704,65.6102,0.426945,Idle
230692331,65.5668,0.368828,Idle
230959018,65.5334,0.342374,Idle
231225621,65.5102,0.316758,Idle
231492269,65.4977,0.3,Idle
231758932,65.4962,0.3,Idle
232025579,65.5058,0.3,Idle
232275591,65.5251,0.3,Idle
232525843,65.5544,0.3,Idle
232792217,65.5966,0.3,Idle
233042810,65.6465,0.3,Idle
233308882,65.7102,0.3,Idle
233575899,65.7849,0.3,Idle
233842165,65.8696,0.3,Idle
234108828,65.9645,0.3,Idle
234375474,66.0688,0.3,Idle
234625503,66.1745,0.3,Idle
234875565,66.2874,0.321536,Idle
235142146,66.415,0.356168,Idle
235408780,66.5493,0.391614,Idle
235675426,66.6892,0.427022,Idle
235925426,66.8249,0.459434,Idle
236175444,66.9639,0.49039,Idle
236442110,67.1151,0.530311,Idle
236692111,67.2585,0.579931,Idle
236958715,67.4122,0.630131,Idle
237208719,67.5562,0.673831,Idle
237475396,67.7085,0.716032,Idle
237725418,67.8491,0.750805,Idle
237991993,67.9956,0.782172,Idle
238242007,68.1288,0.805804,Idle
238508668,68.2654,0.824495,Idle
238758883,68.3876,0.835729,Idle
239025336,68.5101,0.840915,Idle
239275352,68.6173,0.83949,Idle
239541986,68.7222,0.83146,Idle
239794953,68.8122,0.817939,Idle
240058895,68.8951,0.798148,Idle
240325302,68.967,0.772851,Idle
240591964,69.0261,0.742855,Idle
240858603,69.0719,0.708947,Idle
241108675,69.1023,0.67432,Idle
241375257,69.1209,0.635218,Idle
241641903,69.125,0.611056,Idle
241908545,69.1142,0.600204,Idle
242158768,69.0904,0.587399,Idle
242425276,69.0506,0.571154,Idle
242691854,68.9959,0.552446,Idle
242958522,68.9265,0.531539,Idle
243225150,68.8426,0.508744,Idle
243475154,68.7512,0.485943,Idle
243741799,68.6406,0.460434,Idle
244008438,68.517,0.434056,Idle
244258940,68.3897,0.408822,Idle
244525051,68.2434,0.3819,Idle
244775085,68.0962,0.356834,Idle
245025111,67.9404,0.332314,Idle
245291732,67.7659,0.307118,Idle
245541740,67.5952,0.300634,Idle
245808390,67.4069,0.334347,Idle
246075162,67.2131,0.369404,Idle
246325533,67.0275,0.402769,Idle
246591755,66.8276,0.437936,Idle
246858340,66.6259,0.472007,Idle
247124992,66.4242,0.504129,Idle
247391676,66.2238,0.533531,Idle
247658359,66.0263,0.559505,Idle
247925027,65.8329,0.58143,Idle
248191625,65.6452,0.598782,Idle
248441626,65.4754,0.610533,Idle
248691660,65.3129,0.617656,Idle
248958265,65.1487,0.619984,Idle
249224909,64.9952,0.616824,Idle
249491554,64.8536,0.608249,Idle
249758239,64.725,0.594462,Idle
250024928,64.6104,0.575792,Idle
250291580,64.5108,0.55269,Idle
250558213,64.427,0.54937,Idle
250824865,64.3598,0.545031,Idle
251074870,64.3124,0.539326,Idle
251341539,64.2791,0.531874,Idle
251608112,64.264,0.523439,Idle
251858306,64.2666,0.515033,Idle
252124808,64.2874,0.505998,Idle
252391451,64.3269,0.503664,Idle
252658107,64.385,0.526824,Idle
252908134,64.4563,0.546889,Idle
253174764,64.5498,0.566233,Idle
253441435,64.661,0.58319,Idle
253708034,64.7892,0.597508,Idle
253974789,64.9339,0.608993,Idle
254224828,65.0837,0.61703,Idle
254491392,65.2576,0.622573,Idle
254741407,65.4331,0.624866,Idle
255008023,65.6323,0.624179,Idle
255274663,65.843,0.620267,Idle
255541281,66.0635,0.613189,Idle
255791330,66.2782,0.603764,Idle
256041368,66.4993,0.591761,Idle
256307910,66.7404,0.5763,Idle
256557944,66.9704,0.583094,Idle
256808678,67.2034,0.596823,Idle
257074581,67.4515,0.610199,Idle
257324581,67.6842,0.621202,Idle
257574615,67.915,0.630257,Idle
257841417,68.1576,0.637335,Idle
258091541,68.3801,0.641186,Idle
258357894,68.6101,0.64199,Idle
258607896,68.8182,0.639412,Idle
258857901,69.0173,0.633446,Idle
259124527,69.2184,0.623259,Idle
259391186,69.4065,0.614439,Idle
259657832,69.5801,0.619504,Idle
259924551,69.7379,0.61909,Idle
260174669,69.8705,0.613728,Idle
260424784,69.9873,0.603667,Idle
260691148,70.0932,0.588023,Idle
260957808,70.1795,0.567637,Idle
261224421,70.2451,0.543016,Idle
261491095,70.2895,0.514735,Idle
261757751,70.3122,0.483479,Idle
262024443,70.3128,0.449987,Idle
262291031,70.2912,0.415076,Idle
262557702,70.2474,0.379555,Idle
262824372,70.1813,0.344284,Idle
263091040,70.0934,0.310105,Idle
263357660,69.984,0.3,Idle
263624298,69.8537,0.3,Idle
263890963,69.7032,0.3,Idle
264140966,69.5444,0.3,Idle
264390975,69.3695,0.311432,Idle
264641302,69.179,0.335244,Idle
264907616,68.9607,0.36147,Idle
265157625,68.7422,0.3866,Idle
265424293,68.4961,0.413584,Idle
265690873,68.2382,0.440364,Idle
265940903,67.9868,0.464961,Idle
266190917,67.7278,0.488735,Idle
266440918,67.4627,0.511386,Idle
266707557,67.1748,0.533986,Idle
266974293,66.8835,0.554666,Idle
267224497,66.6088,0.574726,Idle
267491281,66.3164,0.62469,Idle
267757665,66.0268,0.673152,Idle
268024126,65.7414,0.719172,Idle
268274155,65.4793,0.759233,Idle
268524175,65.2243,0.79547,Idle
268790802,64.9619,0.829087,Idle
269040834,64.7265,0.855212,Idle
269290880,64.5028,0.875536,Idle
269557440,64.2788,0.890294,Idle
269807443,64.0837,0.897284,Idle
270057453,63.9044,0.897408,Idle
270324066,63.7319,0.889853,Idle
270574195,63.5888,0.875579,Idle
270840714,63.4572,0.852892,Idle
271090717,63.3544,0.824899,Idle
271357508,63.2676,0.788335,Idle
271624008,63.2051,0.745546,Idle
271874377,63.1689,0.700339,Idle
272140685,63.155,0.647779,Idle
272407290,63.1664,0.591524,Idle
272657309,63.2005,0.536428,Idle
272923978,63.2615,0.476254,Idle
273190627,63.3478,0.415795,Idle
273457286,63.459,0.370703,Idle
273723917,63.5944,0.335631,Idle
273974012,63.7428,0.303898,Idle
274240491,63.9229,0.3,Idle
274490583,64.1116,0.3,Idle
274757224,64.3326,0.3,Idle
275007234,64.5572,0.3,Idle
275257430,64.7976,0.3,Idle
275523859,65.0692,0.3,Idle
275790464,65.3555,0.3,Idle
276040513,65.6357,0.3,Idle
276307141,65.9448,0.3,Idle
276557142,66.2429,0.3,Idle
276823795,66.5674,0.3,Idle
277090435,66.8968,0.3,Idle
277357049,67.2287,0.3,Idle
277607065,67.5405,0.3,Idle
277873710,67.8713,0.3,Idle
278123722,68.1781,0.310905,Idle
278373750,68.4797,0.356255,Idle
278624724,68.7754,0.413361,Idle
278890395,69.0787,0.47498,Idle
279140407,69.3532,0.533,Idle
279407043,69.6325,0.593755,Idle
279673666,69.8958,0.652178,Idle
279923704,70.1267,0.703836,Idle
280173710,70.3405,0.751558,Idle
280423779,70.5361,0.794556,Idle
280690334,70.7229,0.834371,Idle
280940470,70.8767,0.865445,Idle
281210587,71.0182,0.891583,Idle
281473637,71.1305,0.909211,Idle
281723642,71.2132,0.91856,Idle
281990287,71.2747,0.920474,Idle
282240427,71.307,0.914756,Idle
282506912,71.3139,0.900867,Idle
282773557,71.2923,0.879288,Idle
283023573,71.2462,0.852541,Idle
283290242,71.1694,0.817694,Idle
283540344,71.072,0.779768,Idle
283790391,70.9505,0.737525,Idle
284056829,70.795,0.688656,Idle
284306864,70.6256,0.640079,Idle
284573509,70.4209,0.586403,Idle
284840194,70.1924,0.53205,Idle
285106828,69.9417,0.509295,Idle
285373428,69.6704,0.484971,Idle
285623954,69.3982,0.460994,Idle
285890148,69.0922,0.434676,Idle
286158796,68.768,0.407613,Idle
286423446,68.4355,0.380842,Idle
286690037,68.0895,0.354149,Idle
286940063,67.757,0.329708,Idle
287206737,67.3959,0.304625,Idle
287473405,67.0305,0.3,Idle
287740030,66.6634,0.3,Idle
288006664,66.2967,0.3,Idle
288256757,65.9555,0.3,Idle
288523490,65.5968,0.3,Idle
288789973,65.2461,0.3,Idle
289040023,64.926,0.321418,Idle
289306611,64.5967,0.356046,Idle
289556648,64.3009,0.389276,Idle
289823269,64.0015,0.42471,Idle
290073285,63.7375,0.457201,Idle
290339934,63.4757,0.490282,Idle
290606573,63.2361,0.520968,Idle
290856578,63.0331,0.546914,Idle
291123220,62.8411,0.570944,Idle
291373233,62.6852,0.589561,Idle
291639929,62.546,0.604796,Idle
291906535,62.4356,0.614899,Idle
292173164,62.3549,0.619635,Idle
292423187,62.3067,0.640582,Idle
292689881,62.2852,0.660519,Idle
292939888,62.2933,0.675059,Idle
293189915,62.3287,0.685483,Idle
293456503,62.3964,0.692056,Idle
293723097,62.4947,0.694038,Idle
293973144,62.6143,0.691907,Idle
294223144,62.7598,0.686166,Idle
294489791,62.9426,0.676421,Idle
294739798,63.139,0.664285,Idle
295006380,63.3737,0.648636,Idle
295256414,63.6165,0.631907,Idle
295506438,63.8797,0.613692,Idle
295773453,64.1817,0.605479,Idle
296041503,64.5048,0.615016,Idle
296306355,64.8415,0.621372,Idle
296573005,65.1959,0.624597,Idle
296823028,65.5401,0.624688,Idle
297089622,65.9178,0.621655,Idle
297339874,66.28,0.615908,Idle
297606327,66.6714,0.606784,Idle
297856539,67.0423,0.59551,Idle
298109512,67.4182,0.581595,Idle
298376346,67.8133,0.564374,Idle
298639616,68.1992,0.545062,Idle
298906242,68.5834,0.523432,Idle
299156337,68.9355,0.501525,Idle
299422889,69.2996,0.476768,Idle
299672913,69.6284,0.452537,Idle
299923787,69.9441,0.455456,Idle
300189614,70.2608,0.463357,Idle
300439822,70.5404,0.471384,Idle
300706190,70.8163,0.480126,Idle
300956930,71.0539,0.488135,Idle
301222972,71.281,0.496237,Idle
301489474,71.4809,0.526376,Idle
301756132,71.6521,0.553279,Idle
302006151,71.7853,0.574973,Idle
302256824,71.8913,0.592825,Idle
302523762,71.9733,0.607123,Idle
302790586,72.0226,0.616224,Idle
303057209,72.039,0.619917,Idle
303323092,72.0224,0.618136,Idle
303591419,71.9721,0.610849,Idle
303856264,71.8899,0.59842,Idle
304106286,71.783,0.582177,Idle
304372695,71.6382,0.560439,Idle
304622695,71.4743,0.536336,Idle
304889299,71.2705,0.507261,Idle
305155977,71.0379,0.475379,Idle
305405998,70.7952,0.443622,Idle
305656025,70.5299,0.410738,Idle
305922665,70.2237,0.375206,Idle
306189272,69.8956,0.343199,Idle
306439295,69.5698,0.334695,Idle
306705964,69.205,0.35257,Idle
306972595,68.8249,0.379238,Idle
307239265,68.4318,0.406208,Idle
307489279,68.0537,0.431419,Idle
307739388,67.6685,0.456243,Idle
307992705,67.2735,0.480658,Idle
308256185,66.86,0.504938,Idle
308506189,66.4676,0.526619,Idle
308772704,66.0517,0.547962,Idle
309023063,65.6658,0.56608,Idle
309273693,65.2864,0.582109,Idle
309539557,64.8939,0.596579,Idle
309806083,64.5134,0.608264,Idle
310073755,64.1468,0.616987,Idle
310339924,63.8003,0.622543,Idle
310606145,63.4739,0.633714,Idle
310872723,63.1695,0.666962,Idle
311122781,62.9062,0.696259,Idle
311372851,62.6661,0.723065,Idle
311639368,62.4372,0.748198,Idle
311889496,62.2493,0.767954,Idle
312140876,62.0878,0.78354,Idle
312407849,61.9473,0.794903,Idle
312673254,61.8404,0.800471,Idle
312939332,61.7668,0.8,Idle
313189460,61.7286,0.793852,Idle
313455852,61.7215,0.781158,Idle
313706006,61.7463,0.763523,Idle
313972663,61.8063,0.738821,Idle
314238972,61.9004,0.708401,Idle
314505616,62.0283,0.672657,Idle
314772372,62.1892,0.632204,Idle
315039292,62.3821,0.587742,Idle
315289807,62.5912,0.552713,Idle
315543105,62.829,0.527164,Idle
315806259,63.1026,0.4975,Idle
316056368,63.3863,0.466978,Idle
316322851,63.7119,0.432695,Idle
316589056,64.0594,0.397431,Idle
316855540,64.427,0.361953,Idle
317122152,64.8123,0.327128,Idle
317372197,65.1874,0.3,Idle
317638805,65.5993,0.3,Idle
317905431,66.0212,0.3,Idle
318155458,66.4233,0.3,Idle
318405492,66.8293,0.3,Idle
318672128,67.2639,0.3,Idle
318922543,67.6711,0.3,Idle
319188758,68.1003,0.3,Idle
319455413,68.5235,0.3,Idle
319722058,68.9374,0.3,Idle
319972095,69.3145,0.3,Idle
320238761,69.7023,0.311176,Idle
320505395,70.0729,0.336559,Idle
320755424,70.4026,0.361198,Idle
321022078,70.7329,0.388007,Idle
321272144,71.0209,0.413313,Idle
321538753,71.3026,0.461453,Idle
321805337,71.5563,0.522286,Idle
322055373,71.7675,0.579237,Idle
322322004,71.9625,0.638708,Idle
322572198,72.1161,0.69229,Idle
322826089,72.2419,0.743468,Idle
323088655,72.3392,0.792013,Idle
323338943,72.4005,0.833275,Idle
323605501,72.4315,0.870992,Idle
323855588,72.4281,0.899865,Idle
324122232,72.39,0.923101,Idle
324388570,72.3166,0.938067,Idle
324639262,72.2156,0.944342,Idle
324905474,72.0751,0.942575,Idle
325171879,71.9011,0.932141,Idle
325438527,71.6946,0.91322,Idle
325688533,71.4728,0.888107,Idle
325938540,71.225,0.856307,Idle
326205384,70.9334,0.815622,Idle
326471844,70.6162,0.768849,Idle
326721844,70.2968,0.720212,Idle
326988926,69.9343,0.66416,Idle
327255578,69.5528,0.605079,Idle
327506044,69.1789,0.547799,Idle
327771724,68.7683,0.486295,Idle
328021759,68.371,0.428776,Idle
328288449,67.9384,0.383153,Idle
328538821,67.5262,0.358034,Idle
328805165,67.0843,0.331904,Idle
329055301,66.6684,0.308248,Idle
329321680,66.2274,0.3,Idle
329588328,65.7908,0.3,Idle
329839584,65.3864,0.3,Idle
330105161,64.969,0.3,Idle
330371650,64.5633,0.3,Idle
330638293,64.1731,0.3,Idle
330904958,63.8013,0.3,Idle
331171600,63.4503,0.3,Idle
331421616,63.1423,0.3,Idle
331671913,62.856,0.3,Idle
331938265,62.5777,0.3,Idle
332204916,62.3279,0.300456,Idle
332455010,62.1215,0.332019,Idle
332721554,61.9324,0.366983,Idle
332971582,61.7852,0.400294,Idle
333238491,61.6612,0.435599,Idle
333505190,61.5724,0.469787,Idle
333755338,61.5214,0.500137,Idle
334021729,61.502,0.529898,Idle
334288194,61.5185,0.57565,Idle
334554785,61.571,0.623846,Idle
334805081,61.6527,0.665731,Idle
335071777,61.7739,0.706,Idle
335338164,61.9291,0.741043,Idle
335604810,62.1177,0.770356,Idle
335855138,62.324,0.792226,Idle
336121465,62.5732,0.809193,Idle
336388115,62.8517,0.81951,Idle
336654760,63.1574,0.823128,Idle
336921425,63.4883,0.820166,Idle
337188068,63.8423,0.810882,Idle
337454723,64.2169,0.79566,Idle
337721385,64.6098,0.775001,Idle
337988028,65.0183,0.749513,Idle
338238182,65.4133,0.721825,Idle
338504641,65.8441,0.689031,Idle
338754804,66.2553,0.655849,Idle
339004957,66.6708,0.621161,Idle
339271311,67.1151,0.614626,Idle
339524993,67.5375,0.605536,Idle
339787950,67.9719,0.593292,Idle
340054620,68.4059,0.578115,Idle
340321241,68.8304,0.56038,Idle
340571267,69.2176,0.541648,Idle
340821379,69.5919,0.521118,Idle
341087969,69.9742,0.497554,Idle
341354573,70.3369,0.472587,Idle
341604903,70.6574,0.448186,Idle
341871218,70.975,0.421565,Idle
342121233,71.2493,0.396284,Idle
342387865,71.5147,0.369383,Idle
342654820,71.7507,0.34289,Idle
342921167,71.9548,0.317278,Idle
343187828,72.1265,0.319182,Idle
343438031,72.257,0.351571,Idle
343688425,72.3571,0.384792,Idle
343939163,72.4263,0.41817,Idle
344205143,72.4651,0.45291,Idle
344471102,72.4683,0.486154,Idle
344737767,72.4356,0.517193,Idle
345004436,72.3673,0.545195,Idle
345254944,72.2711,0.568137,Idle
345521272,72.1354,0.5884,Idle
345787777,71.9661,0.603948,Idle
346054381,71.7643,0.614397,Idle
346321022,71.5313,0.619491,Idle
346571117,71.286,0.619291,Idle
346837675,70.9975,0.613778,Idle
347104314,70.683,0.602923,Idle
347370994,70.3445,0.586983,Idle
347637633,69.9845,0.566343,Idle
347904285,69.6052,0.541492,Idle
348154333,69.2343,0.525166,Idle
348420982,68.825,0.519269,Idle
348687621,68.4041,0.512062,Idle
348937621,68.0015,0.50449,Idle
349204270,67.5662,0.495968,Idle
349470915,67.1276,0.487437,Idle
349737566,66.6888,0.479354,Idle
350004208,66.2524,0.49221,Idle
350270878,65.8214,0.516117,Idle
350520881,65.4248,0.537019,Idle
350787518,65.0124,0.557396,Idle
351037550,64.6378,0.574453,Idle
351304132,64.2541,0.590205,Idle
351554175,63.9109,0.602498,Idle
351820814,63.5651,0.612782,Idle
352089296,63.2401,0.620045,Idle
352354252,62.9443,0.624069,Idle
352620781,62.6737,0.624906,Idle
352870932,62.4458,0.622752,Idle
353121163,62.2444,0.617776,Idle
353387374,62.0607,0.609456,Idle
353637453,61.9177,0.598902,Idle
353887457,61.8044,0.58831,Idle
354156153,61.7161,0.605728,Idle
354420709,61.6637,0.621732,Idle
354687376,61.6459,0.636151,Idle
354954033,61.6632,0.648307,Idle
355220709,61.7155,0.657693,Idle
355487368,61.8025,0.663851,Idle
355737442,61.9149,0.666345,Idle
355987530,62.0564,0.665397,Idle
356253982,62.2384,0.660385,Idle
356503986,62.4373,0.651811,Idle
356770634,62.678,0.638502,Idle
357037278,62.9466,0.620965,Idle
357303935,63.2414,0.619952,Idle
357570599,63.5604,0.616486,Idle
357821046,63.88,0.608303,Idle
358087459,64.2392,0.594557,Idle
358353843,64.6157,0.575939,Idle
358603863,64.9828,0.554425,Idle
358853968,65.3609,0.52945,Idle
359104059,65.7478,0.501548,Idle
359370507,66.1672,0.469258,Idle
359637158,66.5915,0.435053,Idle
359887300,66.9913,0.401972,Idle
360137916,67.3911,0.368576,Idle
360404053,67.8123,0.333623,Idle
360670487,68.2278,0.3,Idle
360937100,68.6346,0.3,Idle
361187422,69.0061,0.3,Idle
361453728,69.3877,0.3,Idle
361703779,69.7311,0.3,Idle
361970397,70.0791,0.3,Idle
362220438,70.3864,0.319976,Idle
362487064,70.6918,0.345722,Idle
362737196,70.9557,0.370591,Idle
363003709,71.2111,0.397492,Idle
363270343,71.4384,0.42444,Idle
363537023,71.6361,0.451041,Idle
363803649,71.8029,0.476903,Idle
364053994,71.9304,0.500186,Idle
364307163,72.0301,0.522439,Idle
364570304,72.1018,0.543882,Idle
364820306,72.1397,0.577314,Idle
365086946,72.1472,0.629171,Idle
365336985,72.1236,0.676353,Idle
365603612,72.0659,0.724117,Idle
365853826,71.9816,0.765656,Idle
366120267,71.8605,0.805475,Idle
366386916,71.7076,0.839898,Idle
366653591,71.5243,0.868102,Idle
366920219,71.3117,0.889408,Idle
367186871,71.0714,0.903282,Idle
367453530,70.805,0.90933,Idle
367703752,70.5329,0.907676,Idle
367970126,70.2216,0.898046,Idle
368220160,69.9109,0.881699,Idle
368486799,69.562,0.856705,Idle
368753501,69.1972,0.824301,Idle
369020197,68.819,0.785059,Idle
369287167,68.4295,0.739642,Idle
369553389,68.0329,0.689084,Idle
369803414,67.6552,0.637664,Idle
370053424,67.2748,0.583322,Idle
370303426,66.8939,0.526986,Idle
370570062,66.4896,0.465798,Idle
370820080,66.1146,0.408442,Idle
371070094,65.7457,0.355456,Idle
371336719,65.3615,0.320844,Idle
371603338,64.9893,0.3,Idle
371869975,64.6314,0.3,Idle
372136637,64.2902,0.3,Idle
372390292,63.9831,0.3,Idle
372657667,63.6799,0.3,Idle
372919922,63.4047,0.3,Idle
373170175,63.1642,0.3,Idle
373420340,62.9467,0.3,Idle
373670478,62.7533,0.3,Idle
373924207,62.5829,0.3,Idle
374186557,62.4349,0.3,Idle
374437062,62.3211,0.3,Idle
374703173,62.2304,0.3,Idle
374969855,62.1711,0.3,Idle
375220216,62.1445,0.3,Idle
375486553,62.1471,0.3,Idle
375736565,62.1786,0.325493,Idle
376003214,62.2427,0.363507,Idle
376269847,62.3379,0.424002,Idle
376520403,62.4549,0.481686,Idle
376786567,62.6077,0.542699,Idle
377053143,62.7889,0.602353,Idle
377303143,62.9835,0.655937,Idle
377553313,63.2008,0.706335,Idle
377820050,63.4557,0.755561,Idle
378086451,63.7327,0.79917,Idle
378353134,64.0304,0.836458,Idle
378619771,64.3464,0.866697,Idle
378886405,64.6787,0.889374,Idle
379138520,65.0057,0.90353,Idle
379405250,65.3631,0.910608,Idle
379672799,65.7311,0.909514,Idle
379936514,66.1005,0.900534,Idle
380186738,66.4551,0.885018,Idle
380453018,66.8344,0.861443,Idle
380703406,67.1907,0.833138,Idle
380969870,67.5671,0.797156,Idle
381219937,67.9156,0.758604,Idle
381486397,68.2796,0.713291,Idle
381739337,68.6159,0.667111,Idle
382003078,68.955,0.616648,Idle
382269825,69.2837,0.564253,Idle
382520202,69.5774,0.536794,Idle
382786240,69.8717,0.51448,Idle
383036255,70.13,0.492009,Idle
383287683,70.3704,0.468239,Idle
383553380,70.602,0.442178,Idle
383819941,70.8096,0.415428,Idle
384086565,70.9913,0.388449,Idle
384356158,71.1475,0.361341,Idle
384620175,71.2727,0.335341,Idle
384886604,71.3706,0.310029,Idle
385154045,71.4395,0.3,Idle
385421454,71.4787,0.3,Idle
385688053,71.4881,0.3,Idle
385954786,71.4679,0.3,Idle
386221585,71.4184,0.3,Idle
386488345,71.3399,0.315159,Idle
386755120,71.2333,0.34957,Idle
387022271,71.099,0.384997,Idle
387288903,70.9386,0.420475,Idle
387555726,70.753,0.455251,Idle
387822328,70.5437,0.48844,Idle
388089073,70.3119,0.519296,Idle
388356133,70.0592,0.547094,Idle
388622767,69.7879,0.571095,Idle
388889507,69.4996,0.590781,Idle
389156131,69.1963,0.605666,Idle
389419331,68.8843,0.615312,Idle
389685950,68.5575,0.619739,Idle
389935950,68.2432,0.619423,Idle
390202567,67.9018,0.638117,Idle
390452640,67.5778,0.651797,Idle
390719269,67.2305,0.662178,Idle
390969276,66.9051,0.667972,Idle
391219281,66.5818,0.670043,Idle
391485885,66.2416,0.668341,Idle
391735897,65.9287,0.663331,Idle
392002565,65.6036,0.6547,Idle
392269264,65.2895,0.643106,Idle
392535872,64.9885,0.629053,Idle
392785887,64.7197,0.614116,Idle
393036149,64.4653,0.597936,Idle
393302719,64.2121,0.595953,Idle
393570688,63.9775,0.607832,Idle
393837508,63.7652,0.616661,Idle
394103085,63.5764,0.622351,Idle
394370914,63.4097,0.624877,Idle
394636271,63.2691,0.624162,Idle
394902656,63.1533,0.620233,Idle
395152686,63.0683,0.613668,Idle
395419132,63.0034,0.603701,Idle
395685753,62.9651,0.590799,Idle
395952392,62.9537,0.575153,Idle
396219042,62.9691,0.556987,Idle
396485691,63.011,0.536564,Idle
396735800,63.0741,0.515617,Idle
397002320,63.1659,0.491692,Idle
397252393,63.2746,0.474553,Idle
397518998,63.4137,0.482399,Idle
397785673,63.5755,0.490826,Idle
398052342,63.759,0.499377,Idle
398318990,63.9627,0.50759,Idle
398585625,64.1852,0.515017,Idle
398835632,64.4095,0.520885,Idle
399102271,64.6637,0.538427,Idle
399368925,64.9317,0.56372,Idle
399635589,65.2116,0.584867,Idle
399902224,65.5015,0.601361,Idle
400152226,65.7807,0.612248,Idle
400418830,66.0841,0.618716,Idle
400685523,66.3918,0.619725,Idle
400952159,66.7012,0.615249,Idle
401202167,66.9914,0.606166,Idle
401468895,67.2988,0.591478,Idle
401735447,67.602,0.571993,Idle
401985454,67.8809,0.549762,Idle
402253297,68.1719,0.522237,Idle
402518861,68.4507,0.491801,Idle
402785432,68.7189,0.458826,Idle
403035468,68.9585,0.426388,Idle
403302109,69.1997,0.390972,Idle
403552389,69.4112,0.357692,Idle
403818934,69.6194,0.323013,Idle
404085393,69.8087,0.317809,Idle
404335396,69.9681,0.341843,Idle
404585933,70.1094,0.366665,Idle
404855388,70.2399,0.393825,Idle
405121825,70.3465,0.420771,Idle
405388702,70.4302,0.447463,Idle
405655388,70.4904,0.473452,Idle
405918659,70.5267,0.498074,Idle
406185328,70.54,0.521611,Idle
406451966,70.5296,0.543396,Idle
406718642,70.4959,0.563122,Idle
406968895,70.4434,0.579504,Idle
407218897,70.3712,0.593599,Idle
407485383,70.2732,0.605924,Idle
407751895,70.1543,0.615292,Idle
408001952,70.0245,0.621272,Idle
408269097,69.8674,0.654335,Idle
408535621,69.6929,0.689287,Idle
408803513,69.5009,0.721774,Idle
409069461,69.2953,0.750601,Idle
409335787,69.0759,0.775303,Idle
409603376,68.8434,0.795238,Idle
409870025,68.6014,0.809642,Idle
410136894,68.3506,0.818109,Idle
410403689,68.093,0.820254,Idle
410670264,67.8305,0.815844,Idle
410937346,67.5643,0.804753,Idle
411204541,67.2965,0.787013,Idle
411471095,67.0297,0.762877,Idle
411737721,66.765,0.73263,Idle
412004704,66.5038,0.696694,Idle
412271293,66.2487,0.655772,Idle
412538102,66.0007,0.6105,Idle
412804902,65.7616,0.561741,Idle
413071899,65.5328,0.523813,Idle
413338131,65.3165,0.493449,Idle
413604676,65.1131,0.460584,Idle
413871855,64.9238,0.425952,Idle
414138447,64.7506,0.390537,Idle
414401673,64.5959,0.355553,Idle
414668308,64.4566,0.320936,Idle
414934947,64.3356,0.3,Idle
415201525,64.2337,0.3,Idle
415468231,64.1512,0.3,Idle
415718428,64.0918,0.3,Idle
415984918,64.048,0.3,Idle
416251561,64.0244,0.3,Idle
416518229,64.021,0.3,Idle
416784851,64.0375,0.3,Idle
417034928,64.0709,0.3,Idle
417285891,64.1215,0.3,Idle
417552287,64.1933,0.3,Idle
417819274,64.2834,0.3,Idle
418085947,64.3907,0.321395,Idle
418351787,64.514,0.347117,Idle
418619450,64.6536,0.373778,Idle
418886761,64.8073,0.40336,Idle
419153635,64.974,0.464154,Idle
419418129,65.1508,0.525278,Idle
419687459,65.3415,0.58718,Idle
419953271,65.5389,0.646718,Idle
420221233,65.7455,0.70397,Idle
420487450,65.9569,0.756956,Idle
420754455,66.1737,0.805134,Idle
421021028,66.3933,0.847306,Idle
421287453,66.6143,0.882689,Idle
421554838,66.8362,0.910684,Idle
421821514,67.0561,0.930545,Idle
422088109,67.2731,0.941955,Idle
422351359,67.483,0.944719,Idle
422618021,67.6899,0.938854,Idle
422884653,67.8897,0.924397,Idle
423151315,68.0812,0.901647,Idle
423401322,68.252,0.873203,Idle
423668095,68.4238,0.835846,Idle
423934639,68.5838,0.792049,Idle
424201347,68.7313,0.742642,Idle
424468181,68.8652,0.688626,Idle
424734616,68.9846,0.631203,Idle
425001258,69.0891,0.571402,Idle
425267869,69.1782,0.510471,Idle
425534607,69.2513,0.449584,Idle
425801342,69.3082,0.405973,Idle
426067954,69.3486,0.379009,Idle
426334637,69.3725,0.352341,Idle
426601177,69.38,0.326372,Idle
426851499,69.3721,0.302939,Idle
427102238,69.35,0.3,Idle
427369850,69.3111,0.3,Idle
427636597,69.257,0.3,Idle
427903494,69.1882,0.3,Idle
428170164,69.1054,0.3,Idle
428436919,69.0092,0.3,Idle
428703746,68.9007,0.3,Idle
428970760,68.7804,0.3,Idle
429237553,68.6498,0.3,Idle
429504284,68.5097,0.3,Idle
429771270,68.3611,0.308961,Idle
430037754,68.2056,0.343064,Idle
430304450,68.0439,0.378314,Idle
430567649,67.8796,0.413379,Idle
430834297,67.7096,0.448346,Idle
431100986,67.5372,0.481925,Idle
431367626,67.3637,0.513303,Idle
431634275,67.1903,0.541739,Idle
431884287,67.029,0.57116,Idle
432150987,66.8592,0.617194,Idle
432417709,66.6931,0.659542,Idle
432684229,66.5319,0.697407,Idle
432934239,66.3858,0.728305,Idle
433184896,66.2454,0.754339,Idle
433451150,66.1037,0.776197,Idle
433717994,65.9702,0.791847,Idle
433984652,65.8462,0.801099,Idle
434251813,65.7321,0.803974,Idle
434518663,65.629,0.800604,Idle
434785370,65.5372,0.791279,Idle
435050828,65.4576,0.776481,Idle
435300851,65.3937,0.757957,Idle
435550897,65.3408,0.735486,Idle
435817427,65.2967,0.707814,Idle
436067538,65.2669,0.678996,Idle
436319972,65.2483,0.647779,Idle
436586545,65.241,0.623529,Idle
436853438,65.2464,0.618842,Idle
437120144,65.2641,0.611008,Idle
437386999,65.2939,0.600131,Idle
437653845,65.3352,0.586373,Idle
437920736,65.3878,0.569927,Idle
438187435,65.4508,0.551048,Idle
438454203,65.5238,0.529989,Idle
438717354,65.6048,0.507382,Idle
438967617,65.6895,0.484482,Idle
439233958,65.787,0.458942,Idle
439483960,65.8848,0.434192,Idle
439734010,65.9879,0.409005,Idle
440000648,66.1028,0.382029,Idle
440267290,66.2218,0.355312,Idle
440517523,66.3365,0.330816,Idle
440783989,66.4609,0.337489,Idle
441050711,66.5868,0.366767,Idle
441317246,66.713,0.402277,Idle
441583910,66.8386,0.437512,Idle
441834038,66.9552,0.469545,Idle
442084050,67.0696,0.499895,Idle
442334664,67.1814,0.528001,Idle
442602069,67.297,0.554768,Idle
442868846,67.4074,0.57753,Idle
443135624,67.5123,0.595812,Idle
443402152,67.611,0.609166,Idle
443669254,67.7029,0.617305,Idle
443936235,67.7874,0.62,Idle
444202621,67.8638,0.617203,Idle
444469926,67.9321,0.608955,Idle
444735125,67.9911,0.595581,Idle
445003023,68.0418,0.577144,Idle
445269828,68.0829,0.5543,Idle
445536463,68.1147,0.527547,Idle
445803602,68.137,0.499522,Idle
446070463,68.15,0.491861,Idle
446336821,68.1536,0.483477,Idle
446603381,68.148,0.474798,Idle
446870380,68.1335,0.466275,Idle
447133697,68.1108,0.458486,Idle
447383915,68.0817,0.458024,Idle
447650553,68.0431,0.483628,Idle
447900568,68.0002,0.50655,Idle
448166980,67.9479,0.529487,Idle
448433625,67.8892,0.550582,Idle
448700277,67.8248,0.569512,Idle
448950544,67.7598,0.585065,Idle
449217111,67.6863,0.599049,Idle
449483618,67.6092,0.61017,Idle
449750209,67.5291,0.618274,Idle
450017786,67.4464,0.623252,Idle
450284430,67.3626,0.624997,Idle
450550251,67.2784,0.623517,Idle
450817900,67.1936,0.618798,Idle
451084668,67.1098,0.610941,Idle
451351819,67.0274,0.60003,Idle
451617193,66.9476,0.618135,Idle
451885516,66.8699,0.636781,Idle
452152596,66.7959,0.653438,Idle
452419347,66.7261,0.667601,Idle
452685992,66.6608,0.678751,Idle
452952614,66.6006,0.686409,Idle
453218571,66.5461,0.690156,Idle
453485362,66.4972,0.689678,Idle
453750663,66.4548,0.684757,Idle
454019314,66.4184,0.675118,Idle
454286531,66.3889,0.660854,Idle
454553491,66.3663,0.642036,Idle
454820458,66.3507,0.619887,Idle
455086974,66.342,0.616039,Idle
455350006,66.3402,0.606954,Idle
455616659,66.345,0.592602,Idle
455883308,66.3565,0.573413,Idle
456149922,66.3744,0.54985,Idle
456416652,66.3984,0.522459,Idle
456683293,66.4282,0.491915,Idle
456949945,66.4633,0.458937,Idle
457216611,66.5034,0.424312,Idle
457466611,66.5451,0.39109,Idle
457733212,66.5934,0.355655,Idle
457983283,66.6419,0.323146,Idle
458234254,66.6932,0.3,Idle
458501073,66.75,0.3,Idle
458767717,66.8085,0.3,Idle
459034246,66.8682,0.3,Idle
459300962,66.9284,0.3,Idle
459567222,66.9884,0.3,Idle
459835045,67.048,0.308389,Idle
460101219,67.1059,0.333601,Idle
460368781,67.1622,0.359904,Idle
460635577,67.2157,0.386709,Idle
460902211,67.2662,0.413689,Idle
461168885,67.3131,0.440477,Idle
461435865,67.3559,0.466712,Idle
461702625,67.3942,0.491965,Idle
461969030,67.4275,0.515864,Idle
462236075,67.4556,0.542829,Idle
462499938,67.4779,0.596451,Idle
462749995,67.4937,0.646346,Idle
463016632,67.5048,0.697521,Idle
463282981,67.5097,0.745505,Idle
463532991,67.5086,0.786781,Idle
463799972,67.5014,0.825926,Idle
464066419,67.488,0.859068,Idle
464316442,67.4699,0.884112,Idle
464566593,67.4465,0.902767,Idle
464833133,67.4159,0.915141,Idle
465083364,67.3822,0.91941,Idle
465349593,67.3413,0.915962,Idle
465599630,67.2985,0.905201,Idle
465866449,67.2484,0.885813,Idle
466116788,67.1978,0.86047,Idle
466383186,67.1404,0.826334,Idle
466650138,67.08,0.785322,Idle
466916543,67.0172,0.738361,Idle
467183219,66.9525,0.686206,Idle
467450982,66.8862,0.629668,Idle
467717430,66.8197,0.570353,Idle
467984669,66.7531,0.508969,Idle
468250846,66.6874,0.447149,Idle
468517267,66.6231,0.385815,Idle
468784951,66.5604,0.327166,Idle
469050832,66.5009,0.3,Idle
469318450,66.4442,0.3,Idle
469584349,66.3919,0.3,Idle
469851767,66.3437,0.3,Idle
470119082,66.3005,0.3,Idle
470386039,66.263,0.3,Idle
470652914,66.2315,0.3,Idle
470919407,66.2065,0.3,Idle
471186094,66.1882,0.3,Idle
471453158,66.177,0.3,Idle
471719307,66.1732,0.3,Idle
471982620,66.1768,0.3,Idle
472249285,66.188,0.3,Idle
472515929,66.207,0.3,Idle
472765960,66.2319,0.3,Idle
473032641,66.2658,0.300175,Idle
473299333,66.3072,0.333868,Idle
473565945,66.356,0.368892,Idle
473815956,66.4082,0.412289,Idle
474066351,66.4664,0.46916,Idle
474332922,66.5345,0.529555,Idle
474599962,66.6087,0.58873,Idle
474866921,66.6884,0.645399,Idle
475133666,66.7729,0.698442,Idle
475400223,66.8615,0.746859,Idle
475667334,66.954,0.789866,Idle
475934104,67.0493,0.826526,Idle
476200678,67.1468,0.856228,Idle
476466536,67.2453,0.878456,Idle
476734857,67.3454,0.893058,Idle
477001429,67.4447,0.899598,Idle
477268161,67.5431,0.898185,Idle
477534899,67.6396,0.888964,Idle
477800237,67.733,0.872357,Idle
478067837,67.8237,0.848558,Idle
478334501,67.9098,0.818402,Idle
478601116,67.9909,0.782545,Idle
478868853,68.0664,0.741629,Idle
479135217,68.1351,0.696958,Idle
479402608,68.1968,0.649122,Idle
479669272,68.2504,0.599454,Idle
479932370,68.2951,0.561456,Idle
480198977,68.3315,0.54154,Idle
480465651,68.3585,0.519584,Idle
480732331,68.3757,0.495906,Idle
480999000,68.3827,0.470851,Idle
481265631,68.3794,0.44478,Idle
481532286,68.3655,0.418063,Idle
481782288,68.3428,0.392771,Idle
482032657,68.3107,0.367533,Idle
482299022,68.2662,0.341143,Idle
482549079,68.215,0.31713,Idle
482815857,68.1503,0.3,Idle
483065981,68.0806,0.3,Idle
483332403,67.9971,0.3,Idle
483598892,67.9044,0.3,Idle
483849023,67.8095,0.3,Idle
484115655,67.7006,0.331703,Idle
484382296,67.5844,0.366671,Idle
484648870,67.4614,0.402186,Idle
484898993,67.3408,0.43526,Idle
485149755,67.2154,0.467465,Idle
485416990,67.0777,0.499968,Idle
485683882,66.937,0.529799,Idle
485948916,66.795,0.556115,Idle
486199065,66.6598,0.577369,Idle
486465567,66.5156,0.595671,Idle
486715585,66.3811,0.608389,Idle
486982167,66.2394,0.616896,Idle
487232167,66.1091,0.619956,Idle
487482375,65.9822,0.618187,Idle
487748911,65.8517,0.618363,Idle
488015920,65.7269,0.63115,Idle
488282658,65.6092,0.63991,Idle
488549549,65.4993,0.6447,Idle
488815467,65.3986,0.645655,Idle
489065475,65.3127,0.643286,Idle
489315611,65.236,0.638009,Idle
489565648,65.1691,0.630147,Idle
489832268,65.1093,0.619324,Idle
490082277,65.0645,0.607313,Idle
490348820,65.0292,0.593018,Idle
490599188,65.0083,0.578661,Idle
490865667,64.9993,0.586619,Idle
491132276,65.0043,0.600321,Idle
491382316,65.0218,0.610558,Idle
491632393,65.0519,0.618132,Idle
491898783,65.0977,0.623164,Idle
492148930,65.1535,0.624974,Idle
492415633,65.2265,0.623767,Idle
492665651,65.3072,0.619711,Idle
492932053,65.406,0.612333,Idle
493182267,65.5103,0.602626,Idle
493432314,65.6251,0.590362,Idle
493698928,65.7587,0.574637,Idle
493965588,65.9028,0.556398,Idle
494232172,66.0567,0.535916,Idle
494498603,66.2194,0.513494,Idle
494748628,66.3791,0.497295,Idle
495015292,66.5559,0.506008,Idle
495265322,66.7268,0.514405,Idle
495531908,66.9133,0.523162,Idle
495798587,67.1031,0.531267,Idle
496048789,67.283,0.537873,Idle
496298881,67.4633,0.543156,Idle
496565704,67.6552,0.546978,Idle
496831845,67.8446,0.560644,Idle
497081858,68.0195,0.581136,Idle
497348488,68.2017,0.598561,Idle
497615128,68.378,0.611008,Idle
497881761,68.5471,0.61818,Idle
498131782,68.698,0.619958,Idle
498381786,68.8404,0.61691,Idle
498631788,68.9734,0.609099,Idle
498881982,69.0962,0.596678,Idle
499148543,69.2147,0.578672,Idle
499398563,69.3133,0.557684,Idle
499665202,69.4044,0.531434,Idle
499915244,69.4758,0.503738,Idle
500181861,69.5365,0.471591,Idle
500448477,69.5805,0.437496,Idle
500698554,69.6062,0.40447,Idle
500965196,69.6166,0.368939,Idle
501231837,69.6093,0.333911,Idle
501498492,69.5841,0.30022,Idle
501764980,69.5409,0.312292,Idle
502015006,69.4842,0.33611,Idle
502265339,69.4118,0.360766,Idle
502531946,69.318,0.387565,Idle
502782009,69.2146,0.41287,Idle
503048586,69.0886,0.43966,Idle
503315290,68.9469,0.465892,Idle
503581837,68.7905,0.491161,Idle
503831847,68.631,0.513679,Idle
504098473,68.4485,0.536103,Idle
504365019,68.2542,0.556564,Idle
504615093,68.0621,0.57372,Idle
504865194,67.8618,0.58868,Idle
505115751,67.654,0.601273,Idle
505382501,67.4261,0.611868,Idle
505648409,67.1936,0.634075,Idle
505915073,66.9568,0.672849,Idle
506165152,66.7327,0.707191,Idle
506415460,66.5077,0.738878,Idle
506681512,66.2695,0.768851,Idle
506931625,66.0478,0.792881,Idle
507181731,65.8297,0.81231,Idle
507431821,65.6165,0.826647,Idle
507698670,65.3959,0.835874,Idle
507965168,65.1842,0.83847,Idle
508231860,64.9825,0.834208,Idle
508498430,64.7926,0.822996,Idle
508765089,64.6157,0.804877,Idle
509031663,64.4531,0.780067,Idle
509298324,64.3062,0.748898,Idle
509564926,64.176,0.711881,Idle
509831585,64.0637,0.669628,Idle
510098462,63.9699,0.622859,Idle
510364872,63.8959,0.572563,Idle
510631569,63.842,0.519554,Idle
510898179,63.8089,0.485955,Idle
511164807,63.797,0.452614,Idle
511414816,63.8052,0.419977,Idle
511664824,63.8325,0.386712,Idle
511933759,63.8829,0.351025,Idle
512201827,63.9549,0.316394,Idle
512467749,64.0474,0.3,Idle
512736399,64.1616,0.3,Idle
513001258,64.2942,0.3,Idle
513264494,64.4449,0.3,Idle
513531072,64.6159,0.3,Idle
513797650,64.8043,0.3,Idle
514064287,65.009,0.3,Idle
514314842,65.2153,0.3,Idle
514581519,65.4481,0.3,Idle
514847921,65.693,0.3,Idle
515097972,65.9328,0.3,Idle
515364260,66.197,0.3,Idle
515631166,66.4694,0.303384,Idle
515897625,66.7471,0.328385,Idle
516164220,67.0289,0.354427,Idle
516414277,67.2952,0.385725,Idle
516664706,67.5621,0.442939,Idle
516930870,67.8442,0.504855,Idle
517197542,68.1235,0.566834,Idle
517464168,68.3975,0.62752,Idle
517730826,68.6642,0.685724,Idle
517997484,68.9219,0.740281,Idle
518264324,69.1688,0.790138,Idle
518530806,69.4029,0.834209,Idle
518797464,69.6228,0.871714,Idle
519064098,69.8268,0.901878,Idle
519314232,70.0025,0.922979,Idle
519580726,70.1716,0.937381,Idle
519830767,70.3121,0.943082,Idle
520097369,70.4416,0.940737,Idle
520347410,70.5431,0.930698,Idle
520614065,70.6291,0.911862,Idle
520883397,70.6921,0.884728,Idle
521147348,70.7299,0.850791,Idle
521397355,70.7434,0.812575,Idle
521664011,70.7338,0.7661,Idle
521914126,70.7021,0.717983,Idle
522164133,70.6485,0.666392,Idle
522430702,70.5674,0.608572,Idle
522697353,70.462,0.548976,Idle
522963993,70.3328,0.488817,Idle
523230637,70.1805,0.437104,Idle
523481225,70.0172,0.411896,Idle
523747692,69.8229,0.384934,Idle
524014156,69.6085,0.358187,Idle
524264334,69.3902,0.333615,Idle
524530893,69.1407,0.308366,Idle
524797532,68.8752,0.3,Idle
525064183,68.5955,0.3,Idle
525330812,68.3035,0.3,Idle
525597340,68.0009,0.3,Idle
525863884,67.6899,0.3,Idle
526130487,67.3721,0.3,Idle
526397109,67.0499,0.3,Idle
526647137,66.7456,0.3,Idle
526897185,66.4409,0.3,Idle
527163774,66.1178,0.3,Idle
527414244,65.8177,0.327363,Idle
527664467,65.5231,0.360027,Idle
527930972,65.2171,0.395493,Idle
528197498,64.921,0.43083,Idle
528447751,64.6539,0.463139,Idle
528700980,64.3961,0.494264,Idle
528966227,64.1412,0.524448,Idle
529233213,63.9021,0.551621,Idle
529499776,63.6826,0.574892,Idle
529766564,63.4836,0.613225,Idle
530033250,63.3069,0.652958,Idle
530300357,63.1535,0.688331,Idle
530564088,63.0263,0.718335,Idle
530830569,62.9232,0.743219,Idle
531080596,62.8505,0.7613,Idle
531347011,62.7993,0.774757,Idle
531613632,62.7756,0.782154,Idle
531864182,62.7787,0.78362,Idle
532130386,62.809,0.77953,Idle
532396920,62.8674,0.769903,Idle
532663594,62.9534,0.755147,Idle
532915096,63.0596,0.736998,Idle
533180226,63.1972,0.713982,Idle
533446896,63.3615,0.687461,Idle
533713553,63.5507,0.65828,Idle
533980219,63.7638,0.627188,Idle
534246839,63.9994,0.624294,Idle
534513459,64.2561,0.62055,Idle
534764009,64.515,0.61414,Idle
535030144,64.8073,0.604355,Idle
535296816,65.1162,0.591614,Idle
535563456,65.4391,0.57612,Idle
535830080,65.7739,0.558094,Idle
536096703,66.1184,0.537794,Idle
536346762,66.4484,0.51695,Idle
536596763,66.7831,0.494632,Idle
536863416,67.1431,0.469516,Idle
537113429,67.4813,0.445051,Idle
537380062,67.8406,0.418341,Idle
537646679,68.196,0.391369,Idle
537897229,68.5244,0.366128,Idle
538164419,68.8663,0.35649,Idle
538430263,69.1958,0.365406,Idle
538696625,69.5129,0.386499,Idle
538946662,69.7969,0.41977,Idle
539196703,70.0659,0.452416,Idle
539446902,70.3183,0.483772,Idle
539713299,70.567,0.514975,Idle
539963301,70.78,0.541563,Idle
540229933,70.9839,0.566402,Idle
540481315,71.1529,0.585972,Idle
540746593,71.3055,0.602108,Idle
540996598,71.4242,0.612734,Idle
541246729,71.5177,0.618686,Idle
541513194,71.5889,0.61974,Idle
541763220,71.6284,0.615747,Idle
542013226,71.6412,0.607016,Idle
542279890,71.6252,0.59269,Idle
542546511,71.5785,0.573528,Idle
542799042,71.5063,0.551331,Idle
543063140,71.402,0.52443,Idle
543313144,71.2765,0.496053,Idle
543579818,71.1148,0.468874,Idle
543846465,70.9253,0.459542,Idle
544096465,70.7234,0.450847,Idle
544363101,70.4835,0.442076,Idle
544613173,70.2366,0.434724,Idle
544864213,69.969,0.432437,Idle
545129755,69.6661,0.458748,Idle
545396370,69.3432,0.484321,Idle
545646390,69.0251,0.507208,Idle
545896397,68.6943,0.528739,Idle
546163036,68.3293,0.549901,Idle
546429643,67.9543,0.568906,Idle
546679682,67.5955,0.584528,Idle
546929685,67.2321,0.597815,Idle
547196378,66.8416,0.609228,Idle
547463013,66.4509,0.617629,Idle
547729645,66.0623,0.622902,Idle
547996333,65.6785,0.624969,Idle
548262970,65.3022,0.6238,Idle
548529617,64.9356,0.619413,Idle
548796277,64.5814,0.611871,Idle
549046277,64.2627,0.625025,Idle
549296452,63.9586,0.645138,Idle
549547253,63.6704,0.663618,Idle
549814174,63.3841,0.680859,Idle
550081591,63.1203,0.695046,Idle
550347811,62.8823,0.70557,Idle
550614900,62.67,0.712053,Idle
550881741,62.4857,0.714071,Idle
551148408,62.3307,0.711345,Idle
551415056,62.206,0.703694,Idle
551682107,62.1124,0.691025,Idle
551948718,62.0509,0.673423,Idle
552215457,62.0218,0.651026,Idle
552482257,62.0254,0.624123,Idle
552749437,62.0619,0.610952,Idle
553015764,62.1309,0.598493,Idle
553282887,62.2324,0.58101,Idle
553549496,62.3655,0.558998,Idle
553815638,62.5292,0.533002,Idle
554079416,62.7208,0.503879,Idle
554329655,62.9287,0.473781,Idle
554596006,63.1764,0.439825,Idle
554862695,63.4504,0.404637,Idle
555129365,63.7485,0.369102,Idle
555379914,64.0489,0.336154,Idle
555646226,64.3878,0.302393,Idle
555912920,64.7453,0.3,Idle
556163664,65.0959,0.3,Idle
556429661,65.481,0.3,Idle
556696170,65.8777,0.3,Idle
556962812,66.2831,0.3,Idle
557229416,66.6943,0.3,Idle
557479528,67.0828,0.3,Idle
557746175,67.4975,0.324619,Idle
558012564,67.9096,0.350512,Idle
558279219,68.3172,0.377143,Idle
558529240,68.6925,0.402418,Idle
558795857,69.0827,0.429329,Idle
559062532,69.4604,0.455824,Idle
559312548,69.8006,0.479942,Idle
559579175,70.1464,0.504542,Idle
559829187,70.4526,0.542872,Idle
560079229,70.7395,0.595257,Idle
560345828,71.0223,0.65,Idle
560612417,71.2793,0.702496,Idle
560862425,71.4953,0.748715,Idle
561112504,71.6858,0.791154,Idle
561365854,71.8516,0.829462,Idle
561629041,71.9937,0.86346,Idle
561879428,72.0994,0.889658,Idle
562145740,72.1796,0.910341,Idle
562412379,72.2261,0.923152,Idle
562679015,72.2383,0.927721,Idle
562929033,72.2184,0.924364,Idle
563179092,72.1684,0.913601,Idle
563445720,72.082,0.894116,Idle
563712318,71.962,0.866685,Idle
563978967,71.8091,0.831788,Idle
564229013,71.6367,0.792854,Idle
564495670,71.423,0.745455,Idle
564762704,71.1795,0.692801,Idle
565028980,70.9087,0.636144,Idle
565295605,70.6114,0.576364,Idle
565562231,70.2898,0.514705,Idle
565828919,69.9458,0.45237,Idle
566095588,69.5819,0.39061,Idle
566362264,69.2004,0.330643,Idle
566628894,68.8038,0.3,Idle
566878922,68.4204,0.3,Idle
567145480,68.002,0.3,Idle
567396073,67.602,0.3,Idle
567647929,67.1958,0.3,Idle
567912103,66.7678,0.3,Idle
568178755,66.3366,0.3,Idle
568428779,65.9356,0.3,Idle
568679119,65.5397,0.3,Idle
568945453,65.1272,0.3,Idle
569195536,64.7503,0.3,Idle
569448581,64.3817,0.3,Idle
569714947,64.0099,0.3,Idle
569982194,63.6561,0.3,Idle
570248596,63.3248,0.3,Idle
570512108,63.0203,0.3,Idle
570778694,62.7378,0.331499,Idle
571028731,62.4979,0.364258,Idle
571279292,62.2833,0.397627,Idle
571545370,62.0851,0.442116,Idle
571812040,61.9185,0.501715,Idle
572062099,61.7923,0.556806,Idle
572328745,61.6908,0.613606,Idle
572595707,61.6239,0.667384,Idle
572862944,61.5924,0.717089,Idle
573113014,61.5952,0.75903,Idle
573378847,61.6324,0.797995,Idle
573645266,61.7048,0.830563,Idle
573895274,61.8045,0.854732,Idle
574161961,61.944,0.873308,Idle
574428578,62.1168,0.884205,Idle
574695249,62.3219,0.887342,Idle
574961983,62.558,0.882791,Idle
575228540,62.8234,0.870792,Idle
575495180,63.1165,0.851723,Idle
575745856,63.4157,0.827816,Idle
575999022,63.7392,0.798345,Idle
576265831,64.1013,0.7622,Idle
576532275,64.4823,0.721726,Idle
576798500,64.8798,0.677828,Idle
577066438,65.2943,0.631133,Idle
577333231,65.7185,0.583311,Idle
577599217,66.1502,0.56642,Idle
577865989,66.5891,0.547088,Idle
578132346,67.0304,0.525673,Idle
578399694,67.4735,0.502366,Idle
578661708,67.905,0.478086,Idle
578928517,68.3388,0.452249,Idle
579195048,68.7637,0.425688,Idle
579461715,69.1776,0.398744,Idle
579728386,69.5774,0.371818,Idle
579995043,69.9605,0.345298,Idle
580261686,70.3244,0.319567,Idle
580528283,70.6666,0.3,Idle
580778330,70.966,0.3,Idle
581028332,71.2425,0.3,Idle
581280523,71.4968,0.3,Idle
581546941,71.7369,0.323178,Idle
581814382,71.9468,0.357981,Idle
582080790,72.1235,0.393416,Idle
582347763,72.267,0.428843,Idle
582614485,72.3758,0.463309,Idle
582880537,72.4492,0.495945,Idle
583148167,72.4871,0.526233,Idle
583414483,72.4888,0.553121,Idle
583681795,72.4544,0.576203,Idle
583948751,72.3842,0.594797,Idle
584214235,72.2791,0.608429,Idle
584481756,72.1385,0.616937,Idle
584748627,71.9644,0.619992,Idle
585015541,71.7576,0.617546,Idle
585282757,71.5191,0.609646,Idle
585549393,71.2514,0.60961,Idle
585815015,70.957,0.616995,Idle
586082561,70.6343,0.620807,Idle
586351104,70.2863,0.621135,Idle
586616065,69.9214,0.61827,Idle
586878070,69.5419,0.612636,Idle
587128267,69.1645,0.604996,Idle
587394742,68.7488,0.594849,Idle
587661427,68.3213,0.583089,Idle
587928074,67.8851,0.570231,Idle
588194733,67.4432,0.560438,Idle
588461318,66.9985,0.578163,Idle
588711341,66.5814,0.592465,Idle
588962375,66.1651,0.604375,Idle
589230528,65.7259,0.614217,Idle
589496675,65.2984,0.620905,Idle
589761880,64.8835,0.624421,Idle
590029163,64.4794,0.624735,Idle
590296593,64.0918,0.621799,Idle
590563917,63.7236,0.615657,Idle
590831067,63.3773,0.606406,Idle
591097692,63.0556,0.594202,Idle
591362550,62.7617,0.579314,Idle
591631188,62.4917,0.561615,Idle
591897161,62.2542,0.541767,Idle
592164655,62.0465,0.519761,Idle
592431602,61.872,0.525863,Idle
592694484,61.7332,0.535592,Idle
592944591,61.6324,0.544485,Idle
593211127,61.559,0.553124,Idle
593461174,61.5227,0.560044,Idle
593731194,61.519,0.565808,Idle
593994520,61.5509,0.569343,Idle
594261094,61.6187,0.570489,Idle
594511851,61.7147,0.575966,Idle
594764167,61.8421,0.593714,Idle
595033217,62.0113,0.607833,Idle
595298067,62.2103,0.616562,Idle
595565528,62.4426,0.619963,Idle
595832541,62.7044,0.617849,Idle
596094417,62.9884,0.610477,Idle
596344557,63.2832,0.598691,Idle
596611273,63.6209,0.581302,Idle
596861453,63.9577,0.560828,Idle
597112686,64.3133,0.536656,Idle
597380177,64.7088,0.507517,Idle
597646955,65.118,0.475643,Idle
597911984,65.5365,0.44195,Idle
598180285,65.9693,0.406596,Idle
598445585,66.4037,0.37124,Idle
598712524,66.8443,0.336115,Idle
598978599,67.284,0.302386,Idle
599247473,67.7261,0.3,Idle
599513902,68.159,0.31327,Idle
599780793,68.5845,0.33877,Idle
600046951,68.9981,0.365078,Idle
600313580,69.3989,0.391934,Idle
600581274,69.785,0.419013,Idle
600846876,70.1495,0.44561,Idle
601114547,70.4957,0.471754,Idle
601380871,70.8168,0.496736,Idle
601647080,71.1125,0.52032,Idle
601914670,71.3822,0.542288,Idle
602181653,71.6221,0.562152,Idle
602448403,71.8312,0.579664,Idle
602714674,72.008,0.594567,Idle
602981137,72.1519,0.606687,Idle
603244073,72.2606,0.64288,Idle
603510688,72.3364,0.683803,Idle
603760862,72.3757,0.719927,Idle
604027450,72.3833,0.755152,Idle
604294016,72.3555,0.786178,Idle
604544040,72.2976,0.810776,Idle
604795478,72.2087,0.830533,Idle
605062745,72.0809,0.845507,Idle
605329915,71.92,0.853804,Idle
605595890,71.7277,0.855099,Idle
605863202,71.5038,0.849199,Idle
606129931,71.251,0.836069,Idle
606396520,70.9709,0.81582,Idle
606663651,70.6646,0.788644,Idle
606929844,70.3358,0.755117,Idle
607197029,69.9843,0.715548,Idle
607463088,69.6154,0.670944,Idle
607730611,69.2279,0.621674,Idle
607997408,68.8274,0.569045,Idle
608262642,68.4181,0.514264,Idle
608529795,67.9972,0.469447,Idle
608796388,67.5714,0.435258,Idle
609064309,67.1404,0.399811,Idle
609330950,66.7114,0.364298,Idle
609597432,66.2853,0.329419,Idle
609865141,65.8628,0.3,Idle
610130557,65.4521,0.3,Idle
610397319,65.0502,0.3,Idle
610665628,64.6598,0.3,Idle
610930861,64.2898,0.3,Idle
611196693,63.9374,0.3,Idle
611460380,63.6082,0.3,Idle
611710912,63.3163,0.3,Idle
611977097,63.0301,0.3,Idle
612227146,62.7854,0.3,Idle
612493794,62.5519,0.3,Idle
612760357,62.3481,0.3,Idle
613010561,62.1849,0.3,Idle
613277031,62.0421,0.3,Idle
613527323,61.9379,0.318037,Idle
613793679,61.8594,0.343681,Idle
614060330,61.8146,0.395149,Idle
614311012,61.8037,0.453093,Idle
614577337,61.8252,0.515441,Idle
614827397,61.8761,0.573645,Idle
615078872,61.9571,0.630805,Idle
615343985,62.0741,0.688465,Idle
615610525,62.2237,0.742628,Idle
615860692,62.3923,0.789038,Idle
616110827,62.5871,0.830338,Idle
616360955,62.807,0.865821,Idle
616627140,63.067,0.896516,Idle
616877153,63.334,0.918203,Idle
617127330,63.6218,0.93261,Idle
617393804,63.949,0.939682,Idle
617660363,64.2955,0.93812,Idle
617910475,64.636,0.928863,Idle
618160636,64.9893,0.912262,Idle
618426851,65.3771,0.886904,Idle
618693500,65.7751,0.854099,Idle
618960130,66.18,0.814588,Idle
619226719,66.5892,0.769209,Idle
619476794,66.9745,0.722144,Idle
619743470,67.3844,0.668144,Idle
620010133,67.7906,0.611296,Idle
620260238,68.1658,0.556416,Idle
620526913,68.5574,0.497351,Idle
620793361,68.9373,0.454517,Idle
621043377,69.2812,0.429664,Idle
621293664,69.6114,0.404409,Idle
621560055,69.9451,0.377475,Idle
621826648,70.2588,0.350844,Idle
622076676,70.5328,0.326504,Idle
622326723,70.7855,0.30309,Idle
622576766,71.0157,0.3,Idle
622843336,71.2348,0.3,Idle
623093577,71.4146,0.3,Idle
623359878,71.5773,0.3,Idle
623609920,71.7023,0.3,Idle
623859941,71.7997,0.3,Idle
624110095,71.8692,0.3,Idle
624376525,71.9119,0.3,Idle
624627147,71.9227,0.3,Idle
624893609,71.9027,0.325013,Idle
625160290,71.8505,0.359778,Idle
625426800,71.7668,0.395243,Idle
625676873,71.66,0.428422,Idle
625927094,71.5265,0.460813,Idle
626193404,71.3561,0.493636,Idle
626443516,71.1706,0.522229,Idle
626693699,70.9615,0.548051,Idle
626960121,70.7145,0.571885,Idle
627226673,70.4438,0.591393,Idle
627476742,70.1702,0.622127,Idle
627743070,69.8596,0.657588,Idle
627993308,69.5517,0.686783,Idle
628259796,69.2088,0.713014,Idle
628509908,68.8748,0.73275,Idle
628760381,68.5307,0.747566,Idle
629026454,68.1567,0.757768,Idle
629293125,67.7757,0.762275,Idle
629559971,67.3908,0.761187,Idle
629826382,67.0055,0.754763,Idle
630093158,66.621,0.74335,Idle
630343288,66.2641,0.728531,Idle
630609743,65.8901,0.708877,Idle
630876316,65.5246,0.685825,Idle
631126601,65.1916,0.661689,Idle
631392967,64.8501,0.63402,Idle
631659609,64.5237,0.62449,Idle
631909637,64.2337,0.62477,Idle
632176275,63.9432,0.621937,Idle
632442915,63.674,0.615913,Idle
632709565,63.4278,0.606783,Idle
632959827,63.219,0.595506,Idle
633226238,63.0218,0.580784,Idle
633492878,62.8513,0.56345,Idle
633742944,62.7169,0.545053,Idle
634009523,62.6015,0.523427,Idle
634276174,62.5155,0.50002,Idle
634542862,62.4594,0.475171,Idle
634809481,62.4334,0.449248,Idle
635059685,62.4364,0.424269,Idle
635326181,62.4687,0.397334,Idle
635579174,62.5268,0.37819,Idle
635845707,62.6164,0.385672,Idle
636109453,62.733,0.395016,Idle
636376036,62.8783,0.41071,Idle
636626046,63.0386,0.443593,Idle
636876052,63.2211,0.47535,Idle
637126334,63.4249,0.505347,Idle
637392738,63.6637,0.534596,Idle
637643305,63.9072,0.558975,Idle
637909407,64.1843,0.580953,Idle
638176022,64.4792,0.598421,Idle
638442683,64.7893,0.610917,Idle
638692713,65.092,0.617846,Idle
638959333,65.4253,0.619964,Idle
639209341,65.7459,0.616963,Idle
639459375,66.0723,0.609197,Idle
639725985,66.4245,0.595852,Idle
639976011,66.7567,0.578867,Idle
640242645,67.1107,0.556394,Idle
640509272,67.4622,0.529951,Idle
640775938,67.809,0.500163,Idle
641042584,68.1486,0.467748,Idle
641292650,68.4586,0.438828,Idle
641559217,68.7781,0.42857,Idle
641825865,69.0844,0.419094,Idle
642076429,69.3581,0.411327,Idle
642343229,69.633,0.406283,Idle
642609190,69.8883,0.433092,Idle
642875825,70.1239,0.459493,Idle
643142490,70.3376,0.485042,Idle
643409143,70.5281,0.509366,Idle
643675786,70.6943,0.532117,Idle
643942432,70.8353,0.552968,Idle
644192455,70.9438,0.570526,Idle
644459098,71.0336,0.586871,Idle
644709117,71.0932,0.599759,Idle
644975707,71.1303,0.610715,Idle
645225729,71.1401,0.61824,Idle
645475755,71.1259,0.623006,Idle
645742425,71.0844,0.62498,Idle
646009026,71.0162,0.623719,Idle
646275703,70.9219,0.619241,Idle
646525833,70.8104,0.632855,Idle
646792322,70.668,0.656961,Idle
647059028,70.5021,0.679015,Idle
647325657,70.3141,0.698337,Idle
647592285,70.1053,0.714321,Idle
647842317,69.892,0.725779,Idle
648108945,69.6475,0.73377,Idle
648358971,69.4036,0.736946,Idle
648625597,69.1298,0.735435,Idle
648875604,68.8618,0.729247,Idle
649142250,68.5657,0.717472,Idle
649392697,68.2799,0.701569,Idle
649659232,67.9695,0.679634,Idle
649925575,67.6549,0.652818,Idle
650175700,67.3573,0.623526,Idle
650442190,67.0399,0.602329,Idle
650692294,66.7437,0.587318,Idle
650958839,66.4317,0.566768,Idle
651208867,66.1442,0.543649,Idle
651475447,65.8453,0.515458,Idle
651725464,65.5736,0.486286,Idle
651975655,65.3117,0.45507,Idle
652242088,65.0455,0.42034,Idle
652492104,64.8091,0.387077,Idle
652758758,64.5727,0.351685,Idle
653008847,64.367,0.319307,Idle
653275364,64.1662,0.3,Idle
653525381,63.9961,0.3,Idle
653792018,63.8352,0.3,Idle
654058681,63.6964,0.3,Idle
654308703,63.5871,0.3,Idle
654575337,63.4932,0.3,Idle
654825367,63.4268,0.3,Idle
655091999,63.3795,0.3,Idle
655358738,63.3565,0.312738,Idle
655625309,63.3578,0.338183,Idle
655875422,63.381,0.362872,Idle
656141975,63.4287,0.389694,Idle
656408637,63.4998,0.416675,Idle
656675289,63.5936,0.443414,Idle
656941930,63.7092,0.469529,Idle
657208594,63.8458,0.496496,Idle
657475254,64.0023,0.554029,Idle
657741924,64.1775,0.611159,Idle
657992171,64.3577,0.663374,Idle
658242240,64.5519,0.71324,Idle
658492374,64.759,0.759901,Idle
658758638,64.9921,0.805071,Idle
659025160,65.237,0.844705,Idle
659275260,65.4756,0.87606,Idle
659541852,65.7378,0.902566,Idle
659808475,66.0062,0.921355,Idle
660058703,66.2622,0.931572,Idle
660325176,66.5373,0.934286,Idle
660591784,66.8134,0.928462,Idle
660841794,67.0714,0.915287,Idle
661108424,67.3438,0.893224,Idle
661358540,67.5951,0.865351,Idle
661625125,67.857,0.828516,Idle
661875326,68.0955,0.787862,Idle
662142011,68.3406,0.738836,Idle
662408710,68.5746,0.684866,Idle
662675058,68.7958,0.627088,Idle
662925245,68.991,0.570295,Idle
663177695,69.1744,0.511538,Idle
663441671,69.3506,0.449666,Idle
663708353,69.5115,0.387915,Idle
663958938,69.6461,0.33167,Idle
664225042,69.7707,0.302139,Idle
664491626,69.8759,0.3,Idle
664758279,69.961,0.3,Idle
665008285,70.0221,0.3,Idle
665274955,70.0672,0.3,Idle
665525041,70.0904,0.3,Idle
665777635,70.0952,0.3,Idle
666041613,70.0804,0.3,Idle
666291917,70.0478,0.3,Idle
666542246,69.9976,0.3,Idle
666808518,69.9252,0.3,Idle
667074855,69.8341,0.3,Idle
667341516,69.7247,0.3,Idle
667608160,69.5982,0.3,Idle
667874806,69.4556,0.3,Idle
668124849,69.3082,0.312198,Idle
668391426,69.1376,0.346458,Idle
668658129,68.9543,0.381774,Idle
668924830,68.7598,0.417285,Idle
669177285,68.5667,0.450314,Idle
669441437,68.3565,0.507544,Idle
669691636,68.1512,0.561227,Idle
669958301,67.9272,0.616298,Idle
670224725,67.6995,0.66807,Idle
670474731,67.4837,0.712825,Idle
670724732,67.2673,0.753129,Idle
670974851,67.0513,0.78836,Idle
671241389,66.8233,0.819695,Idle
671508089,66.5989,0.844137,Idle
671774625,66.3797,0.861295,Idle
672024667,66.1801,0.8706,Idle
672274819,65.9874,0.873285,Idle
672541307,65.791,0.868948,Idle
672791322,65.6161,0.85834,Idle
673057979,65.4407,0.840416,Idle
673326400,65.2768,0.815993,Idle
673591504,65.1284,0.786225,Idle
673861773,64.9917,0.750856,Idle
674124605,64.8737,0.712416,Idle
674391265,64.7697,0.670229,Idle
674657879,64.682,0.62578,Idle
674924526,64.6111,0.591542,Idle
675174563,64.56,0.577075,Idle
675424783,64.524,0.560357,Idle
675691497,64.5025,0.540305,Idle
675957893,64.4981,0.518263,Idle
676224470,64.5107,0.494506,Idle
676474730,64.5378,0.470961,Idle
676741216,64.5825,0.444908,Idle
677008712,64.6433,0.418108,Idle
677274455,64.7189,0.391223,Idle
677541125,64.8093,0.364371,Idle
677807769,64.9135,0.338034,Idle
678057820,65.0228,0.314139,Idle
678307955,65.1427,0.3,Idle
678558239,65.2723,0.3,Idle
678808334,65.4106,0.3,Idle
679074950,65.5666,0.327057,Idle
679341256,65.7301,0.361839,Idle
679607679,65.9,0.397308,Idle
679874312,66.0753,0.43263,Idle
680141000,66.2545,0.466942,Idle
680407654,66.4363,0.499412,Idle
680674306,66.6194,0.52927,Idle
680924316,66.791,0.554258,Idle
681190943,66.9729,0.577095,Idle
681440957,67.1413,0.594462,Idle
681707607,67.3173,0.608247,Idle
681974254,67.4886,0.616823,Idle
682224265,67.6438,0.619947,Idle
682490917,67.8026,0.617961,Idle
682743751,67.9459,0.611049,Idle
683010602,68.0884,0.598611,Idle
683274211,68.2197,0.593251,Idle
683540890,68.3421,0.59674,Idle
683807545,68.4532,0.597084,Idle
684074181,68.5524,0.594527,Idle
684340805,68.6393,0.589384,Idle
684590832,68.7092,0.582547,Idle
684841211,68.7676,0.57411,Idle
685091653,68.8142,0.56446,Idle
685343928,68.8491,0.553923,Idle
685607485,68.8727,0.542493,Idle
685874128,68.8831,0.55619,Idle
686124514,68.8806,0.573409,Idle
686390718,68.8653,0.5893,Idle
686640873,68.8392,0.601763,Idle
686907511,68.7994,0.612232,Idle
687174067,68.7475,0.619648,Idle
687424177,68.6885,0.623737,Idle
687690719,68.6151,0.624978,Idle
687940742,68.537,0.623203,Idle
688207399,68.4447,0.618201,Idle
688457916,68.3501,0.610641,Idle
688724661,68.2419,0.599655,Idle
688990907,68.127,0.585823,Idle
689241067,68.0137,0.570396,Idle
689507494,67.8882,0.551599,Idle
689757580,67.7668,0.539985,Idle
690024111,67.6345,0.551298,Idle
690274158,67.5085,0.561532,Idle
690524247,67.3816,0.570988,Idle
690774293,67.2546,0.579264,Idle
691040717,67.1202,0.586359,Idle
691291250,66.9954,0.591039,Idle
691557210,66.8655,0.59354,Idle
691807217,66.7468,0.593301,Idle
692057342,66.6319,0.590344,Idle
692323850,66.5145,0.59742,Idle
692590495,66.4031,0.610253,Idle
692857148,66.2985,0.617829,Idle
693123829,66.2012,0.619966,Idle
693373839,66.1173,0.616982,Idle
693640472,66.036,0.608553,Idle
693908394,65.9633,0.59483,Idle
694173816,65.9007,0.576366,Idle
694440661,65.8472,0.55336,Idle
694707081,65.8037,0.526495,Idle
694957091,65.772,0.498313,Idle
695223709,65.7479,0.465769,Idle
695473982,65.7344,0.43356,Idle
695740368,65.7296,0.398287,Idle
695990392,65.7341,0.364985,Idle
696257012,65.7481,0.330068,Idle
696507035,65.7697,0.3,Idle
696775315,65.8016,0.3,Idle
697040371,65.8415,0.3,Idle
697307019,65.8897,0.318404,Idle
697557051,65.9417,0.342463,Idle
697823610,66.0037,0.368906,Idle
698073661,66.0677,0.394124,Idle
698323718,66.1366,0.419418,Idle
698591514,66.2151,0.446225,Idle
698856934,66.2973,0.472133,Idle
699123584,66.3832,0.497127,Idle
699390201,66.4719,0.52072,Idle
699640216,66.5567,0.541274,Idle
699890225,66.6426,0.560041,Idle
700140674,66.7291,0.576812,Idle
700406846,66.8206,0.592172,Idle
700656875,66.9057,0.620425,Idle
700923511,66.9948,0.664734,Idle
701173536,67.076,0.704357,Idle
701440166,67.1597,0.743661,Idle
701706814,67.2397,0.779042,Idle
701973474,67.3153,0.809657,Idle
702240076,67.3859,0.834746,Idle
702490115,67.4473,0.852676,Idle
702740115,67.5036,0.864728,Idle
702990169,67.5544,0.87056,Idle
703256789,67.6022,0.869662,Idle
703507125,67.6409,0.862013,Idle
703773426,67.6753,0.846651,Idle
704040058,67.7025,0.823973,Idle
704290149,67.7215,0.79635,Idle
704557061,67.7345,0.760533,Idle
704807120,67.7402,0.721573,Idle
705073380,67.7392,0.675044,Idle
705340006,67.7312,0.624076,Idle
705590087,67.7175,0.573144,Idle
705857413,67.6965,0.516351,Idle
706123346,67.6693,0.458524,Idle
706389947,67.6361,0.422657,Idle
706639958,67.6001,0.389416,Idle
706906626,67.5568,0.353992,Idle
707173282,67.509,0.319428,Idle
707439984,67.4572,0.3,Idle
707706554,67.402,0.3,Idle
707973211,67.344,0.3,Idle
708223326,67.2876,0.3,Idle
708489848,67.226,0.3,Idle
708756498,67.1634,0.3,Idle
709023194,67.1004,0.3,Idle
709289814,67.0378,0.3,Idle
709556495,66.9761,0.3,Idle
709806510,66.9197,0.3,Idle
710056612,66.8651,0.3,Idle
710323124,66.8096,0.3,Idle
710589757,66.7572,0.3,Idle
710856445,66.7085,0.3,Idle
711123116,66.6641,0.304765,Idle
711373317,66.6266,0.33004,Idle
711639750,66.5915,0.389806,Idle
711906411,66.5617,0.451581,Idle
712156466,66.5388,0.510201,Idle
712423065,66.5201,0.572266,Idle
712689731,66.5075,0.632697,Idle
712956351,66.5009,0.690277,Idle
713207172,66.5005,0.740838,Idle
713474237,66.506,0.789827,Idle
713739645,66.5176,0.832635,Idle
713989660,66.534,0.866867,Idle
714256329,66.5572,0.896208,Idle
714523005,66.586,0.917616,Idle
714789624,66.6202,0.930708,Idle
715056275,66.6595,0.935283,Idle
715322946,66.7034,0.931303,Idle
715573012,66.7485,0.91992,Idle
715839589,66.8001,0.899921,Idle
716106254,66.8551,0.872251,Idle
716372897,66.9128,0.837536,Idle
716622914,66.9689,0.799253,Idle
716873139,67.0265,0.756118,Idle
717142101,67.0894,0.705291,Idle
717406178,67.1515,0.65191,Idle
717656194,67.2101,0.599177,Idle
717922819,67.2719,0.541672,Idle
718172825,67.3284,0.488917,Idle
718439429,67.3867,0.463541,Idle
718689460,67.4389,0.438905,Idle
718939465,67.4883,0.41378,Idle
719206119,67.5374,0.386798,Idle
719472771,67.582,0.360005,Idle
719739410,67.6219,0.333789,Idle
720006063,67.6564,0.308524,Idle
720272702,67.6851,0.3,Idle
720539363,67.7077,0.3,Idle
720806030,67.7238,0.3,Idle
721056055,67.7327,0.3,Idle
721322695,67.7355,0.3,Idle
721572761,67.7317,0.3,Idle
721823022,67.7214,0.3,Idle
722090701,67.7033,0.3,Idle
722356256,67.6781,0.320541,Idle
722622625,67.6457,0.355108,Idle
722872646,67.6089,0.388325,Idle
723122648,67.566,0.421576,Idle
723389292,67.5139,0.456292,Idle
723655939,67.4555,0.489426,Idle
723922562,67.3912,0.520185,Idle
724172598,67.326,0.546219,Idle
724439223,67.2516,0.570356,Idle
724689242,67.1778,0.589088,Idle
724955887,67.0954,0.604452,Idle
725222546,67.0097,0.632184,Idle
725472563,66.9271,0.660943,Idle
725739206,66.8371,0.687115,Idle
725989818,66.7514,0.707151,Idle
726255849,66.6601,0.723344,Idle
726522496,66.5688,0.734201,Idle
726772522,66.4842,0.739488,Idle
727039161,66.3957,0.740013,Idle
727305820,66.3099,0.735484,Idle
727572427,66.2274,0.726235,Idle
727822484,66.1538,0.71365,Idle
728089119,66.08,0.696545,Idle
728339171,66.0158,0.67755,Idle
728605723,65.9534,0.654748,Idle
728855775,65.901,0.63154,Idle
729122369,65.8523,0.620893,Idle
729372369,65.8138,0.624301,Idle
729639056,65.7809,0.62481,Idle
729905679,65.7568,0.622086,Idle
730172347,65.742,0.616167,Idle
730422637,65.7367,0.607782,Idle
730688986,65.7404,0.59597,Idle
730955641,65.7541,0.581327,Idle
731205711,65.7761,0.565221,Idle
731472299,65.8092,0.545755,Idle
731722309,65.8492,0.52559,Idle
731988965,65.9015,0.502339,Idle
732255665,65.9633,0.477612,Idle
732522252,66.0345,0.45178,Idle
732772265,66.1094,0.42687,Idle
733022332,66.1918,0.401615,Idle
733288874,66.2874,0.40799,Idle
733539395,66.3841,0.415872,Idle
733805563,66.4935,0.425487,Idle
734072797,66.6094,0.43696,Idle
734338820,66.7303,0.471005,Idle
734605474,66.8559,0.503198,Idle
734855500,66.9771,0.530942,Idle
735122151,67.1091,0.557258,Idle
735388841,67.243,0.579584,Idle
735655473,67.3779,0.59738,Idle
735922125,67.5126,0.610227,Idle
736188733,67.6463,0.617816,Idle
736438744,67.7697,0.619994,Idle
736705396,67.8984,0.616998,Idle
736955414,68.0154,0.609264,Idle
737222056,68.1353,0.595949,Idle
737472058,68.2423,0.578993,Idle
737722344,68.3433,0.558043,Idle
737988727,68.4434,0.531875,Idle
738255352,68.535,0.502299,Idle
738522023,68.6172,0.470036,Idle
738788688,68.6892,0.435864,Idle
739055501,68.7504,0.405995,Idle
739322012,68.8,0.3956,Idle
739572074,68.8357,0.387286,Idle
739822085,68.8603,0.380755,Idle
740088623,68.8742,0.406987,Idle
740338643,68.8752,0.432192,Idle
740605270,68.8634,0.458615,Idle
740871936,68.8381,0.484198,Idle
741138576,68.7993,0.508569,Idle
741405228,68.7471,0.531379,Idle
741671834,68.6816,0.552296,Idle
741921856,68.6084,0.569928,Idle
742171860,68.524,0.58541,Idle
742438487,68.4223,0.599334,Idle
742688495,68.3162,0.60979,Idle
742938501,68.2005,0.617594,Idle
743205142,68.067,0.622882,Idle
743471807,67.9238,0.624966,Idle
743724898,67.7799,0.623951,Idle
743988694,67.6224,0.636072,Idle
744255127,67.4566,0.663156,Idle
744521772,67.285,0.688145,Idle
744771783,67.1199,0.709033,Idle
745021958,66.9517,0.726918,Idle
745288368,66.7703,0.742086,Idle
745538610,66.5989,0.752222,Idle
745805052,66.4166,0.758211,Idle
746071683,66.2357,0.758899,Idle
746338304,66.0574,0.754036,Idle
746589013,65.8935,0.744287,Idle
746855249,65.7244,0.728442,Idle
747105585,65.5714,0.708489,Idle
747372129,65.4159,0.6821,Idle
747638443,65.2693,0.650803,Idle
747904961,65.1326,0.615046,Idle
748171627,65.0068,0.588566,Idle
748438248,64.8932,0.56832,Idle
748688859,64.7982,0.545399,Idle
748940052,64.7154,0.519136,Idle
749205388,64.6419,0.488435,Idle
749471743,64.5834,0.455277,Idle
749721786,64.5429,0.42272,Idle
749988514,64.5155,0.387249,Idle
750255028,64.5049,0.351873,Idle
750505112,64.5104,0.319489,Idle
750755161,64.531,0.3,Idle
751021680,64.5696,0.3,Idle
751271718,64.6214,0.3,Idle
751538313,64.6931,0.3,Idle
751788332,64.7755,0.3,Idle
752038566,64.8723,0.3,Idle
752304931,64.9906,0.3,Idle
752554948,65.1154,0.3,Idle
752805482,65.2533,0.3,Idle
753071914,65.4131,0.310386,Idle
753338445,65.5856,0.335724,Idle
753588521,65.7581,0.360344,Idle
753855109,65.9523,0.387135,Idle
754105163,66.1429,0.41244,Idle
754371714,66.3539,0.439233,Idle
754621750,66.5581,0.463861,Idle
754888493,66.7812,0.513986,Idle
755154794,67.0078,0.572745,Idle
755405504,67.2234,0.627264,Idle
755671551,67.4532,0.683163,Idle
755921939,67.669,0.732937,Idle
756188336,67.8965,0.781841,Idle
756454963,68.1206,0.825612,Idle
756721822,68.3396,0.863318,Idle
756988382,68.5517,0.894086,Idle
757254795,68.7553,0.917287,Idle
757505034,68.9377,0.931745,Idle
757771384,69.1211,0.938991,Idle
758037918,69.2922,0.93765,Idle
758288157,69.4403,0.928551,Idle
758556859,69.5847,0.910475,Idle
758821184,69.7108,0.884615,Idle
759071202,69.8147,0.853213,Idle
759337882,69.9082,0.812886,Idle
759604536,69.9829,0.766282,Idle
759854537,70.0354,0.717693,Idle
760121146,70.072,0.661623,Idle
760371173,70.0878,0.606014,Idle
760637842,70.0846,0.54459,Idle
760904743,70.0606,0.482119,Idle
761171120,70.0157,0.420015,Idle
761437758,69.9501,0.359321,Idle
761704456,69.864,0.326366,Idle
761971078,69.7578,0.301447,Idle
762237699,69.6321,0.3,Idle
762504370,69.4875,0.3,Idle
762754374,69.3355,0.3,Idle
763021001,69.1567,0.3,Idle
763271009,68.9745,0.3,Idle
763537639,68.7656,0.3,Idle
763804294,68.543,0.3,Idle
764054899,68.3225,0.3,Idle
764320966,68.0779,0.3,Idle
764587598,67.8233,0.3,Idle
764837637,67.5776,0.3,Idle
765087640,67.3265,0.3,Idle
765337766,67.0714,0.3,Idle
765604241,66.7969,0.309904,Idle
765854255,66.5385,0.341899,Idle
766120942,66.2636,0.377124,Idle
766372833,66.0064,0.410692,Idle
766637549,65.7404,0.44548,Idle
766887743,65.4946,0.477174,Idle
767138360,65.2553,0.527205,Idle
767404289,65.0108,0.581912,Idle
767670846,64.7771,0.634043,Idle
767920895,64.5695,0.679601,Idle
768187551,64.3623,0.723759,Idle
768454169,64.1712,0.762565,Idle
768720851,63.9974,0.795358,Idle
768987437,63.8424,0.821583,Idle
769237638,63.715,0.839882,Idle
769504082,63.5996,0.852415,Idle
769754112,63.5111,0.857571,Idle
770004254,63.4425,0.856375,Idle
770254373,63.3943,0.848984,Idle
770504503,63.3669,0.835672,Idle
770754535,63.3607,0.816822,Idle
771021012,63.3775,0.791164,Idle
771287794,63.4187,0.760384,Idle
771554226,63.4841,0.725324,Idle
771804470,63.5672,0.689209,Idle
772070869,63.6784,0.648217,Idle
772320978,63.8038,0.608143,Idle
772587529,63.9589,0.595438,Idle
772837700,64.1239,0.581677,Idle
773104391,64.3196,0.564478,Idle
773370905,64.5344,0.544928,Idle
773637369,64.767,0.523299,Idle
773903911,65.0163,0.499893,Idle
774153915,65.2636,0.476628,Idle
774403938,65.5227,0.452392,Idle
774656851,65.7952,0.427204,Idle
774924342,66.0932,0.400187,Idle
775189830,66.3969,0.373369,Idle
775453851,66.705,0.347075,Idle
775703861,67.0003,0.322858,Idle
775970475,67.3172,0.3,Idle
776220493,67.6144,0.3,Idle
776487166,67.9294,0.31617,Idle
776753828,68.2402,0.350607,Idle
777003829,68.5259,0.383763,Idle
777270480,68.8227,0.419254,Idle
777520483,69.0917,0.451911,Idle
777787110,69.3668,0.485291,Idle
778053757,69.628,0.516399,Idle
778320420,69.8733,0.544491,Idle
778587081,70.101,0.568895,Idle
778853752,70.3095,0.589029,Idle
779120420,70.4973,0.604411,Idle
779387046,70.663,0.614673,Idle
779653695,70.8053,0.619572,Idle
779903703,70.9167,0.619189,Idle
780170370,71.0109,0.61348,Idle
780437020,71.079,0.602436,Idle
780703653,71.1204,0.586323,Idle
780954177,71.1347,0.573314,Idle
781220407,71.1234,0.573728,Idle
781487010,71.0846,0.571497,Idle
781753664,71.0186,0.566919,Idle
782020291,70.9255,0.560358,Idle
782286944,70.8059,0.552225,Idle
782553571,70.6604,0.54297,Idle
782820231,70.4897,0.533062,Idle
783070255,70.3078,0.523603,Idle
783336904,70.0916,0.534951,Idle
783603556,69.8537,0.555532,Idle
783853818,69.6121,0.572819,Idle
784120306,69.3366,0.588814,Idle
784370470,69.0626,0.601365,Idle
784636786,68.7563,0.611923,Idle
784886895,68.4565,0.619071,Idle
785153501,68.126,0.623638,Idle
785420139,67.7863,0.624989,Idle
785690037,67.4354,0.623062,Idle
785953396,67.0883,0.618013,Idle
786203431,66.7566,0.610388,Idle
786470095,66.4028,0.599327,Idle
786736745,66.0511,0.5854,Idle
786986746,65.7255,0.569916,Idle
787253388,65.3847,0.558821,Idle
787520059,65.0529,0.571842,Idle
787786704,64.7324,0.584143,Idle
788037151,64.4436,0.594584,Idle
788303363,64.1515,0.60403,Idle
788553384,63.893,0.610945,Idle
788819960,63.6361,0.615823,Idle
789070179,63.414,0.617738,Idle
789336615,63.1994,0.61665,Idle
789586622,63.02,0.6125,Idle
789853276,62.8532,0.604599,Idle
790103562,62.721,0.610834,Idle
790355775,62.6123,0.617846,Idle
790619925,62.5259,0.61997,Idle
790886535,62.4676,0.616651,Idle
791136558,62.44,0.60862,Idle
791386559,62.4387,0.596002,Idle
791653219,62.4666,0.577786,Idle
791919844,62.5245,0.55509,Idle
792169845,62.6059,0.530218,Idle
792419870,62.7132,0.5024,Idle
792686469,62.8555,0.470155,Idle
792936487,63.0144,0.438161,Idle
793203138,63.21,0.402942,Idle
793453143,63.4169,0.369625,Idle
793705039,63.6472,0.33649,Idle
793969776,63.9116,0.302908,Idle
794219819,64.1807,0.3,Idle
794486433,64.4868,0.3,Idle
794753065,64.8108,0.3,Idle
795003436,65.1293,0.314454,Idle
795269745,65.4814,0.339947,Idle
795536356,65.8454,0.366331,Idle
795786386,66.1949,0.391522,Idle
796053036,66.5742,0.418497,Idle
796303657,66.9346,0.443616,Idle
796569689,67.3191,0.469665,Idle
796836340,67.7038,0.494775,Idle
797103006,68.0853,0.518522,Idle
797353043,68.4379,0.539246,Idle
797619645,68.8059,0.559398,Idle
797886324,69.1636,0.577263,Idle
798136330,69.4871,0.605726,Idle
798402959,69.8174,0.652792,Idle
798669625,70.1305,0.697919,Idle
798936285,70.424,0.740114,Idle
799186286,70.6796,0.776172,Idle
799452953,70.9296,0.810059,Idle
799719590,71.1546,0.838436,Idle
799970318,71.342,0.859467,Idle
800239115,71.5153,0.875358,Idle
800502886,71.6567,0.883814,Idle
800769483,71.7694,0.884862,Idle
801019518,71.847,0.878846,Idle
801286179,71.899,0.864955,Idle
801536188,71.9187,0.845053,Idle
801802830,71.9082,0.816777,Idle
802069467,71.8654,0.781672,Idle
802336144,71.7904,0.740334,Idle
802586230,71.6912,0.696568,Idle
802852775,71.5551,0.64541,Idle
803102823,71.3998,0.594028,Idle
803369432,71.2056,0.536626,Idle
803636079,70.9832,0.477609,Idle
803902732,70.7337,0.420664,Idle
804169389,70.4589,0.385184,Idle
804436021,70.1605,0.349822,Idle
804686093,69.8609,0.317512,Idle
804952687,69.5223,0.3,Idle
805219326,69.1661,0.3,Idle
805485903,68.7946,0.3,Idle
805735951,68.4344,0.3,Idle
806002597,68.0402,0.3,Idle
806252602,67.6632,0.3,Idle
806502787,67.2811,0.3,Idle
806769443,66.871,0.3,Idle
807035937,66.4609,0.3,Idle
807302550,66.053,0.3,Idle
807552561,65.6751,0.3,Idle
807802590,65.3038,0.3,Idle
808069236,64.9178,0.3,Idle
808335863,64.5444,0.3,Idle
808585885,64.2081,0.3,Idle
808852506,63.8663,0.303936,Idle
809102595,63.5637,0.358399,Idle
809369190,63.2622,0.419349,Idle
809635832,62.9845,0.481555,Idle
809885840,62.7474,0.539914,Idle
810152462,62.5212,0.601022,Idle
810419154,62.3238,0.659801,Idle
810685806,62.1567,0.715075,Idle
810935873,62.0285,0.762775,Idle
811202450,61.9233,0.808284,Idle
811469086,61.8513,0.84744,Idle
811735723,61.8129,0.879499,Idle
811985767,61.8078,0.902589,Idle
812235998,61.8328,0.918575,Idle
812486117,61.8877,0.927208,Idle
812752615,61.979,0.928222,Idle
813002871,62.0948,0.921536,Idle
813269714,62.25,0.906467,Idle
813536473,62.4367,0.883588,Idle
813802564,62.6532,0.853517,Idle
814052793,62.8833,0.819237,Idle
814319152,63.1548,0.777113,Idle
814569289,63.4334,0.733059,Idle
814835970,63.7536,0.682241,Idle
815102564,64.0957,0.62851,Idle
815352631,64.4347,0.576436,Idle
815619363,64.8132,0.52018,Idle
815886211,65.2071,0.491242,Idle
816153244,65.6138,0.465929,Idle
816419682,66.0294,0.439724,Idle
816686377,66.4527,0.412924,Idle
816953836,66.8816,0.38586,Idle
817221244,67.3119,0.359006,Idle
817472234,67.7148,0.334333,Idle
817735615,68.1337,0.309347,Idle
817986023,68.526,0.3,Idle
818252400,68.9342,0.3,Idle
818504881,69.3102,0.3,Idle
818768801,69.6892,0.3,Idle
819035419,70.0551,0.3,Idle
819302087,70.4017,0.3,Idle
819552091,70.7068,0.3,Idle
819818754,71.0091,0.316078,Idle
820068757,71.2691,0.348325,Idle
820335410,71.5197,0.383665,Idle
820602040,71.7408,0.419154,Idle
820852053,71.9203,0.451815,Idle
821118711,72.0806,0.485204,Idle
821368720,72.2008,0.514459,Idle
821635378,72.296,0.542768,Idle
821902006,72.3566,0.567428,Idle
822168686,72.3821,0.587857,Idle
822435320,72.3723,0.603559,Idle
822701990,72.3271,0.614165,Idle
822968635,72.2469,0.637627,Idle
823235284,72.1322,0.663083,Idle
823485306,71.9937,0.682721,Idle
823751981,71.8142,0.698916,Idle
824018612,71.6028,0.710081,Idle
824285251,71.3609,0.716206,Idle
824551896,71.09,0.7174,Idle
824818561,70.792,0.713877,Idle
825085219,70.4687,0.705959,Idle
825351887,70.1222,0.694056,Idle
825618542,69.7549,0.678659,Idle
825885180,69.3691,0.660321,Idle
826135188,68.9927,0.640988,Idle
826401805,68.5784,0.61869,Idle
826668467,68.1532,0.616366,Idle
826918470,67.7472,0.621929,Idle
827168478,67.3365,0.624685,Idle
827435109,66.8961,0.624494,Idle
827701749,66.4559,0.621075,Idle
827968660,66.0184,0.614469,Idle
828235093,65.5877,0.604792,Idle
828485098,65.1916,0.593035,Idle
828751725,64.7804,0.577811,Idle
829018389,64.3834,0.560027,Idle
829285066,64.0032,0.539941,Idle
829551688,63.6425,0.517847,Idle
829818360,63.3035,0.494054,Idle
830085004,62.9885,0.468911,Idle
830351657,62.6996,0.442776,Idle
830618355,62.4387,0.427885,Idle
830884973,62.2077,0.435158,Idle
831134996,62.0195,0.443083,Idle
831401620,61.8503,0.452276,Idle
831668313,61.7148,0.46178,Idle
831918458,61.6192,0.481139,Idle
832168559,61.5546,0.510707,Idle
832434965,61.5204,0.5394,Idle
832701612,61.5221,0.564554,Idle
832968232,61.5597,0.585539,Idle
833218295,61.6275,0.600988,Idle
833484926,61.734,0.612574,Idle
833734965,61.8652,0.618615,Idle
834001524,62.0379,0.619769,Idle
834268187,62.2432,0.615439,Idle
834534786,62.4798,0.60573,Idle
834784835,62.7288,0.591939,Idle
835051499,63.0215,0.572568,Idle
835301513,63.3198,0.550438,Idle
835568124,63.6613,0.523141,Idle
835834807,64.025,0.492659,Idle
836084810,64.3837,0.461842,Idle
836334825,64.7577,0.429515,Idle
836585474,65.1456,0.396275,Idle
836851947,65.5699,0.371586,Idle
837119453,66.0053,0.362132,Idle
837385710,66.4452,0.362478,Idle
837652798,66.8903,0.389348,Idle
837919478,67.3354,0.416331,Idle
838186355,67.7786,0.443099,Idle
838453354,68.217,0.469257,Idle
838719951,68.6467,0.49438,Idle
838986491,69.0656,0.518142,Idle
839253210,69.4711,0.54022,Idle
839520393,69.8611,0.560313,Idle
839786652,70.231,0.578035,Idle
840052937,70.5797,0.593205,Idle
840320594,70.9066,0.60566,Idle
840587342,71.2066,0.615109,Idle
840854091,71.479,0.621462,Idle
841120767,71.7218,0.624627,Idle
841387874,71.9339,0.628503,Idle
841654551,72.1132,0.659089,Idle
841917904,72.2574,0.687395,Idle
842167909,72.363,0.711866,Idle
842434452,90.7875,0.65,Idle
842684457,90.7875,0.593395,Idle
842934517,90.7875,0.501801,Idle
843184526,90.7875,0.233406,Idle
843451121,59.8358,1,Idle
843717731,59.8358,1,Idle
843984416,59.8358,1,Idle
844234429,71.3706,1,Idle
844501115,71.3706,0.789833,Idle
844767802,71.3706,0.589542,Idle
845034391,69.2234,1,Idle
845300998,57.4682,1,Idle
845551092,57.4682,1,Idle
845802065,57.4682,1,Idle
846068766,78.054,0.747533,Idle
846335856,61.3265,0.993719,Idle
846603088,85.8507,1,Idle
846869880,85.8507,1,Idle
847136270,85.8507,0.918655,Idle
847403013,85.8507,1,Idle
847670316,52.7521,1,Idle
847936792,44.3791,1,Idle
848203806,44.3791,0.78671,Idle
848470416,61.091,0.554862,Idle
848737335,82.5062,0.598779,Idle
849004130,82.5062,0.993225,Idle
849270655,77.3706,0.677061,Idle
849537269,75.8347,0.954515,Idle
849804112,94.7434,1,Idle
850067507,94.7434,0.281176,Idle
850334289,94.7434,1,Idle
850600866,94.7434,0.415222,Idle
850850874,94.7434,0.275059,Idle
851117518,94.7434,0.268254,Idle
851384227,94.7434,0.192012,Idle
851650827,94.7434,0.255792,Idle
851917428,94.7434,0.16291,Idle
852184124,94.7434,0.20875,Idle
852450868,94.7434,0.228581,Idle
852700876,94.7434,0.244533,Idle
852951027,61.6055,0.617493,Idle
853217891,61.5883,0.674889,Idle
853485318,61.6067,0.729309,Idle
853751795,75.2549,1,Idle
854019561,78.6532,1,Idle
854286223,78.6532,1,Idle
854552278,78.6532,0.344043,Idle
854818568,67.5698,1,Idle
855086310,67.5698,0.834813,Idle
855352688,67.5698,0.711381,Idle
855620127,53.1497,1,Idle
855886669,53.1497,0.815617,Idle
856153021,102.903,1,Idle
856419679,102.903,0.853427,Idle
856686634,102.903,0.863807,Idle
856953610,99.1889,1,Idle
857220386,99.1889,0.344721,Idle
857487132,110.799,0.235595,Idle
857753890,110.799,0.738765,Idle
858020971,79.3356,1,Idle
858283822,79.3356,1,Idle
858550456,79.3356,0.794025,Idle
858800531,79.3356,0.324005,Idle
859050537,42.1688,0.631276,Idle
859317137,42.1688,0.170158,Idle
859567204,42.1688,0.239064,Idle
859817209,42.1688,0.220596,Idle
860083804,56.4374,0.576601,Idle
860333837,56.4374,0.606291,Idle
860600508,56.4374,0.173654,Idle
860867053,65.8441,0.667162,Idle
861133765,65.8441,0.236087,Idle
861400463,65.8441,0.356762,Idle
861667127,72.2414,0.242497,Idle
861933724,72.2414,0.317466,Idle
862183728,78.881,0.675451,Idle
862434561,78.881,0.163257,Idle
862701374,78.881,0.15765,Idle
862968993,78.881,0.255021,Idle
863235924,78.881,0.197784,Idle
863502427,78.881,0.186906,Idle
863769666,78.881,0.287516,Idle
864036355,78.881,0.202701,Idle
864302527,72.1008,0.466841,Idle
864569332,71.9868,0.499336,Idle
864836367,84.5851,0.577422,Idle
865102817,84.5851,0.190621,Idle
865369527,92.0642,0.240016,Idle
865636412,92.0642,0.224519,Idle
865902846,92.0642,0.22479,Idle
866170357,92.0642,0.234332,Idle
866433516,62.8876,0.259816,Idle
866683528,62.8876,0.173611,Idle
866950193,83.9908,0.631662,Idle
867216895,83.9908,0.276444,Idle
867466895,83.9908,0.524667,Idle
867733433,86.7541,0.670169,Idle
867983454,79.275,0.884234,Idle
868250083,79.275,0.863448,Idle
868500113,102.328,0.720879,Idle
868766765,102.328,0.686006,Idle
869033428,82.3161,0.65205,Idle
869283457,82.3161,0.315919,Idle
869533476,115.221,0.231147,Idle
869783809,115.221,0.283519,Idle
870051313,115.221,0.26484,Idle
870317532,115.221,0.259491,Idle
870585361,92.1678,0.212192,Idle
870852056,92.1678,0.388212,Idle
871118208,71.7397,0.830977,Idle
871385307,71.7397,1,Idle
871652386,71.7397,1,Idle
871918052,59.309,1,Idle
872186161,59.309,0.558172,Idle
872452759,59.309,0.499013,Idle
872718982,56.8354,0.522207,Idle
872986035,56.8354,0.546288,Idle
873252354,56.8354,0.248324,Idle
873519282,56.8354,0.188492,Idle
873786121,56.8354,0.22087,Idle
874052992,38.4567,0.385762,Idle
874319661,51.8947,0.72756,Idle
874586758,91.7734,1,Idle
874849821,118.099,1,Idle
875099823,118.099,1,Idle
875366494,118.099,0.63453,Idle
875616545,118.099,0.274635,Idle
875883120,118.099,0.235354,Idle
876133498,83.3625,0.24599,Idle
876399772,83.3625,0.107782,Idle
876649789,83.3625,0.15032,Idle
876899799,83.3625,0.191166,Idle
877149840,83.3625,0.151244,Idle
877400021,83.3625,0.234565,Idle
877666478,83.3625,0.139735,Idle
877935004,83.3625,0.231716,Idle
878200147,58.5892,0.241631,Idle
878467627,66.088,0.565555,Idle
878734652,66.4777,0.550828,Idle
879000915,72.6103,1,Idle
879267495,72.6103,0.691892,Idle
879535283,72.6103,0.646992,Idle
879801851,72.6103,0.195627,Idle
880068229,51.9796,0.608242,Idle
880335211,51.9796,0.20852,Idle
880601065,51.9796,0.209489,Idle
880869459,51.9796,0.141476,Idle
881138164,51.9796,0.356667,Idle
881402299,51.9796,0.223718,Idle
881668931,51.9796,0.179579,Idle
881935847,51.9796,0.186351,Idle
882202350,51.9796,0.192199,Idle
882469477,51.9796,0.22709,Idle
882736134,51.9796,0.215679,Idle
882999568,51.9796,0.171856,Idle
883249577,51.9796,0.139957,Idle
883499628,51.9796,0.179885,Idle
883766159,51.9796,0.386907,Idle
884016183,54.5297,0.234082,Idle
884282841,54.5297,0.164582,Idle
884549486,54.5297,0.17248,Idle
884799506,54.5297,0.146276,Idle
885049536,54.5297,0.144824,Idle
885316174,54.5297,0.145864,Idle
885582821,54.5297,0.213818,Idle
885849432,71.0578,0.628832,Idle
886116155,70.863,0.636374,Idle
886382802,70.6437,0.640907,Idle
886649446,70.4014,0.642071,Idle
886899454,70.1548,0.639851,Idle
887150063,69.8903,0.634238,Idle
887417687,69.5906,0.624399,Idle
887683320,69.2775,0.613643,Idle
887952174,68.9469,0.619269,Idle
888218468,68.6082,0.619358,Idle
888486224,68.2585,0.613942,Idle
888751835,67.905,0.603244,Idle
889019531,67.5444,0.587351,Idle
889286088,67.1834,0.566808,Idle
889552824,66.8227,0.54203,Idle
889818626,66.4662,0.513725,Idle
890085556,66.1134,0.482347,Idle
890351984,50.5347,0.871326,Idle
890619049,71.2019,1,Idle
890886828,71.2019,1,Idle
891152911,71.2019,0.847218,Idle
891420135,81.0784,0.665251,Idle
891682484,81.0784,0.705064,Idle
891949140,81.0784,0.206348,Idle
892199162,81.0784,0.410806,Idle
892449170,81.0784,0.317432,Idle
892699907,81.0784,0.119632,Idle
892966468,76.1608,0.164312,Idle
893233984,76.1608,0.123731,Idle
893500115,76.1608,0.450486,Idle
893766940,76.1608,0.214031,Idle
894034203,76.1608,0.166488,Idle
894301320,76.1608,0.230972,Idle
894567876,76.1608,0.151683,Idle
894832473,71.1238,0.602614,Idle
895082479,50.4566,1,Idle
895332617,50.4566,0.203647,Idle
895599214,50.4566,0.247478,Idle
895865764,61.268,0.716304,Idle
896132443,61.268,0.188207,Idle
896382471,61.268,0.335908,Idle
896649028,61.268,0.271933,Idle
896901845,61.268,0.166896,Idle
897167182,61.268,0.22991,Idle
897432620,61.268,0.187673,Idle
897701774,61.268,0.274434,Idle
897968803,61.268,0.215673,Idle
898235136,66,0.181043,Idle
898502208,66,0.272148,Idle
898768824,66,0.209557,Idle
899038838,66,0.144361,Idle
899302392,66,0.15681,Idle
899568994,66,0.208446,Idle
899832276,66,0.180392,Idle
900082299,66,0.130493,Idle
900332304,66,0.179754,Idle
900582307,66,0.159691,Idle
900848942,68.3058,0.564615,Idle
901115630,68.5984,0.504994,Idle
901382313,68.8785,0.444515,Idle
901648909,69.1443,0.387609,Idle
901915552,69.3942,0.352211,Idle
902182204,69.6267,0.317714,Idle
902448856,69.8403,0.3,Idle
902698874,70.0223,0.3,Idle
902965483,70.1957,0.3,Idle
903215532,70.338,0.3,Idle
903465605,70.4601,0.3,Idle
903732340,70.5672,0.3,Idle
903998794,70.65,0.3,Idle
904248829,70.7051,0.3,Idle
904517893,70.74,0.3,Idle
904782114,70.7495,0.3,Idle
905048755,70.7343,0.3,Idle
905315404,70.6944,0.3,Idle
905565441,70.6351,0.3,Idle
905832016,70.549,0.3,Idle
906098711,70.4399,0.3,Idle
906365324,70.3089,0.30135,Idle
906615365,52.0507,0.182978,Idle
906865367,52.0507,0.174625,Idle
907118591,88.8197,0.194669,Idle
907385056,88.8197,0.163554,Idle
907651832,88.8197,0.278278,Idle
907915321,88.8197,0.167339,Idle
908181964,88.8197,0.197388,Idle
908448654,56.9562,0.251096,Idle
908715232,56.9562,0.195942,Idle
908981915,56.9562,0.270773,Idle
909231928,56.9562,0.185673,Idle
909498593,56.9562,0.153261,Idle
909765238,56.9562,0.288863,Idle
910015246,56.9562,0.250989,Idle
910281871,56.9562,0.165611,Idle
910531875,56.9562,0.249088,Idle
910781889,56.9562,0.184756,Idle
911048513,56.9562,0.18126,Idle
911298574,56.9562,0.207436,Idle
911565151,56.9562,0.149269,Idle
911831756,56.9562,0.21719,Idle
912081802,56.9562,0.261618,Idle
912334281,64.8356,0.69641,Idle
912598447,95.1773,1,Idle
912865051,95.1773,1,Idle
913115054,95.1773,0.933698,Idle
913365071,89.6207,0.687941,Idle
913615082,63.3324,0.938697,Idle
913867908,94.1296,0.455088,Idle
914135727,112.762,0.628915,Idle
914402130,116.355,0.224721,Idle
914668593,111.791,1,Idle
914935253,111.791,0.420227,Idle
915200653,86.5207,0.266381,Idle
915468563,86.5207,0.202767,Idle
915735203,86.5207,0.154135,Idle
915998251,86.5207,0.177992,Idle
916264869,86.5207,0.242393,Idle
916514897,86.5207,0.187618,Idle
916781553,86.5207,0.171453,Idle
917048185,67.4209,0.280735,Idle
917298207,67.4209,0.179545,Idle
917564848,67.4209,0.175157,Idle
917814898,67.4209,0.190963,Idle
918081513,67.4209,0.198266,Idle
918331552,67.4209,0.195388,Idle
918598232,67.4209,0.169217,Idle
918848245,67.4209,0.15315,Idle
919114873,67.4209,0.16832,Idle
919364873,82.9572,0.343386,Idle
919631502,66.3869,0.585444,Idle
919881502,66.6119,0.600912,Idle
920148173,80.752,0.203462,Idle
920414714,80.752,0.247188,Idle
920681443,80.752,0.172806,Idle
920948114,80.752,0.199073,Idle
921216512,80.752,0.180047,Idle
921481404,56.6252,0.388818,Idle
921731408,56.6252,0.238687,Idle
921998028,56.6252,0.276412,Idle
922264647,56.6252,0.233941,Idle
922514717,63.6933,0.510149,Idle
922781371,63.6933,0.339474,Idle
923031612,63.6933,0.191203,Idle
923283434,63.6933,0.188486,Idle
923550623,63.6933,0.251499,Idle
923818165,58.444,0.565352,Idle
924084093,58.444,0.267662,Idle
924347933,58.444,0.151913,Idle
924597989,58.444,0.220884,Idle
924864599,58.444,0.295991,Idle
925131246,58.444,0.248274,Idle
925381248,58.444,0.20355,Idle
925631260,58.444,0.15778,Idle
925897909,58.444,0.22453,Idle
926164489,58.444,0.203322,Idle
926414493,58.444,0.180129,Idle
926681155,58.444,0.250981,Idle
926947788,58.444,0.125488,Idle
927197793,58.444,0.227052,Idle
927464431,58.444,0.180504,Idle
927714472,58.444,0.234789,Idle
927981133,58.444,0.138648,Idle
928231165,58.444,0.180161,Idle
928497727,58.444,0.256498,Idle
928747956,58.444,0.184606,Idle
929014458,58.444,0.140933,Idle
929281112,58.444,0.147885,Idle
929547776,58.444,0.129927,Idle
929797778,58.444,0.149284,Idle
930064419,58.444,0.176478,Idle
930331055,58.444,0.240524,Idle
930597721,58.444,0.154022,Idle
930847756,58.444,0.142404,Idle
931100377,58.444,0.174545,Idle
931366441,58.444,0.201903,Idle
931633726,66.2476,0.618267,Idle
931901573,66.0821,0.611158,Idle
932167787,90.747,1,Idle
932430942,115.87,1,Idle
932697488,115.87,1,Idle
932947550,101.166,1,Idle
933197587,101.166,0.338666,Idle
933464281,106.37,0.459912,Idle
933730897,106.37,0.20323,Idle
933980950,75.193,0.590123,Idle
934247563,75.193,0.229151,Idle
934514216,75.193,0.313512,Idle
934764235,75.193,0.179506,Idle
935030850,75.193,0.353817,Idle
935280857,75.193,0.355219,Idle
935530897,75.193,0.221563,Idle
935797531,75.193,0.339458,Idle
936064229,75.193,0.415117,Idle
936330844,75.193,0.19893,Idle
936597484,75.193,0.205804,Idle
936847484,90.8854,0.224147,Idle
937114130,90.8854,0.261689,Idle
937380797,101.934,0.385111,Idle
937647478,101.934,0.230726,Idle
937914142,101.934,0.161473,Idle
938182662,101.934,0.16884,Idle
938449211,61.4623,0.296001,Idle
938716411,61.4623,0.37755,Idle
938984250,61.4623,0.253457,Idle
939250677,61.4623,0.245366,Idle
939517289,61.4623,0.221546,Idle
939783952,61.4623,0.243117,Idle
940050506,61.4623,0.177161,Idle
940317814,61.4623,0.187644,Idle
940584769,61.4623,0.207028,Idle
940847309,61.4623,0.489201,Idle
941113986,67.2572,0.801023,Idle
941364521,67.3816,0.798061,Idle
941614575,67.5012,0.789533,Idle
941880632,67.6225,0.774336,Idle
942147289,67.7372,0.752892,Idle
942413907,67.8442,0.725492,Idle
942663961,67.9371,0.694734,Idle
942930594,68.0277,0.65704,Idle
943197264,68.1089,0.614921,Idle
943463905,68.1803,0.569145,Idle
943730516,68.2416,0.540795,Idle
943980531,68.2896,0.514117,Idle
944230593,68.3284,0.484828,Idle
944497167,68.3593,0.451427,Idle
944747180,68.3786,0.418755,Idle
945013846,75.7265,0.195387,Idle
945280465,75.7265,0.217926,Idle
945533399,75.7265,0.416041,Idle
945797113,75.7265,0.159878,Idle
946063796,75.7265,0.285835,Idle
946313796,75.7265,0.176307,Idle
946563796,75.7265,0.281101,Idle
946830397,75.7265,0.208841,Idle
947080430,75.7265,0.228522,Idle
947333891,75.7265,0.226427,Idle
947599476,67.9924,0.3,Idle
947866261,67.9106,0.3,Idle
948133265,67.8238,0.3,Idle
948399759,67.7328,0.3,Idle
948667180,55.6578,0.401754,Idle
948933761,55.6578,0.154406,Idle
949196936,55.6578,0.140572,Idle
949446961,82.8546,0.153139,Idle
949696976,83.0925,0.227726,Idle
949947012,82.3632,0.223225,Idle
950213541,102.447,0.677605,Idle
950463583,102.447,0.37754,Idle
950730264,102.447,0.239072,Idle
950996924,102.447,0.16442,Idle
951263583,57.3568,0.259565,Idle
951530240,57.3568,0.260092,Idle
951796847,81.6663,0.227673,Idle
952063515,81.6663,0.35091,Idle
952330204,81.6663,0.248076,Idle
952580210,80.2046,0.22892,Idle
952846852,81.6663,0.135683,Idle
953113511,58.0906,0.159641,Idle
953363521,58.0906,0.188519,Idle
953630150,58.0906,0.18796,Idle
953896816,58.0906,0.185977,Idle
954163460,58.0906,0.198449,Idle
954413471,58.0906,0.182488,Idle
954682723,57.091,0.311929,Idle
954948862,66.1794,0.738495,Idle
955216849,93.3752,0.508807,Idle
955483929,117.069,0.827398,Idle
955749831,107.792,1,Idle
956016591,100.994,0.997604,Idle
956283457,100.994,0.212275,Idle
956549889,100.994,0.368057,Idle
956817072,87.4879,0.277049,Idle
957082975,62.9552,0.25886,Idle
957346666,62.9552,0.584445,Idle
957597069,62.9552,0.149887,Idle
957863286,79.5714,0.323906,Idle
958142933,79.5714,0.194203,Idle
958394056,79.5714,0.206315,Idle
958660459,58.5747,0.227288,Idle
958927474,58.5747,0.162104,Idle
959193933,96.1519,0.132919,Idle
959460177,96.1519,0.176855,Idle
959710207,96.1519,0.165854,Idle
959960328,96.1519,0.323634,Idle
960226796,96.1519,0.239564,Idle
960477112,96.1519,0.190721,Idle
960743534,96.1519,0.413647,Idle
961010051,96.1519,0.165397,Idle
961260285,96.1519,0.181402,Idle
961527014,96.1519,0.175939,Idle
961777025,96.1519,0.135891,Idle
962043324,96.1519,0.132153,Idle
962293492,67.4977,0.524895,Idle
962543560,67.5071,0.563783,Idle
962810424,67.5111,0.612779,Idle
963076928,81.0726,0.167656,Idle
963343599,80.4599,0.142943,Idle
963610458,80.4599,0.378284,Idle
963876640,90.1903,0.248373,Idle
964126682,90.1903,0.219112,Idle
964376809,90.1903,0.161073,Idle
964626849,93.5504,0.125264,Idle
964893376,93.5504,0.186197,Idle
965143498,93.5504,0.181085,Idle
965410059,79.4777,0.632691,Idle
965660255,56.3046,0.233825,Idle
965926218,56.3046,0.174069,Idle
966176935,56.3046,0.178421,Idle
966443608,78.9729,0.170665,Idle
966710269,78.9729,0.145381,Idle
966960422,78.9729,0.183754,Idle
967227079,78.9729,0.176927,Idle
967493583,78.9729,0.279234,Idle
967760148,54.2855,0.185963,Idle
968026798,55.3451,0.280084,Idle
968293418,54.2855,0.28996,Idle
968543879,54.2855,0.641835,Idle
968810056,54.2855,0.16536,Idle
969060339,56.5261,0.155785,Idle
969326735,56.5261,0.235173,Idle
969594142,80.8732,0.180549,Idle
969860113,80.8732,0.189762,Idle
970126742,80.8732,0.159572,Idle
970376811,80.8732,0.167409,Idle
970626928,80.8732,0.248633,Idle
970893524,53.6988,0.345701,Idle
971143589,53.6988,0.394229,Idle
971410122,53.6988,0.160052,Idle
971660134,78.7684,0.164424,Idle
971910212,78.7684,0.316531,Idle
972175988,78.4381,0.418826,Idle
972426680,70.3389,0.429651,Idle
972693387,70.3389,0.180066,Idle
972943541,69.5426,0.225847,Idle
973210273,69.5426,0.196924,Idle
973476826,69.5426,0.142132,Idle
973743487,69.5426,0.19016,Idle
973993591,69.5426,0.277907,Idle
974243631,62.0802,0.316335,Idle
974493649,62.0802,0.275972,Idle
974743707,62.0802,0.202548,Idle
975010452,62.0802,0.271083,Idle
975262226,62.0802,0.298231,Idle
975526599,62.0802,0.224132,Idle
975777029,62.0802,0.174901,Idle
976043567,62.0802,0.197513,Idle
976310195,51.4384,0.248612,Idle
976576038,51.4384,0.15711,Idle
976826847,51.4384,0.188609,Idle
977093694,68.3288,0.510792,Idle
977360169,68.3288,0.167155,Idle
977626636,68.3288,0.249615,Idle
977876962,74.1793,0.209688,Idle
978143389,74.1793,0.315842,Idle
978393448,74.1793,0.303812,Idle
978660354,74.1793,0.174143,Idle
978926842,74.1793,0.16195,Idle
979193554,55.2626,0.153017,Idle
979460340,55.2626,0.596363,Idle
979726882,55.2626,0.263522,Idle
979993617,61.6956,0.396632,Idle
980260130,61.6956,0.36169,Idle
980510396,61.6956,0.245498,Idle
980775950,61.6956,0.25977,Idle
981026891,51.7642,0.232907,Idle
981293425,51.7642,0.589188,Idle
981543531,51.7642,0.274526,Idle
981809138,79.8728,0.834909,Idle
982060231,74.8208,1,Idle
982326248,74.8208,0.799195,Idle
982593582,74.8208,0.602461,Idle
982860233,65.5436,1,Idle
983126257,65.5436,1,Idle
983376994,65.5436,0.638738,Idle
983643494,80.8962,0.728209,Idle
983910027,69.9259,0.70849,Idle
984160052,90.5887,1,Idle
984426503,90.5887,0.719816,Idle
984676694,90.5887,0.719353,Idle
984927014,90.5887,0.662525,Idle
985193475,80.5725,0.589279,Idle
985443512,80.5725,0.590594,Idle
985710116,80.5725,0.477737,Idle
985976808,80.5725,0.563161,Idle
986226892,80.5725,0.623828,Idle
986477016,84.7845,0.628665,Idle
986743442,57.6397,0.939825,Idle
987010200,85.3551,0.761052,Idle
987276795,106.815,1,Idle
987543809,106.815,0.635079,Idle
987810108,106.815,0.48465,Idle
988077102,106.815,0.563321,Idle
988342879,106.815,0.568231,Idle
988593470,77.3084,0.828759,Idle
988860089,77.3084,0.818881,Idle
989110229,77.3084,0.289806,Idle
989360369,58.9533,0.577094,Idle
989626757,58.9533,0.680546,Idle
989876867,58.9533,0.273891,Idle
990143310,58.9533,0.62329,Idle
990393415,58.9533,0.217954,Idle
990660219,58.9533,0.244082,Idle
990926809,43.1979,0.75619,Idle
991193349,51.2446,0.989854,Idle
991443392,51.2446,1,Idle
991693608,51.2446,1,Idle
991960075,51.2446,0.535048,Idle
992226814,65.8637,0.486771,Idle
992493475,43.2911,0.500005,Idle
992760113,43.2911,0.5,Idle
993010123,43.2911,0.5,Idle
993276587,43.2911,0.00604563,Idle
993526846,66.5509,0.652305,Idle
993793419,66.7122,0.701449,Idle
994043445,66.8677,0.744705,Idle
994310107,67.037,0.786867,Idle
994560221,67.198,0.821874,Idle
994826335,67.3705,0.853498,Idle
995076625,67.5328,0.877307,Idle
995343418,67.7047,0.895765,Idle
995610222,67.8743,0.906609,Idle
995876750,68.0402,0.909508,Idle
996143243,68.2013,0.904307,Idle
996393556,68.3472,0.89204,Idle
996659990,68.4955,0.871276,Idle
996910039,68.6273,0.844838,Idle
997176766,68.7588,0.809669,Idle
997426971,68.8727,0.770687,Idle
997693330,68.9831,0.723536,Idle
997943544,69.0757,0.674705,Idle
998210065,69.1616,0.618797,Idle
998460121,69.2298,0.563633,Idle
998711114,69.2854,0.506597,Idle
998981768,69.3305,0.444365,Idle
999232163,69.3579,0.387195,Idle
999496979,69.3717,0.341243,Idle
999761768,69.3695,0.307433,Idle
1000028213,69.3509,0.3,Idle
1000278501,69.3185,0.3,Idle
1000544927,69.2681,0.3,Idle
1000794948,69.206,0.3,Idle
1001061499,69.1243,0.3,Idle
1001312515,69.033,0.3,Idle
1001578143,68.9217,0.3,Idle
1001845340,68.7951,0.3,Idle
1002095885,68.6637,0.3,Idle
1002362309,68.5112,0.3,Idle
1002612865,68.3567,0.3,Idle
1002879494,68.1813,0.3,Idle
1003145804,67.9958,0.3,Idle
1003395992,67.8134,0.3,Idle
1003649105,67.6217,0.3,Idle
1003917533,67.4119,0.308103,Idle
1004178282,67.203,0.341418,Idle
1004444760,66.9856,0.391229,Idle
1004711432,66.7656,0.452296,Idle
1004962673,66.5575,0.510156,Idle
1005228192,66.338,0.570497,Idle
1005494710,66.1197,0.629071,Idle
1005744931,65.9179,0.681226,Idle
1005995695,65.7201,0.729827,Idle
1006248706,65.5262,0.77431,Idle
1006512867,65.3312,0.815063,Idle
1006785994,65.1391,0.85032,Idle
1007046169,64.9664,0.876806,Idle
1007297245,64.8104,0.895391,Idle
1007562177,64.6585,0.907295,Idle
1007813291,64.5275,0.911152,Idle
1008078880,64.4036,0.907392,Idle
1008328977,64.3018,0.896644,Idle
1008581280,64.2143,0.879009,Idle
1008847046,64.1396,0.853509,Idle
1009111496,64.0835,0.821682,Idle
1009362203,64.0478,0.786225,Idle
1009627864,64.0289,0.743843,Idle
1009878012,64.0291,0.700224,Idle
1010128545,64.047,0.653778,Idle
1010378566,64.0826,0.605539,Idle
1010644516,64.1399,0.553148,Idle
1010911125,64.2172,0.530903,Idle
1011161127,64.3075,0.509531,Idle
1011411272,64.4146,0.486761,Idle
1011661402,64.538,0.462894,Idle
1011927743,64.6868,0.436613,Idle
1012178281,64.8422,0.411404,Idle
1012444420,65.0228,0.384475,Idle
1012711078,65.2189,0.357717,Idle
1012977726,65.4287,0.331567,Idle
1013244398,65.6512,0.3064,Idle
1013511008,65.8847,0.3,Idle
1013761227,66.1126,0.3,Idle
1014027641,66.3632,0.3,Idle
1014277727,66.6045,0.3,Idle
1014528987,66.8512,0.3,Idle
1014795617,67.1163,0.31374,Idle
1015060980,67.3817,0.347907,Idle
1015327650,67.6482,0.383243,Idle
1015577693,67.8963,0.416539,Idle
1015844287,68.1572,0.451408,Idle
1016094348,68.3969,0.482797,Idle
1016360924,68.6454,0.514099,Idle
1016627570,68.8851,0.542447,Idle
1016894202,69.1142,0.567155,Idle
1017144203,69.3179,0.586491,Idle
1017394731,69.51,0.60173,Idle
1017661026,69.6994,0.61303,Idle
1017911126,69.8624,0.61881,Idle
1018177686,70.0188,0.619679,Idle
1018444197,70.1564,0.633153,Idle
1018694211,70.2672,0.647992,Idle
1018960834,70.3651,0.659628,Idle
1019227436,70.4413,0.666918,Idle
1019477444,70.4924,0.669876,Idle
1019727445,70.5233,0.669232,Idle
1019977449,70.5337,0.665208,Idle
1020227548,70.5235,0.658089,Idle
1020477551,70.4924,0.648227,Idle
1020745034,70.4362,0.635082,Idle
1021010718,70.3571,0.619883,Idle
1021277379,70.2547,0.603036,Idle
1021527399,70.1382,0.59111,Idle
1021794016,69.9928,0.603949,Idle
1022044063,69.8372,0.613329,Idle
1022310686,69.6518,0.620357,Idle
1022560687,69.4607,0.624069,Idle
1022815162,69.2499,0.624938,Idle
1023081308,69.0133,0.622695,Idle
1023344139,68.7649,0.617348,Idle
1023610643,68.4995,0.608827,Idle
1023860826,68.2394,0.598095,Idle
1024127242,67.9527,0.583912,Idle
1024377267,67.676,0.568196,Idle
1024627295,67.3934,0.550353,Idle
1024893901,67.0876,0.529239,Idle
1025143904,66.7984,0.507745,Idle
1025410565,66.4892,0.483325,Idle
1025677277,66.1812,0.477585,Idle
1025927326,65.8954,0.485194,Idle
1026193919,65.596,0.493712,Idle
1026460633,65.3037,0.502202,Idle
1026727210,65.0209,0.510198,Idle
1026993863,64.7493,0.517263,Idle
1027260545,64.4909,0.522979,Idle
1027527608,64.2472,0.549019,Idle
1027793920,64.0209,0.572691,Idle
1028060494,63.8127,0.59203,Idle
1028327089,63.6243,0.606549,Idle
1028578020,63.4664,0.615499,Idle
1028830213,63.3276,0.619691,Idle
1029096430,63.204,0.618792,Idle
1029363491,63.1045,0.612421,Idle
1029630646,63.0303,0.60072,Idle
1029896819,62.9823,0.584039,Idle
1030163112,62.9606,0.562733,Idle
1030427023,62.9653,0.537558,Idle
1030677100,62.9941,0.510508,Idle
1030943766,63.0507,0.478891,Idle
1031193829,63.1279,0.447299,Idle
1031460268,63.2355,0.41233,Idle
1031710324,63.3598,0.379012,Idle
1031960361,63.506,0.345927,Idle
1032210398,63.6733,0.313768,Idle
1032477007,63.8742,0.324741,Idle
1032727053,64.0825,0.349025,Idle
1032977291,64.309,0.373974,Idle
1033243775,64.5689,0.400897,Idle
1033510420,64.8465,0.427823,Idle
1033777090,65.14,0.454352,Idle
1034043815,65.4476,0.480104,Idle
1034311051,65.7677,0.50475,Idle
1034578375,66.0979,0.527889,Idle
1034844739,66.4348,0.549108,Idle
1035111193,66.7772,0.568193,Idle
1035378339,67.124,0.584902,Idle
1035645497,67.4717,0.598943,Idle
1035912300,67.8177,0.6101,Idle
1036179045,68.1601,0.61823,Idle
1036445964,68.4967,0.634975,Idle
1036711895,68.824,0.670906,Idle
1036976783,69.1398,0.704538,Idle
1037226827,69.4265,0.733582,Idle
1037477364,69.701,0.759391,Idle
1037727393,69.9605,0.78126,Idle
1037979721,70.2062,0.798843,Idle
1038246754,70.4467,0.812011,Idle
1038513576,70.6654,0.819125,Idle
1038776692,70.8583,0.819891,Idle
1039026799,71.0195,0.814674,Idle
1039293322,71.1663,0.802665,Idle
1039543427,71.2797,0.785393,Idle
1039793945,71.3689,0.762434,Idle
1040059969,71.436,0.732167,Idle
1040326632,71.4743,0.696202,Idle
1040593279,71.4832,0.655212,Idle
1040843359,71.4647,0.612842,Idle
1041093373,71.4201,0.56738,Idle
1041359962,71.344,0.527097,Idle
1041626698,71.2389,0.497003,Idle
1041893164,71.1053,0.464388,Idle
1042143369,70.9547,0.432133,Idle
1042393723,70.7803,0.398973,Idle
1042661872,70.5683,0.363265,Idle
1042927470,70.3338,0.32853,Idle
1043194170,70.0754,0.3,Idle
1043461190,69.7952,0.3,Idle
1043727862,69.4956,0.3,Idle
1043994637,69.1781,0.3,Idle
1044261301,68.845,0.3,Idle
1044528489,68.4977,0.3,Idle
1044795228,68.1395,0.3,Idle
1045062312,67.7718,0.3,Idle
1045328872,67.3982,0.3,Idle
1045595943,67.0197,0.3,Idle
1045862611,66.6402,0.3,Idle
1046129591,66.261,0.3,Idle
1046396614,65.8851,0.32065,Idle
1046663149,65.5157,0.346412,Idle
1046929847,65.1545,0.37296,Idle
1047197266,64.8031,0.401559,Idle
1047463735,64.466,0.462213,Idle
1047726356,64.1489,0.522895,Idle
1047992973,63.8444,0.584215,Idle
1048242988,63.5767,0.640375,Idle
1048509672,63.312,0.697716,Idle
1048776326,63.0707,0.75128,Idle
1049042914,62.8545,0.799988,Idle
1049292936,62.6758,0.840397,Idle
1049543002,62.5215,0.874976,Idle
1049809592,62.3851,0.904724,Idle
1050076618,62.2784,0.926575,Idle
1050343212,62.2027,0.940021,Idle
1050609801,62.1584,0.944838,Idle
1050876157,62.1458,0.940942,Idle
1051126210,62.163,0.929438,Idle
1051376237,62.2083,0.910552,Idle
1051642865,62.2874,0.882666,Idle
1051909665,62.3978,0.847324,Idle
1052176115,62.5389,0.805325,Idle
1052426157,62.6984,0.760579,Idle
1052677992,62.8847,0.71112,Idle
1052944846,63.1092,0.654892,Idle
1053211478,63.3599,0.595899,Idle
1053478432,63.6357,0.535205,Idle
1053745350,63.9347,0.474102,Idle
1054012138,64.2546,0.416866,Idle
1054278990,64.5938,0.389866,Idle
1054544953,64.9487,0.363101,Idle
1054812155,65.32,0.336744,Idle
1055079536,65.7037,0.311284,Idle
1055346206,66.0962,0.3,Idle
1055609267,66.4904,0.3,Idle
1055875971,66.8946,0.3,Idle
1056142577,67.3005,0.3,Idle
1056392584,67.6805,0.3,Idle
1056659205,68.0826,0.3,Idle
1056909224,68.4542,0.3,Idle
1057159357,68.8186,0.3,Idle
1057425920,69.1963,0.3,Idle
1057692605,69.5609,0.3,Idle
1057942653,69.8884,0.3,Idle
1058209386,70.2201,0.324073,Idle
1058460002,70.5134,0.356685,Idle
1058725852,70.803,0.392032,Idle
1058975854,71.0533,0.425243,Idle
1059229781,71.2843,0.458214,Idle
1059493523,71.4976,0.490887,Idle
1059760073,71.6844,0.521511,Idle
1060027154,71.8411,0.549049,Idle
1060293563,71.966,0.587186,Idle
1060561208,72.059,0.632209,Idle
1060828045,72.1185,0.673122,Idle
1061094590,72.1444,0.709303,Idle
1061361025,72.1366,0.740178,Idle
1061628209,72.0948,0.765345,Idle
1061895098,72.0194,0.784344,Idle
1062161228,71.911,0.796971,Idle
1062428899,71.7693,0.803243,Idle
1062695740,71.5962,0.803153,Idle
1062962371,71.3927,0.796947,Idle
1063229263,71.1595,0.784948,Idle
1063496071,70.8984,0.767619,Idle
1063762936,70.611,0.745504,Idle
1064025680,70.3041,0.719685,Idle
1064292327,69.9705,0.690079,Idle
1064558973,69.6165,0.657804,Idle
1064825639,69.2446,0.624304,Idle
1065092262,68.8571,0.620576,Idle
1065358921,68.4566,0.613674,Idle
1065625595,68.0456,0.603699,Idle
1065892322,67.6268,0.590792,Idle
1066158920,67.2032,0.575147,Idle
1066409302,66.8033,0.558156,Idle
1066675524,66.3786,0.537896,Idle
1066925561,65.9826,0.517062,Idle
1067176605,65.5902,0.494655,Idle
1067443131,65.1819,0.469552,Idle
1067709957,64.7843,0.44342,Idle
1067976939,64.4003,0.416647,Idle
1068243485,64.0332,0.389678,Idle
1068510446,63.6845,0.362816,Idle
1068777526,63.3569,0.336478,Idle
1069043903,63.0534,0.335379,Idle
1069310798,62.7748,0.359025,Idle
1069577445,62.5237,0.394501,Idle
1069844546,62.3013,0.42993,Idle
1070111289,62.1097,0.464356,Idle
1070378073,61.95,0.497012,Idle
1070645100,61.8231,0.527136,Idle
1070911931,61.7301,0.553959,Idle
1071178047,61.6718,0.576807,Idle
1071445513,61.6483,0.595295,Idle
1071712198,61.66,0.60882,Idle
1071979453,61.707,0.617133,Idle
1072242018,61.7873,0.619996,Idle
1072508629,61.9029,0.617456,Idle
1072758638,62.0418,0.61014,Idle
1073009010,62.2099,0.598183,Idle
1073275307,62.4194,0.580663,Idle
1073541946,62.6595,0.558572,Idle
1073808613,62.9284,0.532456,Idle
1074058643,63.2053,0.504866,Idle
1074325448,63.5253,0.493768,Idle
1074592165,63.8684,0.485509,Idle
1074859026,64.2327,0.476848,Idle
1075125345,64.6149,0.468264,Idle
1075391851,65.0135,0.460195,Idle
1075658571,65.426,0.453721,Idle
1075925363,65.8495,0.479503,Idle
1076191986,66.2807,0.504125,Idle
1076458862,66.7175,0.527271,Idle
1076725849,67.157,0.548592,Idle
1076993335,67.5966,0.567805,Idle
1077260863,68.0329,0.584591,Idle
1077527755,68.4618,0.598676,Idle
1077793375,68.8796,0.609851,Idle
1078060124,69.2872,0.61806,Idle
1078327868,69.6817,0.623144,Idle
1078593444,70.0558,0.624991,Idle
1078862428,70.4148,0.62359,Idle
1079126358,70.7452,0.619034,Idle
1079395211,71.0572,0.611221,Idle
1079661914,71.3403,0.60042,Idle
1079928777,71.5953,0.617632,Idle
1080195927,71.8205,0.636242,Idle
1080458368,72.011,0.652694,Idle
1080708474,72.163,0.666178,Idle
1080974931,72.2922,0.677678,Idle
1081224986,72.382,0.685352,Idle
1081491643,72.4437,0.689806,Idle
1081742055,72.469,0.690181,Idle
1082008249,72.4613,0.686289,Idle
1082258273,72.4214,0.678465,Idle
1082524927,72.3444,0.665618,Idle
1082791563,72.2323,0.648179,Idle
1083058216,72.0858,0.626312,Idle
1083324890,71.9057,0.617778,Idle
1083591529,71.6934,0.610147,Idle
1083858192,71.4501,0.59726,Idle
1084124851,71.1775,0.579425,Idle
1084375077,70.8966,0.558568,Idle
1084641477,70.5727,0.532478,Idle
1084908517,70.2244,0.502919,Idle
1085174842,69.8557,0.470746,Idle
1085424846,69.4924,0.438781,Idle
1085676892,69.1114,0.405519,Idle
1085943818,68.6944,0.369949,Idle
1086210644,68.2662,0.33487,Idle
1086478153,67.8284,0.301026,Idle
1086744361,67.3872,0.3,Idle
1087010669,66.9432,0.3,Idle
1087277406,66.4987,0.3,Idle
1087545036,66.0559,0.3,Idle
1087807950,65.627,0.3,Idle
1088058038,65.2269,0.3,Idle
1088324654,64.8117,0.324465,Idle
1088591279,64.4107,0.350376,Idle
1088841331,64.0501,0.375332,Idle
1089091358,63.7064,0.400598,Idle
1089357966,63.3609,0.427523,Idle
1089624631,63.0392,0.454058,Idle
1089874710,62.7611,0.478243,Idle
1090124771,62.5074,0.501436,Idle
1090391301,62.2657,0.524738,Idle
1090657909,62.0549,0.563875,Idle
1090908059,61.8866,0.61448,Idle
1091174593,61.7398,0.667012,Idle
1091441249,61.6275,0.717067,Idle
1091707966,61.5505,0.763575,Idle
1091958967,61.5106,0.803196,Idle
1092225658,61.5033,0.840011,Idle
1092491167,61.5318,0.870458,Idle
1092741190,61.5912,0.892841,Idle
1092991242,61.6818,0.908643,Idle
1093241266,61.8031,0.917499,Idle
1093493112,61.9555,0.919161,Idle
1093760064,62.1493,0.912849,Idle
1094026104,62.374,0.898327,Idle
1094291232,62.628,0.875883,Idle
1094557990,62.9121,0.845637,Idle
1094824774,63.2229,0.808232,Idle
1095091714,63.5587,0.76433,Idle
1095358019,63.916,0.714898,Idle
1095625482,64.2951,0.660535,Idle
1095891076,64.689,0.602915,Idle
1096157727,65.0995,0.542546,Idle
1096424389,65.5222,0.480833,Idle
1096691040,65.9544,0.418999,Idle
1096957681,66.3932,0.35827,Idle
1097224298,66.8356,0.311829,Idle
1097490971,67.279,0.3,Idle
1097741226,67.6933,0.3,Idle
1098007576,68.1295,0.3,Idle
1098257615,68.532,0.3,Idle
1098507626,68.9254,0.3,Idle
1098774233,69.3323,0.3,Idle
1099040875,69.7237,0.3,Idle
1099290901,70.0742,0.3,Idle
1099557575,70.4282,0.3,Idle
1099824221,70.7594,0.3,Idle
1100090865,71.0657,0.3,Idle
1100357516,71.3451,0.3,Idle
1100624198,71.5957,0.3,Idle
1100890840,71.816,0.3,Idle
1101157496,72.0044,0.3,Idle
1101407544,72.1512,0.307145,Idle
1101657546,72.2681,0.339016,Idle
1101924154,72.3591,0.374167,Idle
1102190808,72.4149,0.42504,Idle
1102457471,72.4351,0.48567,Idle
1102707666,72.4216,0.542162,Idle
1102974486,72.3728,0.60086,Idle
1103240872,72.2888,0.656749,Idle
1103507448,72.1703,0.708886,Idle
1103757457,72.0284,0.753452,Idle
1104024063,71.8452,0.795518,Idle
1104274075,71.6448,0.829179,Idle
1104540678,71.4019,0.858303,Idle
1104807409,71.1302,0.879975,Idle
1105074047,70.8318,0.89385,Idle
1105340663,70.5087,0.899773,Idle
1105607329,70.163,0.897747,Idle
1105874003,69.7969,0.887937,Idle
1106140677,69.4129,0.870667,Idle
1106390714,69.039,0.848117,Idle
1106657271,68.6279,0.817874,Idle
1106907303,68.2331,0.784319,Idle
1107173942,67.8048,0.743787,Idle
1107440600,67.3719,0.699242,Idle
1107707258,66.9371,0.651663,Idle
1107957370,66.5302,0.605189,Idle
1108224237,66.0997,0.563325,Idle
1108490528,65.6767,0.543653,Idle
1108740586,65.288,0.523299,Idle
1108990686,64.9095,0.501382,Idle
1109240878,64.5436,0.478173,Idle
1109507135,64.1705,0.452394,Idle
1109773819,63.8159,0.425821,Idle
1110040425,63.4829,0.398884,Idle
1110290482,63.1919,0.373627,Idle
1110557132,62.9065,0.347068,Idle
1110823788,62.6484,0.321271,Idle
1111090385,62.4193,0.3,Idle
1111340400,62.2321,0.3,Idle
1111593376,62.0711,0.3,Idle
1111857325,61.9344,0.3,Idle
1112124726,61.8293,0.3,Idle
1112391415,61.7588,0.326203,Idle
1112658344,61.7227,0.36104,Idle
1112925296,61.7214,0.396574,Idle
1113192421,61.7549,0.431973,Idle
1113456954,61.822,0.46604,Idle
1113707130,61.9162,0.496627,Idle
1113973686,62.0486,0.526736,Idle
1114240323,62.2133,0.553592,Idle
1114506963,62.409,0.576542,Idle
1114773620,62.6345,0.595042,Idle
1115040264,62.8882,0.608645,Idle
1115306925,63.1683,0.61703,Idle
1115573600,63.473,0.619996,Idle
1115840267,63.8002,0.61747,Idle
1116106895,64.1476,0.620504,Idle
1116357121,64.49,0.632051,Idle
1116607476,64.8464,0.640068,Idle
1116873531,65.2379,0.644757,Idle
1117140185,65.641,0.645634,Idle
1117390185,66.0262,0.643189,Idle
1117640197,66.4162,0.637848,Idle
1117890200,66.8087,0.629928,Idle
1118156802,67.2274,0.619055,Idle
1118406810,67.6179,0.607006,Idle
1118656829,68.004,0.593605,Idle
1118923809,68.4087,0.578304,Idle
1119173910,68.7787,0.586035,Idle
1119440095,69.1601,0.599825,Idle
1119690108,69.5047,0.610172,Idle
1119940973,69.8351,0.617883,Idle
1120207303,70.1669,0.623033,Idle
1120474541,70.4781,0.624984,Idle
1120741292,70.7651,0.62369,Idle
1121008043,71.0265,0.619177,Idle
1121273357,71.2597,0.61156,Idle
1121540022,71.4655,0.600868,Idle
1121806670,71.6413,0.587289,Idle
1122073333,71.7863,0.571015,Idle
1122340023,71.8994,0.55228,Idle
1122606603,71.98,0.531363,Idle
1122856792,72.0257,0.510009,Idle
1123123421,72.0423,0.499091,Idle
1123389940,72.0258,0.507887,Idle
1123639941,71.9804,0.516279,Idle
1123906617,71.9003,0.524939,Idle
1124173219,71.7884,0.532846,Idle
1124423230,71.6551,0.539181,Idle
1124690010,71.4837,0.544395,Idle
1124956535,71.2836,0.547648,Idle
1125223186,71.0558,0.567002,Idle
1125489848,70.8021,0.587514,Idle
1125756529,70.5242,0.603312,Idle
1126023136,70.2241,0.614014,Idle
1126273152,69.9242,0.619196,Idle
1126523220,69.6083,0.619567,Idle
1126789820,69.256,0.614654,Idle
1127039828,68.9132,0.605173,Idle
1127289968,68.5601,0.591166,Idle
1127556635,68.1751,0.571588,Idle
1127823519,67.7832,0.547654,Idle
1128090301,67.3877,0.519961,Idle
1128356826,66.9914,0.489193,Idle
1128623366,66.5964,0.456058,Idle
1128890787,66.2041,0.421231,Idle
1129157490,65.8195,0.38575,Idle
1129424399,65.4437,0.350343,Idle
1129689639,65.0817,0.316096,Idle
1129939674,64.753,0.3,Idle
1130206278,64.4181,0.323867,Idle
1130456597,64.1201,0.348149,Idle
1130722962,63.8225,0.374701,Idle
1130972986,63.563,0.399963,Idle
1131222993,63.3244,0.425223,Idle
1131489620,63.0942,0.451803,Idle
1131756273,62.8905,0.477641,Idle
1132006284,62.7247,0.500859,Idle
1132272989,62.5758,0.524214,Idle
1132539538,62.4566,0.54577,Idle
1132789553,62.3724,0.564091,Idle
1133056240,62.3123,0.581341,Idle
1133322875,62.2833,0.595981,Idle
1133573890,62.2844,0.60719,Idle
1133839504,62.3156,0.616173,Idle
1134089536,62.3727,0.652123,Idle
1134356180,62.4628,0.689972,Idle
1134622844,62.5825,0.725184,Idle
1134889467,62.7306,0.756906,Idle
1135139471,62.8945,0.782782,Idle
1135389485,63.0816,0.804305,Idle
1135639781,63.2908,0.820964,Idle
1135890260,63.5208,0.832291,Idle
1136156125,63.7861,0.83807,Idle
1136422736,64.0721,0.837113,Idle
1136672806,64.3567,0.829922,Idle
1136922883,64.6555,0.816617,Idle
1137173616,64.9676,0.797235,Idle
1137440618,65.3114,0.770187,Idle
1137707529,65.6647,0.736936,Idle
1137972667,66.0228,0.698292,Idle
1138222715,66.365,0.657315,Idle
1138489378,66.7323,0.609512,Idle
1138756002,67.0997,0.558354,Idle
1139006027,67.4421,0.510718,Idle
1139256318,67.7809,0.481128,Idle
1139522641,68.1347,0.447553,Idle
1139789269,68.4799,0.412567,Idle
1140056412,68.8143,0.376973,Idle
1140322618,69.134,0.341814,Idle
1140589208,69.4387,0.307753,Idle
1140839245,69.7086,0.3,Idle
1141105858,69.9777,0.3,Idle
1141355873,70.2111,0.3,Idle
1141622516,70.4384,0.3,Idle
1141889164,70.6418,0.3,Idle
1142139690,70.8103,0.3,Idle
1142390157,70.9557,0.3,Idle
1142657200,71.0847,0.3,Idle
1142924023,71.186,0.3,Idle
1143191376,71.2593,0.3,Idle
1143457478,71.3038,0.3,Idle
1143724281,71.3199,0.3,Idle
1143991570,71.3074,0.30723,Idle
1144258064,71.2666,0.33242,Idle
1144524587,71.1978,0.358583,Idle
1144791496,71.1017,0.398987,Idle
1145058356,70.979,0.460348,Idle
1145325296,70.8306,0.522554,Idle
1145592589,70.6575,0.584434,Idle
1145859532,70.4613,0.644598,Idle
1146126018,70.2438,0.701831,Idle
1146389013,70.0093,0.754435,Idle
1146639339,69.7694,0.799989,Idle
1146905691,69.4978,0.842712,Idle
1147172285,69.211,0.878715,Idle
1147422347,68.9302,0.905706,Idle
1147672419,68.6396,0.925658,Idle
1147922440,68.3412,0.93823,Idle
1148172511,68.0365,0.943224,Idle
1148439077,67.707,0.940123,Idle
1148689081,67.3954,0.929392,Idle
1148956253,67.0618,0.909798,Idle
