timestampMicros,bpm,envelopePeak,sceneId
4004925,0,0.582552,Idle
4258243,0,0.584459,Idle
4511341,0,0.565455,Idle
4764339,0,0.596833,Idle
5018200,0,0.615453,Idle
5271337,0,0.308546,Idle
5524437,0,0.175464,Idle
5777683,15.7572,0.652441,Idle
6031767,15.7572,0.692425,Idle
6284161,15.7572,0.572324,Idle
6538010,46.347,0.580299,Idle
6791529,46.347,0.426047,Idle
7044267,46.347,0.141774,Idle
7297856,46.347,0.141201,Idle
7551002,26.584,0.735248,Idle
7804542,26.584,0.841556,Idle
8057613,26.584,0.851781,Idle
8310902,26.584,0.718688,Idle
8565147,26.584,0.335154,Idle
8818083,33.6032,0.651118,Idle
9072411,33.6032,0.643576,Idle
9324383,33.6032,0.217562,Idle
9577831,33.6032,0.284679,Idle
9831483,33.6032,0.182493,Idle
10084455,33.6032,0.723782,Idle
10338101,33.6032,0.251178,Idle
10591093,43.8437,0.663104,Idle
10844068,43.8437,0.695021,Idle
11098440,43.8437,0.808112,Idle
11351140,43.8437,0.84439,Idle
11604469,57.384,1,Idle
11857713,57.384,0.630818,Idle
12110898,68.7183,0.517284,Idle
12364518,68.7183,0.676674,Idle
12617734,102.013,0.643197,Idle
12871948,102.013,0.248728,Idle
13124174,102.654,0.624306,Idle
13377657,102.654,0.570547,Idle
13631566,101.282,0.616229,Idle
13884230,101.282,0.571561,Idle
14138210,103.105,0.586323,Idle
14390766,103.105,0.484147,Idle
14644240,71.153,0.525152,Idle
14898145,71.153,0.600152,Idle
15151066,66.0443,0.512135,Idle
15404650,66.0443,0.324878,Idle
15657439,66.0443,0.601598,Idle
15911016,52.7587,0.764657,Idle
16164560,55.8392,0.577176,Idle
16417620,55.8392,0.260958,Idle
16671697,72.1955,0.172317,Idle
16924682,72.1955,0.277321,Idle
17178069,70.6661,0.200729,Idle
17431005,70.6661,0.646081,Idle
17684132,71.1096,0.263001,Idle
17938197,71.1096,0.567067,Idle
18190877,72.5428,0.519046,Idle
18444166,72.5428,0.213637,Idle
18698078,72.5428,0.257109,Idle
18950800,72.5428,0.0985308,Idle
19203786,72.5428,0.472863,Idle
19470721,72.5428,0.168868,Idle
19737372,41.2596,0.620175,Idle
20003773,30.267,0.81054,Idle
20267636,30.267,0.67503,Idle
20517828,30.267,0.758439,Idle
20767867,36.2861,0.582748,Idle
21034365,36.2861,0.610067,Idle
21301129,36.2861,0.824174,Idle
21567729,36.2861,1,Idle
21817782,36.2861,1,Idle
22070470,36.2861,0.75179,Idle
22334296,36.2861,0.794719,Idle
22600980,40.8361,0.815144,Idle
22851018,26.1422,1,Idle
23117772,26.1422,0.563663,Idle
23384268,26.1422,1,Idle
23634348,26.1422,0.68667,Idle
23901017,26.1422,0.750936,Idle
24151036,31.2479,1,Idle
24417577,37.423,1,Idle
24667587,37.423,0.886919,Idle
24934243,37.423,0.647972,Idle
25200821,50.0012,0.941336,Idle
25451069,59.4539,1,Idle
25717507,59.4539,0.489768,Idle
25967567,88.3711,0.570406,Idle
26217582,88.3711,0.256113,Idle
26484207,88.3711,0.560047,Idle
26734235,77.7825,0.617288,Idle
27000752,77.7825,0.848174,Idle
27250852,42.7886,0.408034,Idle
27517606,42.7886,0.611923,Idle
27784134,84.57,0.685229,Idle
28050660,84.57,1,Idle
28317579,80.6644,0.527964,Idle
28584191,80.6644,0.620734,Idle
28850834,79.0358,1,Idle
29117452,79.0358,1,Idle
29384145,79.0358,1,Idle
29650623,79.0358,0.852009,Idle
29900642,77.7989,1,Idle
30150650,77.7989,1,Idle
30400700,77.7989,0.616243,Idle
30650716,77.7989,0.28904,Idle
30917396,87.589,0.420973,Idle
31183891,87.589,1,Idle
31433927,102.23,1,Idle
31700655,102.23,1,Idle
31967306,102.23,0.826582,Idle
32233866,42.0908,1,Idle
32483931,42.0908,1,Idle
32733950,42.0908,0.558072,Idle
32983983,42.0908,0.624246,Idle
33250649,42.0908,0.611994,Idle
33500711,42.0908,0.535717,Idle
33767308,42.0908,0.752638,Idle
34033927,42.0908,0.833544,Idle
34283932,22.4429,0.644661,Idle
34550639,28.3421,0.964906,Idle
34817246,28.3421,0.989864,Idle
35083851,72.1062,0.627022,Idle
35350479,72.1062,0.699271,Idle
35600509,72.1062,0.907582,Idle
35850559,72.1062,0.592104,Idle
36117054,72.1062,0.511325,Idle
36367153,72.1062,0.274118,Idle
36617250,72.1062,0.38012,Idle
36883764,31.2056,0.592717,Idle
37133764,31.2056,0.596402,Idle
37383829,25.6469,0.397687,Idle
37650362,25.6469,0.871603,Idle
37900428,87.9013,1,Idle
38167045,87.9013,1,Idle
38417142,87.9013,0.651505,Idle
38684133,74.6984,0.932253,Idle
38950414,69.8833,0.521808,Idle
39217222,69.8833,0.615132,Idle
39483659,98.1204,0.552165,Idle
39733678,98.1204,0.599669,Idle
39983698,98.2301,0.578913,Idle
40233724,98.2301,0.578287,Idle
40500272,98.2301,0.575815,Idle
40750294,98.2301,0.583166,Idle
41016940,98.2301,0.578176,Idle
41283816,98.2301,0.579144,Idle
41533842,98.2301,0.561186,Idle
41800285,58.249,0.591072,Idle
42050426,58.249,0.598298,Idle
42316980,100.914,0.574104,Idle
42567102,66.5998,0.636495,Idle
42830202,66.6433,0.665074,Idle
43083750,66.6433,0.604396,Idle
43333844,66.6433,0.640829,Idle
43600177,66.6433,0.730798,Idle
43866961,66.6433,0.843188,Idle
44928178,85.9672,0.67591,Idle
45185496,59.1383,0.562416,Idle
45446296,59.1383,0.556258,Idle
45697363,59.1383,0.589328,Idle
45950635,59.1383,0.587735,Idle
46204004,59.9848,0.664446,Idle
46457358,59.9848,0.650038,Idle
46710731,59.9848,0.65747,Idle
46963996,59.9848,0.703324,Idle
47217775,59.9848,0.557162,Idle
47471064,59.9848,0.211549,Idle
47724002,19.0223,0.352685,Idle
47977724,19.0223,0.235214,Idle
48230672,19.0223,0.429864,Idle
48484001,19.0223,0.346521,Idle
48737716,19.0223,0.577901,Idle
48999842,19.0223,0.421136,Idle
49266343,27.2426,0.595124,Idle
49532971,27.2426,0.388313,Idle
49782972,27.2426,0.581114,Idle
50049613,27.2426,0.582856,Idle
50316269,27.2426,0.593659,Idle
50582945,27.2426,0.675275,Idle
50849607,25.3053,0.572739,Idle
51116296,25.3053,0.570996,Idle
51382941,25.3053,0.610004,Idle
51649581,25.3053,0.609768,Idle
51899607,25.3053,0.302325,Idle
52166242,17.3604,0.59558,Idle
52416245,17.3604,0.310268,Idle
52682881,17.3604,0.812899,Idle
52949526,17.3604,0.636568,Idle
53216194,17.3604,0.63005,Idle
53482810,17.3604,0.631433,Idle
53732831,17.3604,0.722086,Idle
53999452,45.2801,0.634445,Idle
54249453,17.3604,0.693932,Idle
54516091,17.3604,0.877966,Idle
54782784,17.3604,0.636704,Idle
55049454,17.3604,0.614976,Idle
55316063,15.8967,1,Idle
55566065,15.8967,1,Idle
55816091,15.8967,1,Idle
56082709,15.8967,1,Idle
56332716,33.7563,0.794367,Idle
56599288,33.7563,0.850727,Idle
56849321,33.7563,0.461958,Idle
57115994,42.0379,0.625373,Idle
57382633,42.0379,0.726575,Idle
57632673,42.0379,0.793218,Idle
57899305,46.18,0.524865,Idle
58165965,46.18,0.75782,Idle
58415988,46.18,0.572686,Idle
58682637,42.427,0.657331,Idle
58949257,42.427,0.657481,Idle
59199275,44.1018,0.725376,Idle
59465918,44.1018,0.65203,Idle
59732538,94.3505,1,Idle
59982567,84.3681,1,Idle
60249228,84.3681,0.856561,Idle
60515895,112.514,0.523949,Idle
60782524,82.4771,0.552123,Idle
61049133,82.4771,1,Idle
61299160,82.4771,0.783331,Idle
61549191,82.4771,0.688758,Idle
61817954,82.4771,0.753755,Idle
62082467,82.4771,0.664767,Idle
62332477,82.4771,0.675702,Idle
62582489,82.4771,0.577256,Idle
62849142,82.4771,0.616944,Idle
63115764,39.5158,0.628404,Idle
63365765,39.5158,0.591334,Idle
63615776,80.5088,0.582934,Idle
63882441,61.8518,0.57434,Idle
64132446,61.8518,0.758941,Idle
64399117,48.8183,0.804488,Idle
64665737,48.8183,0.636749,Idle
64932387,48.8183,0.898454,Idle
65199043,48.8183,0.868982,Idle
65449100,48.8183,0.987622,Idle
65715698,48.8183,1,Idle
65965712,48.8183,1,Idle
66232325,48.8183,0.926404,Idle
66482369,48.8183,0.703782,Idle
66749038,64.9815,0.735582,Idle
66999083,48.8183,0.727371,Idle
67265671,48.8183,0.709125,Idle
67532264,18.9714,0.662367,Idle
67799046,18.9714,0.967417,Idle
68065624,18.9714,1,Idle
68315639,18.9714,0.763439,Idle
68582215,18.9714,0.647049,Idle
68832337,15.2547,1,Idle
69098779,15.2547,1,Idle
69348824,15.2547,0.913718,Idle
69626723,15.2547,0.898582,Idle
69884003,15.2547,1,Idle
70137712,15.2547,1,Idle
70390641,33.5121,1,Idle
70648843,33.5121,0.856372,Idle
70915435,81.1931,1,Idle
71182076,81.1931,1,Idle
71432103,79.5721,0.727145,Idle
71682110,79.5721,0.639057,Idle
71932113,79.5721,0.935453,Idle
72198743,79.5721,0.784867,Idle
72465412,79.5721,0.903887,Idle
72732008,79.5721,1,Idle
72982057,40.3458,1,Idle
73248731,40.3458,0.826475,Idle
73515341,40.3458,0.638611,Idle
73781965,40.3458,0.266235,Idle
74032002,54.823,0.384564,Idle
74282055,54.823,0.366924,Idle
74548642,54.823,0.591418,Idle
74798659,54.823,0.840376,Idle
75065258,54.823,1,Idle
75315325,54.823,0.740916,Idle
75581895,54.823,1,Idle
75831913,54.823,0.740617,Idle
76098569,19.5167,0.77768,Idle
76348601,19.5167,0.740123,Idle
76615226,19.5167,0.897712,Idle
76881870,19.5167,0.878174,Idle
77131893,19.5167,1,Idle
77398503,19.5167,1,Idle
77648574,19.5167,0.781116,Idle
77915198,19.5167,0.73383,Idle
78181866,19.5167,0.567567,Idle
78448529,19.5167,0.570499,Idle
78715189,19.5167,0.557258,Idle
78981856,15.295,0.593289,Idle
79248500,15.295,0.555561,Idle
79515174,61.7345,0.566477,Idle
79781822,61.7345,0.613248,Idle
80048412,65.03,0.589245,Idle
80298459,65.03,0.627195,Idle
80565187,65.03,0.583905,Idle
80831798,44.4037,0.582297,Idle
81098401,44.4037,0.568662,Idle
81365099,61.7301,0.548311,Idle
81615142,61.7301,0.563467,Idle
81881760,59.7319,0.55935,Idle
82131784,59.7319,0.214165,Idle
82398436,59.7319,0.660031,Idle
82665107,53.4586,0.499675,Idle
82931670,53.4586,0.997799,Idle
83181672,53.4586,0.697047,Idle
83431678,53.4586,0.633999,Idle
83698322,53.4586,0.749544,Idle
83964996,53.4586,0.760667,Idle
84231645,53.4586,0.409584,Idle
84498312,22.4683,0.602731,Idle
84764998,22.4683,0.579387,Idle
85031634,22.4683,0.568848,Idle
85298228,38.4774,0.539888,Idle
85548259,38.4774,0.306318,Idle
85814917,38.4774,0.799197,Idle
86081515,38.4774,0.781391,Idle
86348263,38.4774,0.623589,Idle
86614902,38.4774,0.777763,Idle
86881523,38.4774,0.68914,Idle
87148177,38.4774,0.904365,Idle
87414829,38.4774,0.689472,Idle
87664836,38.4774,0.721956,Idle
87931462,38.4774,0.543043,Idle
88181523,38.4774,0.632573,Idle
88448124,15.114,0.670125,Idle
88698169,15.114,0.662106,Idle
88964718,15.114,0.616095,Idle
89214790,15.114,0.366905,Idle
89481426,15.114,0.30539,Idle
89731455,25.6381,0.503161,Idle
89998099,25.6381,0.242621,Idle
90264725,60.7587,0.521009,Idle
90514725,60.7587,0.165916,Idle
90781380,60.7587,0.18008,Idle
91048039,60.2102,0.670516,Idle
91298056,60.2102,0.687177,Idle
91564639,60.2102,0.832869,Idle
91814653,60.2102,0.783072,Idle
92064678,60.2102,0.832649,Idle
92331312,60.2102,0.676939,Idle
92581367,60.2102,0.759658,Idle
92847940,60.2102,0.670104,Idle
93097959,60.2102,0.67152,Idle
93364600,60.2102,0.636638,Idle
93631241,60.2102,0.648426,Idle
93897890,60.2102,0.584162,Idle
94164581,60.2102,0.325841,Idle
94431187,60.2102,0.47514,Idle
94681229,60.2102,0.370479,Idle
94947860,60.2102,0.50749,Idle
95214558,12.2463,0.349237,Idle
95481171,12.2463,0.61458,Idle
95731193,61.7367,0.32193,Idle
95997842,57.8865,0.604734,Idle
96247849,57.8865,0.602514,Idle
96497854,48.8512,0.713227,Idle
96764518,48.8512,0.603607,Idle
97031150,48.8512,0.743375,Idle
97297813,34.6371,0.677797,Idle
97564455,34.6371,0.197919,Idle
97831127,34.6371,0.214699,Idle
98097755,49.1376,0.299274,Idle
98347789,49.1376,0.436715,Idle
98597840,61.1353,0.317597,Idle
98864473,61.1353,0.548143,Idle
99131090,49.4372,0.27826,Idle
99397698,49.4372,0.633408,Start
99647704,49.4372,0.584127,Start
99914346,35.65,0.601115,Start
100164367,35.65,0.568786,Start
100431032,57.8932,0.562972,Start
100697677,57.8932,0.6576,Start
100964337,55.604,0.583563,Start
101230997,55.604,0.562823,Start
101497635,59.5001,0.224279,Start
101748121,59.5001,0.163705,Start
102014294,59.5001,0.271704,Start
102280923,59.5001,0.591696,Start
102530931,59.5001,0.589283,Start
102797573,59.5001,0.521111,Start
103064203,20.9729,0.600075,Start
103330877,20.9729,0.641921,Start
103597523,71.0643,0.641536,Start
103864189,71.0643,0.478537,Start
104130857,71.0643,0.480957,Start
104397482,50.1032,0.925449,Start
104664175,50.1032,0.579871,Start
104930800,50.1032,0.169289,Start
105197395,52.8032,0.617806,Start
105447448,52.8032,0.497992,Start
105714122,52.8032,0.572848,Start
105980759,52.8032,0.591309,Start
106247410,52.8032,0.624555,Start
106514082,52.8032,0.66539,Start
106780706,52.8032,0.684183,Start
107030747,52.8032,0.312162,Start
107297334,26.8866,0.579498,Start
107547390,26.8866,0.422217,Start
107814026,26.8866,0.576639,Start
108080687,26.8866,0.596779,Start
108347378,26.8866,0.491185,Start
108614014,26.8866,0.514699,Start
108880648,34.2268,0.602853,Start
109147357,34.2268,0.592953,Start
109414012,34.2268,0.538098,Start
109680614,45.5163,0.623151,Start
109947299,45.5163,0.20345,Start
110213941,45.5163,0.393818,Start
110480584,45.5163,0.376561,Start
110747211,46.1019,0.493981,Start
111013894,46.1019,0.586937,Start
111280516,46.1019,0.308551,Start
111530562,46.6876,0.504952,Start
111780595,46.6876,0.375214,Start
112030682,46.6876,0.378318,Start
112297222,46.8392,0.57736,Start
112563833,46.8392,0.580867,Start
112813847,36.761,0.55387,Start
113080555,36.761,0.429818,Start
113347235,35.2244,0.574697,Start
113613823,35.2244,0.380739,Start
113880507,88.979,0.569097,Start
114147117,88.979,0.281743,Start
114413746,88.979,0.438239,Start
114680426,88.979,0.44719,Start
114947066,58.8398,0.443297,Start
115197078,58.8398,0.649703,Start
115447088,58.8398,0.665059,Start
115713733,58.8398,0.610826,Start
115980396,58.8398,0.610966,Start
116247019,58.8398,0.649672,Start
116513704,58.8398,0.559963,Start
116780335,58.8398,0.554648,Start
117030354,58.8398,0.634397,Start
117280372,41.904,0.441319,Start
117547019,41.904,0.600941,Start
117813674,41.904,0.56879,Start
118080319,41.904,0.45862,Start
118346973,60.7986,0.231542,Start
118613597,60.7986,0.543774,Start
118863619,60.7986,0.213246,Start
119130235,60.7986,0.557308,Start
119380281,60.7986,0.283972,Start
119646912,50.3515,0.571114,Start
119913583,50.3515,0.29721,Start
120180215,85.6264,0.57355,Start
120446865,85.6264,0.235864,Start
120713502,85.6264,0.558733,Start
120980156,85.6264,0.256772,Start
121230164,85.6264,0.598467,Start
121496820,85.6264,0.303666,Start
121746828,85.6264,0.558878,Start
122013494,59.7487,0.317847,Start
122280140,17.7663,0.592802,Start
122546797,17.7663,0.305134,Start
122813434,17.7663,0.567022,Start
123080092,17.7663,0.268887,Start
123346742,17.7663,0.627228,Start
123613394,17.7663,0.230346,Start
123880035,17.7663,0.545376,Start
124130037,29.0629,0.272204,Start
124380122,29.0629,0.563543,Start
124646708,29.0629,0.211583,Start
124913345,29.0629,0.595312,Start
125163346,29.0629,0.183041,Start
125429967,24.6316,0.558068,Start
125680019,24.6316,0.225983,Start
125946662,71.8121,0.535753,Start
126213278,71.8121,0.191057,Start
126479934,73.0564,0.583208,Start
126746589,73.0564,0.170293,Start
127013237,72.0309,0.535162,Start
127279914,66.5202,0.148443,Start
127546556,64.6757,0.456637,Start
127796556,69.4831,0.204027,Start
128063161,62.7267,0.559489,Start
128313207,83.3024,0.308563,Start
128579869,83.3024,0.554979,Start
128846522,67.6025,0.438685,Start
129113169,67.6025,0.311479,Start
129379791,67.6025,0.524317,Start
129630490,67.6025,0.175319,Start
129880535,63.5202,0.185585,Start
130147090,63.5202,0.396054,Start
130413765,63.5202,0.430802,Start
130680350,66.4702,0.264198,FirstPhase
130946979,66.4702,0.580512,FirstPhase
131197002,63.6273,0.451576,FirstPhase
131463644,63.6273,0.59853,FirstPhase
131713672,63.6273,0.395833,FirstPhase
131980294,43.9404,0.588169,FirstPhase
132230309,43.9404,0.562429,FirstPhase
132496955,43.9404,0.253328,FirstPhase
132763589,43.9404,0.543233,FirstPhase
133013605,43.9404,0.172372,FirstPhase
133280283,43.9404,0.346561,FirstPhase
133546902,43.9404,0.16399,FirstPhase
133796920,43.9404,0.187258,FirstPhase
134063542,43.9404,0.173098,FirstPhase
134313566,23.5298,0.312901,FirstPhase
134580201,23.1035,0.12701,FirstPhase
134846865,23.1035,0.305681,FirstPhase
135113509,47.0879,0.179537,FirstPhase
135380193,47.0879,0.531936,FirstPhase
135646835,63.4371,0.186138,FirstPhase
135913454,63.4371,0.554498,FirstPhase
136163465,63.4371,0.26355,FirstPhase
136430109,63.4371,0.663,FirstPhase
136696799,63.4371,0.411336,FirstPhase
136963422,63.4371,0.176063,FirstPhase
137213435,26.8627,0.444115,FirstPhase
137480122,26.8627,0.19636,FirstPhase
137746736,26.8627,0.242165,FirstPhase
138013409,61.3178,0.171736,FirstPhase
138280034,61.3178,0.293522,FirstPhase
138546693,61.3178,0.184696,FirstPhase
138813321,61.3178,0.573016,FirstPhase
139063335,61.3178,0.244641,FirstPhase
139313345,61.3178,0.183174,FirstPhase
139579979,26.3809,0.570707,FirstPhase
139846646,26.3809,0.152096,FirstPhase
140113311,26.3809,0.217925,FirstPhase
140379959,60.8744,0.153894,FirstPhase
140646610,60.8744,0.213454,FirstPhase
140913270,60.8744,0.161935,FirstPhase
141179915,60.8744,0.325176,FirstPhase
141429918,60.8744,0.243525,FirstPhase
141696563,55.6558,0.460452,FirstPhase
141946563,55.6558,0.326945,FirstPhase
142213181,55.6558,0.548655,FirstPhase
142463210,55.6558,0.364605,FirstPhase
142729850,80.8005,0.558719,FirstPhase
142996515,40.0695,0.508115,FirstPhase
143246518,40.0695,0.287992,FirstPhase
143513151,83.1592,0.530881,FirstPhase
143779803,82.8653,0.17034,FirstPhase
144046480,82.8653,0.155789,FirstPhase
144313106,82.8653,0.110316,FirstPhase
144563107,82.8653,0.203966,FirstPhase
144813133,82.8653,0.163259,FirstPhase
145079777,82.8653,0.567387,FirstPhase
145329793,82.8653,0.400594,FirstPhase
145596419,82.8653,0.316966,FirstPhase
145863096,82.8653,0.540942,FirstPhase
146129738,82.8653,0.139004,FirstPhase
146379756,82.8653,0.205421,FirstPhase
146646380,82.8653,0.229073,FirstPhase
146913049,38.1603,0.308279,FirstPhase
147179700,38.1603,0.250804,FirstPhase
147446358,38.1603,0.590559,FirstPhase
147713042,64.0936,0.391203,FirstPhase
147979704,64.0936,0.372274,FirstPhase
148246332,80.6282,0.55565,FirstPhase
148512973,80.6282,0.149734,FirstPhase
148762976,57.5293,0.193588,FirstPhase
149029616,57.5293,0.141726,FirstPhase
149279649,39.5631,0.278453,FirstPhase
149546303,39.5631,0.180762,FirstPhase
149812967,56.8544,0.342761,FirstPhase
150079601,56.8544,0.240397,FirstPhase
150346249,56.8544,0.591685,FirstPhase
150596249,42.2885,0.522626,FirstPhase
150862921,42.2885,0.536327,FirstPhase
151129540,59.3214,0.414371,FirstPhase
151379542,72.3575,0.189301,FirstPhase
151646203,59.3214,0.230306,FirstPhase
151912895,59.3214,0.158586,FirstPhase
152179528,59.3214,0.248874,FirstPhase
152446179,31.8921,0.157176,FirstPhase
152712849,31.8921,0.308996,FirstPhase
152979467,56.6786,0.252527,FirstPhase
153246109,56.6786,0.55438,FirstPhase
153512794,57.4758,0.463887,FirstPhase
153779428,57.4758,0.658734,FirstPhase
154046080,58.1788,0.660278,FirstPhase
154296085,58.1788,0.224777,FirstPhase
154562728,58.1788,0.755155,FirstPhase
154829372,58.1788,0.827906,FirstPhase
155096020,58.1788,0.789519,FirstPhase
155346026,58.1788,0.908784,FirstPhase
155612718,58.1788,0.403376,FirstPhase
155879315,56.422,0.773003,FirstPhase
156145972,56.422,0.712974,FirstPhase
156395976,56.422,0.697554,FirstPhase
156662627,91.915,0.649136,FirstPhase
156929254,91.915,0.688779,FirstPhase
157179273,91.915,0.188254,FirstPhase
157445870,46.1897,1,FirstPhase
157695871,46.1897,1,FirstPhase
157962573,46.1897,0.98684,FirstPhase
158229224,46.1897,0.598648,FirstPhase
158479230,63.5295,0.636101,FirstPhase
158745895,63.5295,0.451711,FirstPhase
159012561,63.5295,0.868585,FirstPhase
159279162,63.5295,0.817123,FirstPhase
159545821,63.5295,1,FirstPhase
159812502,63.5295,1,FirstPhase
160062532,63.5295,0.875104,FirstPhase
160312533,63.5295,0.950897,FirstPhase
160579197,63.5295,0.732535,FirstPhase
160845862,35.6746,0.870284,FirstPhase
161112451,35.6746,1,FirstPhase
161362480,77.8422,0.78313,FirstPhase
161629120,60.841,0.7827,FirstPhase
161895756,60.841,0.582292,FirstPhase
162145804,101.558,0.467247,FirstPhase
162412440,101.558,0.275327,FirstPhase
162679075,101.971,0.817249,FirstPhase
162929086,101.971,0.232086,FirstPhase
163179113,101.971,0.282005,FirstPhase
163445740,101.75,0.281467,FirstPhase
163712375,101.75,0.988745,FirstPhase
163979099,101.75,0.365442,FirstPhase
164245696,101.75,0.568545,FirstPhase
164512330,33.7514,0.912661,FirstPhase
164779010,33.7514,0.613263,FirstPhase
165029032,33.7514,0.215071,FirstPhase
165295636,68.292,0.588485,FirstPhase
165562288,76.0472,0.668149,FirstPhase
165828939,78.3471,0.687025,FirstPhase
166095545,96.9483,1,FirstPhase
166345623,96.9483,0.353319,FirstPhase
166612206,99.6948,1,FirstPhase
166878840,99.6948,1,FirstPhase
167128875,99.6948,0.621177,FirstPhase
167378908,73.9452,0.412379,FirstPhase
167645554,73.9452,0.221939,FirstPhase
167895565,73.9452,0.489727,FirstPhase
168162187,73.9452,0.617903,FirstPhase
168412214,73.9452,0.700511,FirstPhase
168662217,73.9452,0.864814,FirstPhase
168928822,73.9452,1,FirstPhase
169178840,73.9452,0.896865,FirstPhase
169445426,73.9452,1,FirstPhase
169695512,73.9452,0.45325,FirstPhase
169962160,73.9452,0.175226,FirstPhase
170228812,18.9566,0.560604,FirstPhase
170495420,18.9566,1,FirstPhase
170762056,18.9566,1,FirstPhase
171012066,18.9566,1,FirstPhase
171278704,18.9566,1,FirstPhase
171545348,18.9566,1,FirstPhase
171795383,25.1741,0.724372,FirstPhase
172062052,25.1741,0.822931,FirstPhase
172328711,25.1741,0.264064,FirstPhase
172595345,54.767,0.953486,FirstPhase
172862004,54.767,0.827001,FirstPhase
173112014,54.767,0.776236,FirstPhase
173378618,54.767,1,FirstPhase
173645271,54.767,1,FirstPhase
173895299,54.767,0.897398,FirstPhase
174161921,54.767,1,FirstPhase
174411953,54.767,0.788045,FirstPhase
174678612,22.2056,0.589019,FirstPhase
174928619,22.2056,0.339995,FirstPhase
175195279,22.2056,0.559743,FirstPhase
175461936,43.3064,0.343499,FirstPhase
175728589,43.3064,0.568868,FirstPhase
175995240,43.3064,0.408789,FirstPhase
176261901,43.3064,0.204766,FirstPhase
176528554,43.3064,0.2936,FirstPhase
176795198,43.3064,0.14692,FirstPhase
177045200,54.3656,0.53178,FirstPhase
177295200,34.0093,0.174363,FirstPhase
177561828,34.0093,0.576801,FirstPhase
177811828,67.4946,0.3303,FirstPhase
178061844,67.4946,0.556362,FirstPhase
178328492,73.9217,0.806999,FirstPhase
178595182,73.9217,0.133991,FirstPhase
178861817,73.9217,0.141313,FirstPhase
179128491,73.9217,0.121748,FirstPhase
179395155,50.5013,0.327914,FirstPhase
179661766,50.5013,0.418615,FirstPhase
179928398,50.5013,0.569474,FirstPhase
180178418,65.899,0.36917,FirstPhase
180445044,65.7544,0.434152,FirstPhase
180695069,65.7544,0.213268,FirstPhase
180961707,81.999,0.117865,FirstPhase
181228308,85.3411,1,FirstPhase
181478314,85.3411,0.784046,FirstPhase
181744940,85.3411,1,FirstPhase
181994967,85.3411,0.910784,FirstPhase
182261578,85.3411,1,FirstPhase
182511641,50.6693,0.86929,FirstPhase
182761641,50.6693,0.160169,FirstPhase
183011656,50.6693,0.290628,FirstPhase
183278257,31.7284,0.977991,FirstPhase
183544861,31.7284,0.957056,FirstPhase
183794886,31.7284,0.312964,FirstPhase
184044923,31.7284,0.177574,FirstPhase
184311495,45.3667,1,FirstPhase
184561509,45.3667,0.986603,FirstPhase
184811517,45.3667,0.828768,FirstPhase
185061533,45.3667,0.196557,FirstPhase
185328204,45.3667,0.442678,FirstPhase
185594835,34.0857,0.698108,FirstPhase
185861476,34.0857,0.932435,FirstPhase
186128104,34.0857,1,FirstPhase
186378158,34.0857,0.531364,FirstPhase
186644753,34.0857,1,FirstPhase
186894785,34.0857,0.708399,FirstPhase
187161405,34.0857,1,FirstPhase
187411458,34.0857,1,FirstPhase
187678138,34.0857,0.676808,FirstPhase
187944746,22.5711,1,FirstPhase
188211394,22.5711,1,FirstPhase
188478071,35.5558,1,FirstPhase
188744711,22.5711,1,FirstPhase
189011331,20.9982,1,FirstPhase
189261381,20.9982,0.576483,FirstPhase
189528020,20.9982,0.5556,FirstPhase
189794696,20.9982,0.347308,FirstPhase
190044696,20.9982,0.251471,FirstPhase
190311333,20.9982,0.600314,FirstPhase
190577938,20.6051,1,FirstPhase
190827960,28.366,1,FirstPhase
191077969,71.4794,1,FirstPhase
191344609,71.4794,1,FirstPhase
191594617,93.0001,0.658678,FirstPhase
191860555,93.0001,0.194617,Exchange
192110655,116.241,0.41175,Exchange
192377309,116.241,0.267993,Exchange
192627899,106.097,0.576225,Exchange
192893970,67.8393,0.568162,Exchange
193160655,71.0537,0.558968,Exchange
193427286,71.0537,0.540928,Exchange
193693945,71.0537,0.124121,Exchange
193960564,62.3952,0.235437,Exchange
194210576,62.3952,0.267237,Exchange
194477250,62.3952,0.241586,Exchange
194743860,57.9091,0.219315,Exchange
194993890,57.9091,0.237896,Exchange
195243892,57.9091,0.327736,Exchange
195510514,57.9091,0.575782,Exchange
195777177,42.8646,0.448279,Exchange
196043843,42.8646,0.262078,Exchange
196293849,42.8646,0.547386,Exchange
196560507,42.8646,0.480213,Exchange
196827129,42.8646,0.231191,Exchange
197077136,33.0703,0.346754,Exchange
197343791,26.9311,0.649576,Exchange
197610435,26.9311,0.63122,Exchange
197860438,49.2544,0.542021,Exchange
198110485,49.2544,0.295796,Exchange
198377071,49.2544,0.571787,Exchange
198627076,49.2544,0.592829,Exchange
198877094,49.2544,0.225053,Exchange
199143725,49.2544,0.326612,Exchange
199410377,29.5216,0.192417,Exchange
199677041,29.5216,0.324233,Exchange
199943684,29.5216,0.235289,Exchange
200210327,40.282,0.682029,Exchange
200476993,40.282,0.564299,Exchange
200743685,40.282,0.589875,Exchange
201010339,40.282,0.589186,Exchange
201277003,40.282,0.233767,Exchange
201543630,40.282,0.239882,Exchange
201810234,40.282,0.21942,Exchange
202076932,40.282,0.446539,Exchange
202343618,39.0192,0.396443,Exchange
202610229,39.0192,0.589364,Exchange
202876913,39.0192,0.565728,Exchange
203126918,39.0192,0.165701,Exchange
203393562,15.4002,0.661203,Exchange
203660199,35.1732,0.623238,Exchange
203926857,83.0372,0.965029,Exchange
204193508,83.7784,0.836619,Exchange
204460138,83.7784,1,Exchange
204726778,83.7784,1,Exchange
204993461,83.7784,1,Exchange
205243477,83.7784,0.621203,Exchange
205493499,46.617,0.867224,Exchange
205760143,46.617,0.764363,Exchange
206010145,50.5356,0.700445,Exchange
206276763,46.617,0.558097,Exchange
206543417,51.9825,0.385451,Exchange
206793425,51.9825,0.274868,Exchange
207060087,51.9825,0.550487,Exchange
207326743,51.9825,0.674125,Exchange
207576754,51.9825,0.653196,Exchange
207843396,42.7914,0.531407,Exchange
208093396,42.7914,0.673629,Exchange
208359998,80.2321,0.660009,Exchange
208610040,76.3136,0.3873,Exchange
208876680,76.3136,0.616762,Exchange
209143333,76.3136,0.376553,Exchange
209409991,54.8383,0.262666,Exchange
209659997,54.8383,0.39282,Exchange
209926617,71.9256,0.582931,Exchange
210176635,71.9256,0.347543,Exchange
210443268,71.9256,0.570095,Exchange
210709913,55.7966,0.614153,Exchange
210959948,55.7966,0.221843,Exchange
211226579,55.7966,0.419577,Exchange
211493243,55.7966,0.169645,Exchange
211759852,56.4868,0.675004,Exchange
212009860,56.4868,0.531872,Exchange
212259886,66.3996,0.445978,Exchange
212526516,66.3996,0.287019,Exchange
212776551,48.1442,0.400714,Exchange
213043187,42.7748,0.567476,Exchange
213309829,42.7748,0.569981,Exchange
213576461,52.3993,0.59731,Exchange
213826462,52.3993,0.288516,Exchange
214076485,52.3993,0.254123,Exchange
214343129,52.3993,0.495092,Exchange
214609796,36.841,0.338763,Exchange
214876433,36.841,0.622156,Exchange
215143060,36.841,0.609551,Exchange
215409729,36.841,0.332873,Exchange
215676398,34.1363,0.226125,Exchange
215943045,34.1363,0.247179,Exchange
216209705,53.6719,0.407988,Exchange
216459707,53.6719,0.498795,Exchange
216709726,53.6719,0.703607,Exchange
216976359,38.756,0.67723,Exchange
217242979,38.756,0.745305,Exchange
217492989,38.756,0.724874,Exchange
217759643,38.756,0.477188,Exchange
218009658,38.756,0.260643,Exchange
218276346,38.756,0.226815,Exchange
218542983,38.756,0.394501,Exchange
218809637,38.756,0.427834,Exchange
219076284,38.756,0.658589,Exchange
219342919,38.756,0.58282,Exchange
219609594,38.756,0.691458,Exchange
219876226,38.756,0.666855,Exchange
220142884,34.6571,0.568673,Exchange
220409554,12.4832,0.683503,Exchange
220676217,12.4832,0.326322,Exchange
220942878,55.8425,0.356448,Exchange
221209507,55.8425,0.318829,Exchange
221459528,55.8425,0.401862,Exchange
221726176,55.8425,0.536402,Exchange
221992754,55.8425,0.580142,Exchange
222259461,24.3246,0.450072,Exchange
222526091,24.3246,0.581667,Exchange
222776106,54.3994,0.570883,Exchange
223026123,54.3994,0.354969,Exchange
223292787,54.3994,0.4419,Exchange
223559448,54.3994,0.176603,Exchange
223826077,35.9224,0.549749,Exchange
224076135,35.9224,0.581001,Exchange
224342704,52.5639,0.57472,Exchange
224609373,52.5639,0.44594,Exchange
224859373,76.6642,0.569443,Exchange
225126010,54.4902,0.621635,Exchange
225376011,54.4902,0.289601,Exchange
225642675,54.4902,0.565222,Exchange
225909312,54.4902,0.376326,Exchange
226175956,54.4902,0.463447,Exchange
226442600,54.4902,0.624038,Exchange
226692618,21.155,0.619861,Exchange
226959267,21.155,0.960177,Exchange
227225930,64.4762,0.940804,Exchange
227492621,64.4762,0.752197,Exchange
227759249,64.4762,0.808121,Exchange
228025884,64.4762,0.927705,Exchange
228292497,64.4762,1,Exchange
228542504,63.0817,1,Exchange
228792515,19.2967,0.64777,Exchange
229042530,19.2967,0.489271,Exchange
229309172,19.2967,0.559938,Exchange
229575830,42.8652,0.538399,Exchange
229842483,19.2967,0.395096,Exchange
230109136,24.9636,0.584527,Exchange
230375707,24.9636,0.526655,Exchange
230625727,38.0728,1,Exchange
230892419,38.0728,1,Exchange
231142440,38.0728,1,Exchange
231409112,37.2055,0.566838,Exchange
231675707,52.3796,1,Exchange
231925742,52.3796,0.829008,Exchange
232192329,52.3796,1,Exchange
232459001,52.3796,0.97065,Exchange
232725647,56.0878,0.704761,Exchange
232975682,48.326,0.776507,Exchange
233242334,71.8872,0.6496,Exchange
233508991,71.8872,0.249502,Exchange
233775634,90.3542,0.216305,Exchange
234042329,88.8552,0.141627,Exchange
234308941,88.8552,0.362544,Exchange
234575616,85.4124,0.334642,Exchange
234842261,85.4124,0.231281,Exchange
235108933,85.4124,0.279169,Exchange
235375611,80.5078,0.241268,Exchange
235642271,80.5078,0.204854,Exchange
235908919,104.197,0.188891,Exchange
236175664,104.197,0.16076,Exchange
236442236,104.197,0.423193,Exchange
236692245,73.8328,0.404171,Exchange
236958880,73.8328,0.379395,Exchange
237225518,73.8328,0.176359,Exchange
237475546,87.2093,0.225189,Exchange
237742206,53.7524,0.309389,Exchange
238008855,54.8535,0.252066,Exchange
238275493,54.8535,0.546987,Exchange
238542142,56.1083,0.549044,Exchange
238792147,79.143,0.154441,Exchange
239058760,79.143,0.177048,Exchange
239308762,80.74,0.159014,Exchange
239558764,80.74,0.369291,Exchange
239808782,80.5181,0.282373,Exchange
240075375,80.5181,0.570735,Exchange
240325432,79.8185,0.57147,Exchange
240575451,79.8185,0.266694,Exchange
240842061,79.8185,0.267476,Exchange
241108739,62.1238,0.811762,Exchange
241375356,62.1238,0.942701,Exchange
241641983,62.1238,0.999123,Exchange
241908648,82.7786,1,Exchange
242175238,82.7786,1,Exchange
242425290,82.7786,0.681433,Exchange
242675293,82.7786,0.20789,Exchange
242941928,50.2879,0.232018,Exchange
243208613,50.2879,0.340195,Exchange
243458651,82.3893,0.315451,Exchange
243725258,82.3893,0.574663,Exchange
243975264,81.8507,0.563584,Exchange
244241915,81.8507,0.716204,Exchange
244508573,81.8507,0.505248,Exchange
244775200,59.0752,0.738083,Exchange
245025200,59.0752,0.672108,Exchange
245291812,59.0752,1,Exchange
245541846,59.0752,0.755936,Exchange
245791957,59.0752,0.829734,Exchange
246058477,59.0752,0.853028,Exchange
246308498,59.0752,1,Exchange
246575177,59.0752,0.847054,Exchange
246841778,59.0752,0.986658,Exchange
247108461,59.0752,0.778722,Exchange
247375137,59.0752,0.44347,Exchange
247641781,19.362,0.250241,Exchange
247908420,19.362,0.634825,Exchange
248175096,63.1469,0.277273,Exchange
248441770,63.1469,0.563123,Exchange
248708410,63.1469,0.396406,Exchange
248975002,59.3906,1,Exchange
249241669,59.3906,1,Exchange
249491694,59.3906,0.86648,Exchange
249741724,59.3906,0.307176,Exchange
250008369,24.725,0.175302,Exchange
250275041,39.7169,0.442458,Exchange
250541697,74.5196,0.66612,Exchange
250808365,74.5196,0.313463,Exchange
251074994,72.1405,0.572828,Exchange
251341610,72.1405,0.561674,Exchange
251608318,72.9516,0.493299,Exchange
251858378,72.9516,0.596241,Exchange
252124963,72.9516,1,Exchange
252374975,72.9516,0.640439,Exchange
252641587,56.2268,0.597163,Exchange
252891647,56.2268,0.28383,Exchange
253158223,56.2268,0.571255,Mixed
253408279,54.086,0.563258,Mixed
253674894,54.086,0.584182,Mixed
253941529,73.487,0.556959,Mixed
254191541,73.487,0.128226,Mixed
254441555,58.4349,0.364902,Mixed
254708242,57.8564,0.241052,Mixed
254974896,57.8564,0.419903,Mixed
255241567,56.7618,0.265143,Mixed
255508211,56.7618,0.572492,Mixed
255774815,71.6798,0.571527,Mixed
256024832,71.6798,0.144233,Mixed
256291520,71.6798,0.171115,Mixed
256558126,97.9816,0.148607,Mixed
256808136,97.9816,0.261504,Mixed
257074794,99.622,0.192351,Mixed
257341448,99.622,0.496037,Mixed
257608073,99.3654,0.394859,Mixed
257874738,99.3654,0.574809,Mixed
258141389,99.3654,0.595115,Mixed
258391409,99.3654,0.247714,Mixed
258658004,99.3654,0.229669,Mixed
258908080,73.7513,0.200375,Mixed
259174712,73.7513,0.240954,Mixed
259441355,100.103,0.166181,Mixed
259708018,61.1399,0.348728,Mixed
259974661,60.4037,0.211848,Mixed
260224667,76.2761,0.561785,Mixed
260491300,59.3097,0.503251,Mixed
260741357,59.3097,0.186205,Mixed
261007991,59.3097,0.207614,Mixed
261274669,66.6668,0.551529,Mixed
261541298,66.6668,0.440002,Mixed
261807943,66.6668,0.262057,Mixed
262074520,66.6668,0.55863,Mixed
262324559,54.5998,0.616427,Mixed
262574564,54.5998,0.589174,Mixed
262841197,54.5998,0.561837,Mixed
263107865,67.1648,0.569719,Mixed
263374553,67.1648,0.599605,Mixed
263641164,67.1648,0.605366,Mixed
263891425,67.1648,0.285739,Mixed
264157817,67.1648,0.254535,Mixed
264407825,67.1648,0.227051,Mixed
264657853,67.1648,0.154719,Mixed
264924446,48.678,0.557172,Mixed
265174446,48.678,0.559362,Mixed
265424461,50.6373,0.57476,Mixed
265691066,50.6373,0.562067,Mixed
265957723,50.6373,0.553077,Mixed
266207724,48.2902,0.540969,Mixed
266457752,67.7762,0.570744,Mixed
266724376,67.7762,0.566285,Mixed
266990980,67.7762,0.562068,Mixed
267257656,67.7762,0.55299,Mixed
267524311,67.7762,0.569124,Mixed
267790957,67.7762,0.551599,Mixed
268041142,67.7762,0.568407,Mixed
268307651,67.7762,0.403765,Mixed
268557652,42.5987,0.561808,Mixed
268824319,42.5987,0.542493,Mixed
269090981,42.5987,0.560626,Mixed
269357633,42.5987,0.562641,Mixed
269624263,23.104,0.552047,Mixed
269890875,23.104,0.556995,Mixed
270140906,23.104,0.543234,Mixed
270407562,23.104,0.423597,Mixed
270674203,24.2185,0.53474,Mixed
270940842,24.2185,0.644188,Mixed
271190858,24.2185,0.56667,Mixed
271457497,24.2185,0.694654,Mixed
271707543,24.2185,0.314,Mixed
271974148,24.2185,0.573078,Mixed
272224159,28.3822,0.570958,Mixed
272474200,28.3822,0.666359,Mixed
272740791,28.3822,1,Mixed
272990795,28.3822,0.963789,Mixed
273257387,28.3822,1,Mixed
273507466,28.3822,0.609998,Mixed
273774090,28.3822,0.574935,Mixed
274024106,25.2929,0.428023,Mixed
274290743,25.2929,0.55396,Mixed
274557372,25.2929,0.576449,Mixed
274807413,25.2929,0.537019,Mixed
275074047,25.2929,0.561796,Mixed
275324057,25.2929,0.163697,Mixed
275590721,25.2929,0.179401,Mixed
275857330,25.7357,0.163766,Mixed
276107364,25.7357,0.245777,Mixed
276373988,70.0441,0.294841,Mixed
276640670,70.0441,0.353966,Mixed
276907320,70.0441,0.279659,Mixed
277173989,75.6045,0.497245,Mixed
277424001,49.2695,0.359217,Mixed
277690608,49.2695,0.569105,Mixed
277957216,96.2653,1,Mixed
278207221,96.2653,1,Mixed
278473856,96.2653,1,Mixed
278740546,96.2653,1,Mixed
279007220,96.2653,1,Mixed
279273862,96.2653,1,Mixed
279540484,82.3736,1,Mixed
279807164,82.3736,1,Mixed
280073818,82.3736,0.825238,Mixed
280340518,82.3736,0.724102,Mixed
280607118,30.3895,0.755159,Mixed
280873752,36.3334,1,Mixed
281123765,36.3334,0.779298,Mixed
281390461,36.3334,0.889601,Mixed
281657045,36.3334,1,Mixed
281907071,44.1375,0.584002,Mixed
282173768,44.1375,0.205517,Mixed
282440398,44.1375,1,Mixed
282690400,63.7488,0.697149,Mixed
282957033,63.7488,0.911103,Mixed
283223667,63.7488,1,Mixed
283473705,63.7488,0.689466,Mixed
283740345,53.2314,0.824326,Mixed
284007030,53.2314,1,Mixed
284273657,53.2314,1,Mixed
284540370,53.2314,1,Mixed
284807017,53.2314,0.368005,Mixed
285073629,53.2314,0.613191,Mixed
285340291,45.1401,0.676912,Mixed
285590299,45.1401,0.579689,Mixed
285856899,45.1401,0.610748,Mixed
286106952,45.1401,0.75723,Mixed
286373644,45.1401,0.676814,Mixed
286640280,45.1401,0.784142,Mixed
286906933,45.1401,0.568469,Mixed
287173536,25.0267,0.626988,Mixed
287440170,25.0267,1,Mixed
287690180,25.0267,0.892729,Mixed
287956841,16.2975,0.730949,Mixed
288206873,16.2975,0.35228,Mixed
288473552,79.9325,0.31705,Mixed
288740179,79.9325,0.194594,Mixed
289006856,79.9325,0.250724,Mixed
289273513,61.1211,0.252744,Mixed
289540142,61.1211,0.482844,Mixed
289806815,61.1211,0.560485,Mixed
290073409,58.0301,1,Mixed
290340061,58.0301,1,Mixed
290590230,58.0301,0.699615,Mixed
290856709,58.0301,0.742348,Mixed
291106750,37.1436,0.549055,Mixed
291373409,39.367,0.676306,Mixed
291640062,39.367,0.581797,Mixed
291906723,39.367,0.452818,Mixed
292173384,48.7896,0.584879,Mixed
292439962,48.7896,0.998658,Mixed
292690015,48.7896,0.770971,Mixed
292940039,56.5293,0.747927,Mixed
293206618,56.5293,1,Mixed
293473277,56.5293,1,Mixed
293723404,56.5293,1,Mixed
293989916,56.5293,0.963809,Mixed
294239931,56.5293,1,Mixed
294506655,56.5293,0.873441,Mixed
294773278,56.5293,0.92421,Mixed
295039904,56.5293,1,Mixed
295306579,56.5293,0.944159,Mixed
295573239,56.5293,0.757614,Mixed
295839888,56.5293,0.562674,Mixed
296106539,56.5293,0.574845,Mixed
296373188,56.5293,0.578751,Mixed
296623204,26.9884,0.626611,Mixed
296873212,26.9884,0.863376,Mixed
297139823,26.9884,0.858003,Mixed
297406515,26.9884,0.813159,Mixed
297673138,26.9884,0.87673,Mixed
297923145,26.9884,0.851579,Mixed
298189775,26.9884,0.745316,Mixed
298439814,34.0603,0.796627,Mixed
298706468,37.5068,0.875976,Mixed
298973103,34.0603,0.73434,Mixed
299239728,44.1997,1,Mixed
299506396,44.1997,0.861608,Mixed
299773030,91.0699,1,Mixed
300039676,91.0699,0.844309,Mixed
300306391,91.0699,0.880036,Mixed
300572992,91.0699,0.798877,Mixed
300839643,91.0699,0.638204,Mixed
301106316,91.0699,0.602237,Mixed
301372901,91.0699,0.724996,Mixed
301622956,63.5281,0.660196,Mixed
301889582,63.5281,0.794849,Mixed
302139729,63.5281,0.875243,Mixed
302406334,63.5281,0.636599,Mixed
302672908,83.3158,0.925331,Mixed
302922911,83.3158,0.692874,Mixed
303172931,83.3158,0.660769,Mixed
303439593,89.7416,0.772557,Mixed
303706211,89.7416,0.607254,Mixed
303956226,89.7416,0.761342,Mixed
304356148,44.8557,1,Mixed
304616923,44.8557,0.73882,Mixed
304870202,44.8557,0.835127,Mixed
305123703,44.8557,1,Mixed
305389658,44.8557,1,Mixed
305656181,44.8557,0.700774,Mixed
305922793,20.6976,0.156151,Mixed
306189451,38.9972,0.572111,Mixed
306456050,60.3016,0.595581,Mixed
306706097,60.3016,0.917414,Mixed
306958045,60.3016,0.79158,Mixed
307223115,60.3016,0.807821,Mixed
307490008,60.3016,1,Mixed
307756308,60.3016,1,Mixed
308022721,60.3016,0.956654,Mixed
308289361,60.3016,0.84017,Mixed
308556022,60.3016,0.756981,Mixed
308806044,60.3016,0.573764,Mixed
309072664,60.3016,0.643272,Mixed
309322712,25.8096,0.657422,Mixed
309589292,25.8096,0.664419,Mixed
309855987,25.8096,1,Mixed
310106034,25.8096,0.805213,Mixed
310372694,25.8096,0.620687,Mixed
310639263,25.8096,0.362054,Mixed
310889341,27.9523,0.596176,Mixed
311155916,27.9523,0.614702,Mixed
311405936,59.9351,0.283266,Mixed
311672570,59.9351,0.747415,Mixed
311939191,59.9351,0.720167,Mixed
312205867,59.9351,0.695078,Mixed
312455896,59.9351,0.900018,Mixed
312722535,59.9351,1,Mixed
312989832,59.9351,0.704721,Mixed
313255825,23.3217,0.700075,Mixed
313522494,23.3217,0.970335,Mixed
313772501,23.3217,0.600515,Mixed
314039053,42.3547,0.778301,Mixed
314289106,42.3547,0.921062,Mixed
314539129,86.9587,1,Mixed
314789156,86.9587,0.135103,Mixed
315055696,86.9587,0.303056,Mixed
315305730,81.0875,0.265673,Mixed
315555759,81.0875,0.568876,Mixed
315822738,108.063,0.322428,Mixed
316089085,108.063,0.556117,Mixed
316355753,108.063,0.618192,Mixed
316622339,108.063,0.946732,Mixed
316889006,108.063,0.869432,Mixed
317139015,108.063,0.902183,Mixed
317405665,108.063,0.933876,Mixed
317672238,108.063,0.733266,Mixed
317922296,108.063,0.769399,Mixed
318188927,62.0707,0.556528,Mixed
318439034,19.0128,0.608836,Mixed
318705615,69.4788,1,Mixed
318972337,69.4788,0.661657,Mixed
319238888,93.6071,0.81708,Mixed
319488976,93.6071,0.998553,Mixed
319755555,93.6071,0.835669,Mixed
320005581,93.6071,0.816739,Mixed
320272169,93.6071,0.957292,Mixed
320522195,93.6071,0.83381,Mixed
320772267,93.6071,0.767179,Mixed
321038877,93.6071,0.579244,Mixed
321305516,93.6071,0.391965,Mixed
321572139,74.029,0.560434,Mixed
321822159,24.2085,0.889935,Mixed
322072178,24.2085,0.60398,Mixed
322338729,61.9057,0.983101,Mixed
322588792,61.9057,0.65323,Mixed
322855417,61.9057,0.885354,Mixed
323122049,61.9057,1,Mixed
323388772,68.9642,1,Mixed
323638774,68.9642,0.571843,Mixed
323905401,68.9642,0.729212,Mixed
324172048,68.9642,0.712421,Mixed
324438728,68.9642,0.616573,Mixed
324705395,68.9642,0.63515,Mixed
324955421,68.9642,0.524077,Mixed
325222008,68.9642,0.251284,Mixed
325472022,68.9642,0.191511,Mixed
325722052,68.9642,0.10313,Mixed
325988652,27.5511,0.284262,Mixed
326238658,19.3507,0.149447,Mixed
326488688,19.3507,0.436287,Mixed
326755314,61.5898,0.187209,Mixed
327021967,82.4216,0.478618,Mixed
327271980,81.7667,0.340544,Mixed
327538598,81.7667,0.285722,Mixed
327788660,81.2022,0.558928,Mixed
328055210,81.1235,0.104629,Mixed
328321870,81.1235,0.165072,Mixed
328571980,78.818,0.12832,Mixed
328830204,78.818,0.324268,Mixed
329088618,84.9669,0.280149,Mixed
329355196,84.9669,0.144959,Mixed
329621817,84.9669,0.839036,Mixed
329888454,84.9669,0.82017,Mixed
330155116,84.9669,0.559128,Mixed
330405137,84.9669,0.292932,Mixed
330655146,84.9669,0.551349,Mixed
330905173,84.9669,0.768537,Mixed
331171754,84.9669,0.402974,Mixed
331421769,43.8526,0.557824,Mixed
331688402,43.8526,0.209867,Mixed
331938436,22.4752,0.506635,Mixed
332189401,61.6353,0.295832,Mixed
332455627,61.6353,0.560766,Mixed
332722843,62.4595,0.403373,Mixed
332988326,82.9736,0.577191,Mixed
333255060,83.1094,0.576321,Mixed
333521647,83.1094,0.564855,Mixed
333771647,83.7458,0.540395,Mixed
334021682,83.2907,0.242484,Mixed
334288367,83.5057,0.581242,Mixed
334554975,83.5057,0.145656,Mixed
334821627,83.5057,0.417433,Mixed
335088224,81.5156,0.200163,Mixed
335338251,81.5156,0.618607,Mixed
335588315,81.5156,0.891633,Mixed
335854896,81.5156,0.653174,Mixed
336104899,55.3191,0.754092,Mixed
336371577,55.3191,0.654971,Mixed
336638198,55.3191,0.565348,Mixed
336888262,55.3191,0.678002,Mixed
337154934,55.3191,0.689616,Mixed
337421522,55.3191,0.730951,Mixed
337671555,55.3191,0.558095,Mixed
337938168,26.2749,0.716645,Mixed
338188228,26.2749,0.29316,Mixed
338438376,26.2749,0.333365,Mixed
338704832,58.3148,0.171778,Mixed
338954836,58.3148,0.768274,Mixed
339221440,58.3148,0.699635,Mixed
339488116,58.3148,0.568193,Mixed
339754783,35.4212,0.54576,Mixed
340021407,40.5218,0.617823,Mixed
340271414,67.0263,0.60769,Mixed
340521414,67.0263,0.226865,Mixed
340788053,67.0263,0.327199,Mixed
341038065,81.8529,0.289849,Mixed
341288097,61.8599,0.519298,Mixed
341554813,61.8599,0.293672,Mixed
341821327,83.0567,0.561058,Mixed
342071341,82.7639,0.551286,Mixed
342321439,88.7969,0.590142,Mixed
342587967,88.7969,0.56038,Mixed
342837994,88.7969,0.488227,Mixed
343088056,63.9081,0.624425,Mixed
343354662,63.9081,0.202725,Mixed
343604674,63.9081,0.396461,Mixed
343871280,63.9081,0.208918,Mixed
344121285,64.2625,0.615917,Mixed
344387869,64.2625,0.749943,End
344654526,64.2625,0.735753,End
344904605,64.2625,0.83832,End
345171161,64.2625,0.849067,End
345421189,64.2625,0.658186,End
345671200,64.2625,0.55707,End
345921580,27.3321,0.631986,End
346187774,27.3321,0.720099,End
346437809,27.3321,0.561352,End
346704445,27.3321,0.561268,End
346971112,27.3321,0.275803,End
347237757,36.4309,0.315427,End
347504440,36.4309,0.503442,End
347771093,36.4309,0.469634,End
348037757,36.4309,0.658217,End
348304358,36.4309,0.812315,End
348554441,36.4309,0.580003,End
348821067,36.4309,0.553556,End
349087741,34.7597,0.584508,End
349354425,34.7597,0.853215,End
349621032,34.7597,0.650709,End
349887784,67.3511,0.628086,End
350154340,67.3511,0.559967,End
350420955,69.5343,0.568287,End
350687613,69.5343,0.555232,End
350937628,51.9512,0.728911,End
351187682,47.0857,0.692542,End
351454326,47.0857,0.596727,End
351720917,58.8625,0.580143,End
351970922,58.8625,0.720785,End
352237594,58.8625,0.826102,End
352504250,58.8625,0.733138,End
352770882,36.967,0.809553,End
353037527,36.967,0.698224,End
353287527,60.3541,0.647825,End
353554216,60.3541,0.820025,End
353820863,74.2341,0.604438,End
354087477,74.2341,0.6514,End
354875852,74.2341,0.697301,End
355136604,74.2341,0.641952,End
355390004,57.1938,0.613968,End
355643261,57.1938,0.9198,End
355896654,72.2869,0.785633,End
356150378,72.2869,1,End
356403336,79.1345,0.80361,End
356657062,93.974,0.82102,End
356910001,83.8246,1,End
357163805,83.8246,0.31797,End
357417012,90.3062,0.410423,End
357669978,97.0709,0.365735,End
357920778,96.0098,0.974047,End
358187312,96.0098,0.567804,End
358456063,96.0098,0.199618,End
358723045,71.1551,0.585229,End
358989586,71.1551,0.574655,End
359253896,67.8165,0.759753,End
359503935,67.8165,0.264961,End
359753945,67.8165,0.0787539,End
360020516,62.3201,0.544846,End
360270600,62.3201,0.168444,End
360537240,62.3201,0.127586,End
360787252,62.3201,0.0817464,End
361053885,56.4345,0.657534,End
361320460,56.4345,1,End
361570496,56.4345,0.734585,End
361837167,56.4345,0.936096,End
362103807,56.4345,0.936277,End
362370444,56.4345,0.697375,End
362620495,56.4345,0.699687,End
362870511,56.4345,0.306442,End
363137158,56.4345,0.810192,End
363403790,26.0616,0.79903,End
363670454,26.0616,0.560669,End
363920505,70.5661,1,End
364187045,70.5661,0.953315,End
364437127,111.176,0.861297,End
364703762,111.176,0.325353,End
364970462,83.9366,0.353304,End
365237103,83.9366,0.361366,End
365503718,107.68,0.258862,Idle
365770347,107.68,0.922698,Idle
366037014,107.68,0.914849,Idle
366287025,107.68,0.603606,Idle
366553662,82.0651,0.709812,Idle
366820281,82.0651,1,Idle
367086881,82.0651,1,Idle
367336992,82.0651,0.678527,Idle
367587022,82.0651,0.255848,Idle
367853572,78.3608,0.915491,Idle
368103592,78.3608,1,Idle
368370292,78.3608,1,Idle
368620316,78.3608,0.885663,Idle
368886920,59.4287,1,Idle
369153584,78.3608,0.475064,Idle
369420245,25.9236,0.310572,Idle
369686919,25.9236,0.356877,Idle
369953508,118.129,1,Idle
370203555,118.129,1,Idle
370470171,118.129,1,Idle
370736787,118.129,1,Idle
371003469,118.129,1,Idle
371253475,118.129,0.794358,Idle
371520144,118.129,0.935754,Idle
371786778,118.129,1,Idle
372036805,118.129,0.532415,Idle
372286815,118.129,0.676309,Idle
372553423,22.4231,1,Idle
372820060,22.4231,1,Idle
373070104,22.4231,0.433979,Idle
373336755,22.4231,0.217909,Idle
373603388,65.5955,0.997845,Idle
373869988,65.5955,1,Idle
374136597,65.5955,1,Idle
374386615,65.5955,1,Idle
374636648,65.5955,0.568433,Idle
374886664,65.5955,0.169062,Idle
375153261,39.44,1,Idle
375403339,39.44,0.87621,Idle
375669869,39.44,1,Idle
375919899,39.44,0.149955,Idle
376169903,39.44,0.126088,Idle
376436561,40.4234,0.807791,Idle
376686600,40.4234,0.90325,Idle
376936638,40.4234,0.579729,Idle
377203224,40.4234,0.289532,Idle
377453239,54.9962,0.555735,Idle
377719872,47.1817,1,Idle
377986534,47.1817,1,Idle
378253164,47.1817,1,Idle
378503171,47.1817,1,Idle
378769804,47.1817,0.982764,Idle
379019869,47.1817,0.535879,Idle
379286517,28.1652,0.290089,Idle
379553157,28.1652,0.283188,Idle
379803244,28.1652,0.83037,Idle
380069817,28.1652,0.902109,Idle
380336511,28.1652,0.963832,Idle
380603061,28.1652,1,Idle
380869704,28.1652,1,Idle
381119722,28.1652,1,Idle
381369783,28.1652,0.374654,Idle
381636430,28.1652,0.437038,Idle
381903076,43.9613,0.41653,Idle
382169680,17.2491,1,Idle
382436331,17.2491,1,Idle
382686352,17.2491,1,Idle
382936355,36.6277,0.705968,Idle
383203024,59.6856,0.877307,Idle
383469629,59.6856,0.384447,Idle
383719637,59.6856,0.247985,Idle
383986210,59.6856,1,Idle
384236321,59.6856,0.718413,Idle
384502983,59.6856,0.738619,Idle
384769564,35.4307,1,Idle
385036258,35.4307,1,Idle
385302858,35.4307,1,Idle
385552875,35.4307,0.63509,Idle
385802908,35.4307,0.320638,Idle
386069647,39.8616,0.482936,Idle
386336243,39.8616,1,Idle
386602864,39.8616,0.952884,Idle
386869488,39.8616,1,Idle
387136161,39.8616,0.908143,Idle
387386170,39.8616,0.657758,Idle
387652827,39.8616,1,Idle
387919492,39.8616,0.888259,Idle
388186128,30.6349,0.96992,Idle
388436161,30.6349,0.941955,Idle
388702772,30.6349,1,Idle
388952781,30.6349,0.611168,Idle
389219415,30.6349,0.55649,Idle
389486056,36.7362,0.728895,Idle
389736071,36.7362,0.932813,Idle
390002719,36.7362,1,Idle
390269313,36.7362,0.991262,Idle
390519398,36.7362,0.74265,Idle
390786047,36.7362,0.211496,Idle
391052684,36.7362,0.746758,Idle
391319321,23.7756,0.606274,Idle
391569336,30.7067,0.304199,Idle
391836053,30.7067,0.229804,Idle
392102685,61.6781,0.910911,Idle
392369310,61.6781,0.672756,Idle
392636002,61.6781,0.206471,Idle
392902644,57.7155,0.944038,Idle
393169286,57.7155,0.748345,Idle
393435879,79.7609,1,Idle
393702583,79.7609,0.88292,Idle
393969230,79.7609,0.997854,Idle
394235835,79.7609,1,Idle
394485920,79.7609,0.952624,Idle
394752519,79.7609,0.841751,Idle
395019139,41.8215,1,Idle
395269157,41.8215,0.95007,Idle
395519171,67.6992,0.923338,Idle
395785779,54.7664,1,Idle
396035789,54.7664,1,Idle
396285798,54.7664,0.878194,Idle
396552469,54.7664,0.207533,Idle
396802523,33.1786,0.260473,Idle
397069089,49.8358,0.88118,Idle
397319136,49.8358,0.20836,Idle
397585761,49.8358,0.217325,Idle
397835761,49.8358,0.141198,Idle
398102390,50.2555,0.728723,Idle
398352402,50.2555,0.856709,Idle
398602411,50.2555,0.187394,Idle
398868986,70.0219,1,Idle
399119035,76.2172,0.515224,Idle
399385633,117.39,1,Idle
399635642,117.39,0.996156,Idle
399885654,84.2831,1,Idle
400152304,84.2831,0.532418,Idle
400402316,84.2831,0.267241,Idle
400652317,87.6069,0.102174,Idle
400918927,74.9473,0.909763,Idle
401185547,74.9473,1,Idle
401435606,74.9473,0.760884,Idle
401702233,74.9473,1,Idle
401968893,74.9473,0.9087,Idle
402235533,74.9473,0.946267,Idle
402502219,74.9473,1,Idle
402768831,74.9473,1,Idle
403018871,74.9473,0.768764,Idle
403268892,74.9473,1,Idle
403518893,74.9473,0.867707,Idle
403785527,74.9473,0.526827,Idle
404035527,74.9473,0.33165,Idle
404302125,17.5178,1,Idle
404552169,17.5178,0.854522,Idle
404802183,56.5774,0.966682,Idle
405068782,56.5774,1,Idle
405335414,56.5774,1,Idle
405602109,56.5774,1,Idle
405868709,56.5774,1,Idle
406135416,56.5774,1,Idle
406385435,33.4608,0.809463,Idle
406652077,33.4608,0.772216,Idle
406918711,33.4608,0.553988,Idle
407185368,82.2153,0.779916,Idle
407452015,82.2153,0.878625,Idle
407718650,82.2153,0.629298,Idle
407985305,65.7453,0.518565,Idle
408251972,58.53,0.434739,Idle
408518578,58.53,1,Idle
408785231,58.53,1,Idle
409035241,58.53,1,Idle
409301910,58.53,1,Idle
409568571,58.53,1,Idle
409835212,58.53,1,Idle
410085267,58.53,0.991184,Idle
410351860,58.53,1,Idle
410601883,58.53,0.951236,Idle
410868521,22.0003,1,Idle
411135184,22.0003,1,Idle
411385191,22.0003,0.946367,Idle
411635195,22.0003,0.473951,Idle
411885239,22.0003,0.55053,Idle
412151830,37.5327,0.690388,Idle
412418536,37.5327,0.575249,Idle
412685092,65.527,1,Idle
412935114,65.527,0.84526,Idle
413201744,65.527,1,Idle
413468407,65.527,1,Idle
413735033,65.527,1,Idle
413985074,65.527,0.806877,Idle
414235079,65.527,0.648187,Idle
414485124,65.527,0.203086,Idle
414751755,61.6566,0.320581,Idle
415018397,20.3775,0.695283,Idle
415285210,20.3775,0.873187,Idle
415551681,58.6293,0.737115,Idle
415818320,58.6293,0.568687,Idle
416068324,73.6849,1,Idle
416318378,73.6849,0.557107,Idle
416585035,73.6849,0.552055,Idle
416851663,73.6849,1,Idle
417118320,73.6849,1,Idle
417384980,73.6849,0.890914,Idle
417651590,73.6849,1,Idle
417901611,73.6849,1,Idle
418168189,73.6849,1,Idle
418418273,73.6849,0.695937,Idle
418684867,18.9383,0.980408,Idle
418934894,18.9383,0.832013,Idle
419201561,43.5062,0.567646,Idle
419468186,50.0624,1,Idle
419718212,50.0624,1,Idle
419984868,50.0624,0.548919,Idle
420251505,50.0624,0.705522,Idle
420501576,50.0624,0.661586,Idle
420768225,28.7308,0.626012,Idle
421034822,34.098,0.704192,Idle
421301486,34.098,0.802928,Idle
421551489,34.098,0.480964,Idle
421818224,34.098,0.517581,Idle
422084967,45.8432,0.216126,Idle
422351571,45.3831,0.736888,Idle
422618120,45.3831,0.70505,Idle
422884776,91.0792,0.704653,Idle
423151378,91.0792,0.620764,Idle
423401491,91.0792,0.745336,Idle
423667995,91.0792,0.343554,Idle
423918087,72.8919,0.541935,Idle
424184723,88.1355,0.308317,Idle
424451470,88.1355,0.198036,Idle
424718112,88.1355,0.182985,Idle
424984678,93.1524,0.21916,Idle
425251294,93.1524,0.127513,Idle
425517961,56.1705,0.111546,Idle
425767995,56.1705,0.783981,Idle
426034548,80.1965,0.89009,Idle
426284604,80.1965,0.843754,Idle
426534634,80.1965,0.624729,Idle
426801303,80.1965,0.507805,Idle
427067903,80.1965,0.231221,Idle
427317986,80.1965,0.439156,Idle
427584548,80.1965,0.326622,Idle
427834556,80.1965,0.211566,Idle
428101226,59.8514,0.217362,Idle
428367873,59.8514,0.14326,Idle
428617895,59.8514,0.62327,Idle
428869209,48.6772,0.588643,Idle
429135333,48.6772,0.717337,Idle
429403161,93.493,0.338149,Idle
429667826,93.493,0.796031,Idle
429934462,93.493,0.778421,Idle
430184462,93.493,0.94131,Idle
430451192,93.493,0.605697,Idle
430717829,93.493,0.562519,Idle
430984474,93.493,0.53579,Idle
431251076,28.8266,0.749787,Idle
431501085,28.8266,0.81861,Idle
431767641,28.8266,0.653219,Start
432034330,28.8266,0.672283,Start
432300933,28.8266,0.614011,Start
432551001,38.0043,0.471074,Start
432801009,38.0043,0.315706,Start
433051020,38.0043,0.509101,Start
433317636,53.7759,0.797475,Start
433584300,53.7759,0.939586,Start
433850962,53.7759,0.775993,Start
434117614,53.7759,0.694669,Start
434384245,53.7759,0.80362,Start
434634248,53.7759,0.615774,Start
434884303,53.7759,0.294259,Start
435150914,53.7759,0.546409,Start
435417546,53.7759,0.604149,Start
435667557,27.3641,0.630945,Start
435917606,27.3641,0.488283,Start
436184246,27.3641,0.569527,Start
436450902,22.2007,0.58269,Start
436717548,22.2007,0.575694,Start
436984182,22.2007,0.646919,Start
437234205,22.2007,0.604082,Start
437500834,22.2007,0.619557,Start
437750858,22.2007,0.31256,Start
438017479,31.5988,0.560471,Start
438284155,31.5988,0.551992,Start
438534163,29.1106,0.536941,Start
438800779,29.1106,0.30708,Start
439050848,41.6861,0.22396,Start
439317470,41.6861,0.16521,Start
439584147,60.0093,0.207902,Start
439850787,71.5665,0.182639,Start
440117387,71.5665,0.561075,Start
440384047,71.5665,0.433728,Start
440634073,71.481,0.5357,Start
440900664,71.481,0.573507,Start
441150683,71.481,0.564085,Start
441417329,71.481,0.373261,Start
441684028,71.481,0.237036,Start
441950614,42.9872,0.600557,Start
442217297,42.9872,0.555246,Start
442483947,42.9872,0.550438,Start
442750613,64.5444,0.564089,Start
443000629,64.5444,0.525334,Start
443267252,64.5444,0.551211,Start
443517273,59.5761,0.545957,Start
443783949,40.7957,0.564701,Start
444050594,71.0167,0.553235,Start
444317261,71.0167,0.377968,Start
444583883,69.8448,0.559873,Start
444833919,89.0027,0.31559,Start
445100537,88.6732,0.570076,Start
445350546,88.6732,0.253481,Start
445617153,88.6881,0.553733,Start
445883835,88.4115,0.201989,Start
446150455,86.6471,0.563458,Start
446400462,86.6471,0.228457,Start
446650463,83.3237,0.563926,Start
446917095,83.129,0.296013,Start
447183706,85.5564,0.563983,Start
447433745,85.5564,0.309488,Start
447700385,85.5564,0.537105,Start
447950393,85.6651,0.338645,Start
448200394,57.1647,0.577535,Start
448467046,57.1647,0.372764,Start
448733685,84.1851,0.557002,Start
449000344,84.3003,0.504624,Start
449250356,84.3003,0.232942,Start
449516986,81.3614,0.535239,Start
449767004,81.3614,0.153099,Start
450033646,81.3313,0.291396,Start
450300303,81.3313,0.179611,Start
450550303,80.843,0.465727,Start
450800306,80.843,0.174631,Start
451066984,80.572,0.673096,Start
451333620,64.1066,0.388605,Start
451600268,64.1066,0.533567,Start
451866918,64.1066,0.554569,Start
452116918,63.4269,0.265506,Start
452366926,63.4269,0.243151,Start
452633558,63.4269,0.119914,Start
452900217,47.5121,0.273281,Start
453166882,47.3287,0.256206,Start
453433492,81.585,0.552564,Start
453683521,81.585,0.198081,Start
453950140,79.5134,0.55338,Start
454200153,79.5134,0.283559,Start
454450169,79.3555,0.54271,Start
454716780,79.3555,0.44517,Start
454983371,79.3555,0.548035,Start
455233459,49.4868,0.553823,Start
455500123,49.9874,0.316002,Start
455766739,49.9874,0.561412,Start
456016804,49.9874,0.170049,Start
456283374,62.7503,0.231372,Start
456550058,63.2525,0.136127,Start
456800078,80.2621,0.482298,Start
457066681,80.2621,0.193265,Start
457316693,80.2621,0.564549,Start
457583385,80.2621,0.24432,Start
457850001,80.2621,0.564177,Start
458100029,80.2621,0.27482,Start
458350051,80.2621,0.558834,Start
458616642,30.0624,0.528933,Start
458866654,30.0624,0.216498,Start
459133281,30.0624,0.416541,Start
459383316,30.0624,0.125311,Start
459649960,61.321,0.418385,Start
459916600,61.321,0.34197,Start
460183250,61.321,0.575135,Start
460449877,61.321,0.293503,Start
460716520,61.321,0.597252,Start
460983179,61.321,0.550728,Start
461233208,61.321,0.190618,Start
461483233,49.5351,0.252105,Start
461733948,49.5351,0.31961,Start
462000464,29.464,0.544637,Start
462267115,29.464,0.230612,Start
462533748,39.6155,0.608159,Start
462800418,61.0614,0.821451,Start
463067012,61.0614,0.167808,FirstPhase
463333668,61.0614,0.21308,FirstPhase
463583678,61.0614,0.14648,FirstPhase
463850337,61.0614,0.640002,FirstPhase
464100345,52.3295,0.163689,FirstPhase
464366977,52.3295,0.664229,FirstPhase
464633632,52.3295,0.313706,FirstPhase
464900301,52.3295,0.824759,FirstPhase
465166945,49.5017,0.5604,FirstPhase
465433626,52.3295,0.200388,FirstPhase
465683658,52.3295,0.329933,FirstPhase
465950289,43.6097,0.175427,FirstPhase
466216952,24.9894,0.46299,FirstPhase
466483591,24.9894,0.173553,FirstPhase
466750224,63.8621,0.590099,FirstPhase
467016868,63.8621,0.248648,FirstPhase
467283512,63.8621,0.554983,FirstPhase
467533528,52.65,0.547552,FirstPhase
467800186,52.65,0.122332,FirstPhase
468050187,52.65,0.142032,FirstPhase
468316808,64.3958,0.163156,FirstPhase
468583453,64.3958,0.549972,FirstPhase
468833472,64.3958,0.418809,FirstPhase
469100131,64.3958,0.462894,FirstPhase
469350134,64.3958,0.603584,FirstPhase
469616747,40.6833,0.354658,FirstPhase
469866750,40.6833,0.292706,FirstPhase
470133400,35.8044,0.195106,FirstPhase
470400077,35.8044,0.336261,FirstPhase
470666727,35.8044,0.204133,FirstPhase
470933393,35.8044,0.597481,FirstPhase
471183409,35.8044,0.575701,FirstPhase
471450061,35.8044,0.142946,FirstPhase
471716721,35.8044,0.193782,FirstPhase
471983392,35.8044,0.216026,FirstPhase
472250029,35.8044,0.860166,FirstPhase
472516684,35.1457,0.535451,FirstPhase
472783360,35.1457,0.11642,FirstPhase
473033362,35.1457,0.234717,FirstPhase
473300002,35.1457,0.130159,FirstPhase
473566626,19.2787,0.547557,FirstPhase
473833289,19.2787,0.540574,FirstPhase
474083303,19.2787,0.474506,FirstPhase
474349952,19.2787,0.203358,FirstPhase
474599961,38.3058,0.304144,FirstPhase
474866583,38.3058,0.278926,FirstPhase
475133222,38.724,0.18006,FirstPhase
475383239,38.724,0.452092,FirstPhase
475649840,38.5844,0.404777,FirstPhase
475916486,38.5844,0.552265,FirstPhase
476183164,38.5844,0.31494,FirstPhase
476433171,38.5844,0.180881,FirstPhase
476699789,38.7043,0.370604,FirstPhase
476966443,38.7043,0.105042,FirstPhase
477233117,38.7043,0.131807,FirstPhase
477499754,38.7043,0.553713,FirstPhase
477766417,38.7043,0.542167,FirstPhase
478033076,39.1797,0.110785,FirstPhase
478299725,36.1679,0.301165,FirstPhase
478566393,36.1679,0.178603,FirstPhase
478833050,36.1679,0.137524,FirstPhase
479099699,37.6605,0.105982,FirstPhase
479366355,62.0898,0.201925,FirstPhase
479616372,62.0898,0.182013,FirstPhase
479883001,71.6078,0.590794,FirstPhase
480133018,71.6078,0.547364,FirstPhase
480399696,65.0851,0.114313,FirstPhase
480666335,70.0298,0.23783,FirstPhase
480932985,70.0298,0.259789,FirstPhase
481199651,71.9291,0.447861,FirstPhase
481466331,71.9291,0.305573,FirstPhase
481732971,76.8666,0.56515,FirstPhase
481999602,69.2536,0.534605,FirstPhase
482266260,79.6117,0.319193,FirstPhase
482532927,79.6117,0.201283,FirstPhase
482799594,79.6117,0.179632,FirstPhase
483066199,70.27,0.255764,FirstPhase
483316219,70.27,0.207994,FirstPhase
483566226,70.27,0.130399,FirstPhase
483832902,75.3645,0.12231,FirstPhase
484099582,74.6528,0.137828,FirstPhase
484366210,74.6528,0.555546,FirstPhase
484632823,60.575,0.545933,FirstPhase
484882824,60.575,0.127458,FirstPhase
485132831,59.5008,0.237875,FirstPhase
485399501,75.591,0.143353,FirstPhase
485666155,75.591,0.422431,FirstPhase
485932802,76.0075,0.324792,FirstPhase
486199445,76.0075,0.125362,FirstPhase
486449472,76.0075,0.134401,FirstPhase
486699475,74.1038,0.164628,FirstPhase
486966136,74.1038,0.55758,FirstPhase
487216163,57.3716,0.388774,FirstPhase
487482753,57.3716,0.120574,FirstPhase
487749395,57.3716,0.221916,FirstPhase
488016052,57.9636,0.228068,FirstPhase
488266058,71.7078,0.184233,FirstPhase
488532682,71.7078,0.206263,FirstPhase
488799355,73.8138,0.117354,FirstPhase
489066016,73.8138,0.217701,FirstPhase
489332644,76.8715,0.17134,FirstPhase
489599351,73.8801,0.355277,FirstPhase
489849355,78.106,0.504708,FirstPhase
490116024,78.106,0.551191,FirstPhase
490382649,78.106,0.57119,FirstPhase
490649316,78.106,0.133424,FirstPhase
490915960,59.9898,0.164768,FirstPhase
491182622,59.9898,0.204206,FirstPhase
491449327,41.6425,0.33322,FirstPhase
491715956,43.8874,0.253034,FirstPhase
491982592,43.8874,0.549563,FirstPhase
492232599,81.2351,0.557,FirstPhase
492482603,81.2351,0.505949,FirstPhase
492749189,81.2168,0.523979,FirstPhase
492999196,81.2168,0.141895,FirstPhase
493265866,81.1726,0.425167,FirstPhase
493532494,80.0053,0.177669,FirstPhase
493799168,80.0053,0.344004,FirstPhase
494065875,78.2184,0.229397,FirstPhase
494332471,78.2184,0.222562,FirstPhase
494599154,78.2184,0.293033,FirstPhase
494849175,78.2184,0.22194,FirstPhase
495115806,78.2184,0.442363,FirstPhase
495365809,62.5501,0.410184,FirstPhase
495632439,62.5501,0.497364,FirstPhase
495899070,30.3628,0.44793,FirstPhase
496165771,30.3628,0.563799,FirstPhase
496432416,78.1615,0.657808,FirstPhase
496699041,78.1615,0.119863,FirstPhase
496965713,78.1615,0.244333,FirstPhase
497232353,78.1615,0.102969,FirstPhase
497482358,78.1615,0.379215,FirstPhase
497748997,77.5681,0.200874,FirstPhase
497999051,77.5681,0.589411,FirstPhase
498265690,77.5681,0.505666,FirstPhase
498532317,77.5681,0.134909,FirstPhase
498798981,77.5681,0.257254,FirstPhase
499065614,38.4402,0.159197,FirstPhase
499315642,38.4402,0.418082,FirstPhase
499582296,38.4402,0.263175,FirstPhase
499848943,38.4402,0.526562,FirstPhase
500098970,38.4402,0.563035,FirstPhase
500365619,38.4402,0.10616,FirstPhase
500632254,38.4402,0.119862,FirstPhase
500882270,42.9652,0.123287,FirstPhase
501148882,25.7816,0.189274,FirstPhase
501415531,62.0671,0.17693,FirstPhase
501682197,62.0671,0.300436,FirstPhase
501932214,61.8474,0.18454,FirstPhase
502198883,61.8474,0.558314,FirstPhase
502465527,59.2268,0.314528,FirstPhase
502732174,59.2268,0.139016,FirstPhase
502982185,59.2268,0.141338,FirstPhase
503248848,61.2015,0.190146,FirstPhase
503515452,61.2015,0.581444,FirstPhase
503782138,56.595,0.417148,FirstPhase
504032174,56.595,0.117879,FirstPhase
504298796,56.595,0.502888,FirstPhase
504565422,56.595,0.531808,FirstPhase
504815422,56.595,0.123223,FirstPhase
505082070,56.595,0.553552,FirstPhase
505332092,56.3992,0.528808,FirstPhase
505598697,56.3992,0.221688,FirstPhase
505848724,66.7766,0.143436,FirstPhase
506098737,27.7106,0.175393,FirstPhase
506365393,41.4486,0.645775,FirstPhase
506632050,75.9705,0.194093,FirstPhase
506898639,75.9705,0.562968,FirstPhase
507165320,75.9705,0.406433,FirstPhase
507415326,76.1777,0.320662,FirstPhase
507681954,76.1777,0.172392,FirstPhase
507931975,76.1777,0.138703,FirstPhase
508198606,76.1777,0.556385,FirstPhase
508465239,76.1777,0.45496,FirstPhase
508715271,76.0436,0.107558,FirstPhase
508981921,76.0436,0.162004,FirstPhase
509248571,39.4001,0.115099,FirstPhase
509515239,39.4001,0.275801,FirstPhase
509781888,39.5017,0.195752,FirstPhase
510048509,39.5017,0.545922,FirstPhase
510298509,39.5017,0.415126,FirstPhase
510565182,39.5017,0.107217,FirstPhase
510831865,39.5017,0.161473,FirstPhase
511098519,36.2542,0.12013,FirstPhase
511365171,39.5017,0.343373,FirstPhase
511631842,39.8141,0.199941,FirstPhase
511898461,39.8141,0.579455,FirstPhase
512148464,39.8141,0.553587,FirstPhase
512415127,39.8141,0.121469,FirstPhase
512665152,39.8141,0.18737,FirstPhase
512931781,21.4986,0.189062,FirstPhase
513198426,21.4986,0.427583,FirstPhase
513465084,25.6169,0.194776,FirstPhase
513731736,25.6169,0.548891,FirstPhase
513998387,77.0111,0.612122,FirstPhase
514248398,77.0111,0.161511,FirstPhase
514515011,77.0111,0.170558,FirstPhase
514781659,77.0111,0.152671,FirstPhase
515048322,77.0111,0.469869,FirstPhase
515314976,77.0111,0.301158,FirstPhase
515565012,77.0111,0.501109,FirstPhase
515831641,77.0111,0.450036,FirstPhase
516081658,62.8904,0.33955,FirstPhase
516348295,62.8904,0.193829,FirstPhase
516614940,26.5338,0.14077,FirstPhase
516881589,26.5338,0.160185,FirstPhase
517148240,64.367,0.195929,FirstPhase
517414891,64.367,0.394697,FirstPhase
517664926,64.367,0.27927,FirstPhase
517931580,64.367,0.552009,FirstPhase
518198243,64.668,0.447715,FirstPhase
518464899,64.668,0.394185,FirstPhase
518731505,64.668,0.552997,FirstPhase
518981507,64.668,0.11927,FirstPhase
519248153,64.668,0.205972,FirstPhase
519514819,27.0233,0.206579,FirstPhase
519764837,27.0233,0.300079,FirstPhase
520031460,27.0233,0.196294,FirstPhase
520281484,27.3159,0.64483,FirstPhase
520548124,27.3159,0.508228,FirstPhase
520814769,27.3159,0.256068,FirstPhase
521081422,27.3159,0.143738,FirstPhase
521331435,41.5724,0.17646,FirstPhase
521598106,41.5724,0.21891,FirstPhase
521864750,41.4435,0.132869,FirstPhase
522131410,41.4435,0.326933,FirstPhase
522398036,78.5269,0.227631,FirstPhase
522648049,78.5269,0.594077,FirstPhase
522898068,78.5269,0.537234,FirstPhase
523148106,78.5269,0.128646,FirstPhase
523414718,78.5269,0.413724,FirstPhase
523664722,78.5269,0.176201,FirstPhase
523931368,78.5269,0.559287,FirstPhase
524197306,78.5269,0.25128,Exchange
524447353,59.1957,0.647455,Exchange
524697381,59.1957,0.613204,Exchange
524964027,59.1957,0.111217,Exchange
525214045,59.1957,0.175382,Exchange
525480715,79.0676,0.215651,Exchange
525747350,79.0676,0.330763,Exchange
526014004,37.7047,0.238452,Exchange
526280615,37.7047,0.560419,Exchange
526547240,76.5328,0.636439,Exchange
526797271,76.5328,0.13536,Exchange
527063964,76.5328,0.204846,Exchange
527313977,77.2264,0.138537,Exchange
527580584,76.8323,0.54098,Exchange
527847252,77.152,0.328907,Exchange
528113935,77.152,0.424972,Exchange
528380545,77.152,0.507913,Exchange
528647197,75.8401,0.661294,Exchange
528913877,75.8401,0.233991,Exchange
529163886,75.6457,0.202112,Exchange
529430463,75.6457,0.554868,Exchange
529680534,74.7603,0.704201,Exchange
529947149,74.7603,0.161282,Exchange
530197150,74.7603,0.204549,Exchange
530463775,77.0799,0.140977,Exchange
530713795,77.0799,0.682517,Exchange
530980420,77.4047,0.34003,Exchange
531230453,77.4047,0.120588,Exchange
531480462,77.4047,0.18508,Exchange
531747044,77.0452,0.671953,Exchange
531997068,77.0452,0.315724,Exchange
532263738,75.2806,0.172373,Exchange
532530361,77.578,0.560715,Exchange
532780374,60.4569,0.53643,Exchange
533030380,60.4569,0.304926,Exchange
533297014,60.7881,0.565297,Exchange
533547045,60.7881,0.1195,Exchange
533797056,60.7881,0.379001,Exchange
534063669,60.2368,0.111747,Exchange
534330359,60.2368,0.364045,Exchange
534597014,59.3662,0.213585,Exchange
534863632,64.5177,0.657241,Exchange
535113636,64.7164,0.531231,Exchange
535380297,64.7164,0.109054,Exchange
535646921,64.7164,0.139295,Exchange
535913585,80.2698,0.174387,Exchange
536163598,80.2698,0.270336,Exchange
536430220,80.085,0.140896,Exchange
536696874,80.085,0.370623,Exchange
536963536,78.2146,0.298116,Exchange
537230191,78.2146,0.600377,Exchange
537496819,75.9378,0.565895,Exchange
537763465,75.9378,0.138436,Exchange
538030122,75.9378,0.29076,Exchange
538280131,76.3923,0.163617,Exchange
538530157,76.3923,0.552684,Exchange
538796836,77.1904,0.380351,Exchange
539063522,77.1904,0.278401,Exchange
539330138,77.1904,0.109407,Exchange
539596783,76.0474,0.155263,Exchange
539863411,76.0474,0.262324,Exchange
540130068,57.2508,0.500732,Exchange
540396742,57.2508,0.559372,Exchange
540663365,32.8211,0.564673,Exchange
540913390,32.8211,0.132175,Exchange
541163404,51.6956,0.470427,Exchange
541430012,77.9332,0.135103,Exchange
541696652,77.9332,0.300709,Exchange
541963327,77.9332,0.18156,Exchange
542229967,77.9072,0.829928,Exchange
542496645,77.9072,0.366275,Exchange
542763284,77.9072,0.130892,Exchange
543029960,77.9072,0.176712,Exchange
543296601,78.0645,0.340408,Exchange
543563255,78.0645,0.204076,Exchange
543829920,40.7796,0.126524,Exchange
544079942,40.7796,0.373646,Exchange
544346554,79.1644,0.41385,Exchange
544596574,79.1644,0.588683,Exchange
544863199,79.1644,0.559125,Exchange
545129859,79.1644,0.136875,Exchange
545379898,79.1644,0.262731,Exchange
545646519,79.1644,0.193621,Exchange
545896556,79.1644,0.40551,Exchange
546163193,79.1644,0.269971,Exchange
546429766,79.1644,0.603824,Exchange
546679811,79.1644,0.562601,Exchange
546929865,79.1644,0.286116,Exchange
547196534,79.1644,0.1679,Exchange
547463134,79.1644,0.198979,Exchange
547729786,79.1644,0.368314,Exchange
547996468,36.8671,0.294336,Exchange
548263097,36.8671,0.133393,Exchange
548529771,15.6462,0.241371,Exchange
548796424,51.5226,0.152279,Exchange
549063070,51.5226,0.582931,Exchange
549329744,51.5226,0.513282,Exchange
549596414,51.5226,0.134261,Exchange
549863035,51.5226,0.154229,Exchange
550129705,55.0173,0.17582,Exchange
550396318,62.4264,0.345282,Exchange
550662981,63.1621,0.151036,Exchange
550929632,63.1621,0.487145,Exchange
551179675,63.1621,0.430462,Exchange
551446278,63.1621,0.312637,Exchange
551696313,45.6679,0.214042,Exchange
551962938,45.6679,0.174778,Exchange
552212944,64.952,0.305478,Exchange
552479662,64.952,0.523125,Exchange
552746193,64.952,0.562221,Exchange
552996250,50.5494,0.387701,Exchange
553246267,50.5494,0.263357,Exchange
553512890,67.5767,0.582058,Exchange
553779541,67.5767,0.203603,Exchange
554046225,67.5767,0.179029,Exchange
554312846,63.3247,0.184592,Exchange
554579496,55.6471,0.518191,Exchange
554829508,55.6471,0.206808,Exchange
555096162,38.1554,0.585778,Exchange
555346173,38.1554,0.469225,Exchange
555612821,38.1554,0.41898,Exchange
555879445,56.7911,0.239754,Exchange
556129446,56.7911,0.180932,Exchange
556396127,53.0588,0.51443,Exchange
556662756,53.0588,0.639521,Exchange
556929422,53.0588,0.165033,Exchange
557196067,53.0295,0.154156,Exchange
557462708,53.0295,0.574757,Exchange
557729357,55.4153,0.704777,Exchange
557979366,41.4374,0.497021,Exchange
558246013,41.4374,0.164348,Exchange
558496014,41.4374,0.267466,Exchange
558762635,55.3556,0.470649,Exchange
559012642,55.3556,0.553809,Exchange
559262687,57.4654,0.458171,Exchange
559529331,57.4654,0.225192,Exchange
559795972,57.4654,0.373923,Exchange
560045983,58.0411,0.194088,Exchange
560312637,58.0411,0.293424,Exchange
560579280,58.0411,0.356959,Exchange
560845944,46.1212,0.673128,Exchange
561112554,46.1212,0.409918,Exchange
561362560,46.1212,0.192739,Exchange
561612578,46.1212,0.230763,Exchange
561879209,37.5309,0.278489,Exchange
562129209,37.5309,0.334021,Exchange
562395868,58.6752,0.190283,Exchange
562645880,58.6752,0.468063,Exchange
562912523,81.2225,0.359362,Exchange
563179143,81.2225,0.596477,Exchange
563445789,81.2225,0.516542,Exchange
563695793,81.2225,0.190702,Exchange
563962404,81.1368,0.200596,Exchange
564212437,81.1368,0.242428,Exchange
564479095,81.1368,0.462886,Exchange
564745734,46.6302,0.244252,Exchange
564995743,46.6302,0.576969,Exchange
565245759,78.9888,0.604791,Exchange
565512399,78.9888,0.167624,Exchange
565762411,63.8217,0.317437,Exchange
566012433,63.8217,0.235666,Exchange
566279044,63.8217,0.643962,Exchange
566545701,63.8217,0.528137,Exchange
566812377,63.8217,0.552951,Exchange
567078994,63.8217,0.249632,Exchange
567329007,30.4714,0.240411,Exchange
567595648,30.4714,0.576477,Exchange
567845671,62.1924,0.772253,Exchange
568112322,62.1924,0.181771,Exchange
568379008,62.1924,0.267141,Exchange
568645630,62.1924,0.1799,Exchange
568912244,62.1924,0.243757,Exchange
569162252,62.1924,0.232639,Exchange
569412266,62.1924,0.601758,Exchange
569678882,62.1924,0.421569,Exchange
569928884,62.1924,0.256866,Exchange
570195520,62.1924,0.228838,Exchange
570445533,53.9849,0.153705,Exchange
570712192,53.9849,0.301071,Exchange
570978835,16.6102,0.225869,Exchange
571245511,16.6102,0.449259,Exchange
571512159,16.6102,0.195842,Exchange
571778826,29.6626,0.895551,Exchange
572045488,29.6626,0.434062,Exchange
572312158,29.6626,0.256078,Exchange
572578824,29.6626,0.31165,Exchange
572845434,39.8498,0.335955,Exchange
573095434,39.8498,0.270059,Exchange
573362032,42.7123,0.191434,Exchange
573612065,42.7123,0.380895,Exchange
573878722,42.7123,0.376715,Exchange
574145383,42.7123,0.517713,Exchange
574412052,42.7123,0.361796,Exchange
574678700,42.7123,0.553291,Exchange
574945335,42.7123,0.596861,Exchange
575211994,42.7123,0.200914,Exchange
575478646,42.7123,0.194508,Exchange
575728646,42.7123,0.145756,Exchange
575995241,42.7123,0.311219,Exchange
576245306,42.7123,0.247153,Exchange
576511971,42.7123,0.480587,Exchange
576778638,38.3858,0.428767,Exchange
577045263,38.3858,0.203256,Exchange
577311940,38.3858,0.217864,Exchange
577578587,78.7063,0.203135,Exchange
577828595,78.7063,0.724127,Exchange
578078595,78.7063,0.405768,Exchange
578345255,60.6619,0.614829,Exchange
578611920,60.6619,0.487908,Exchange
578878557,35.7487,0.220473,Exchange
579145200,35.7487,0.303601,Exchange
579411870,35.7487,0.331371,Exchange
579661881,30.085,0.261534,Exchange
579928545,54.8984,0.350096,Exchange
580195179,80.2511,0.345556,Exchange
580461776,80.2511,0.270768,Exchange
580711796,80.2511,0.359074,Exchange
580978444,64.9872,0.519666,Exchange
581245042,64.9872,0.274179,Exchange
581495105,64.9872,0.168228,Exchange
581745133,81.4902,0.164661,Exchange
582011797,81.4902,0.180715,Exchange
582278455,81.7434,0.150721,Exchange
582545035,81.7434,0.324502,Exchange
582795048,61.598,0.321157,Exchange
583061713,61.598,0.623306,Exchange
583328336,60.832,0.536905,Exchange
583578383,60.832,0.195616,Exchange
583844988,60.832,0.274856,Exchange
584095027,60.9511,0.140804,Exchange
584345042,60.9511,0.237958,Exchange
584595059,60.6722,0.219574,Exchange
584861715,65.8205,0.690485,Exchange
585128332,64.4465,0.41337,Exchange
585395002,64.4465,0.203493,Mixed
585661623,64.4465,0.196049,Mixed
585928266,61.7521,0.199498,Mixed
586178298,61.7521,0.532008,Mixed
586444923,58.5262,0.513786,Mixed
586711612,58.5262,0.284871,Mixed
586978251,58.0668,0.377125,Mixed
587244914,56.9641,0.226421,Mixed
587511548,56.9641,0.558953,Mixed
587761566,56.9641,0.309756,Mixed
588028222,56.9641,0.198647,Mixed
588294883,56.9641,0.177224,Mixed
588561525,39.5686,0.228979,Mixed
588828187,39.5686,0.566122,Mixed
589094802,55.4888,0.410635,Mixed
589344811,55.4888,0.166598,Mixed
589611481,55.4888,0.166079,Mixed
589878094,62.7063,0.565002,Mixed
590128160,62.7063,0.283426,Mixed
590394781,69.2225,0.191913,Mixed
590661422,64.0753,0.475035,Mixed
590928061,56.8901,0.691439,Mixed
591194735,56.8901,0.143882,Mixed
591461389,56.8901,0.118601,Mixed
591728047,32.3899,0.17236,Mixed
591994706,32.3899,0.249313,Mixed
592261385,57.7974,0.237361,Mixed
592528013,57.7974,0.37038,Mixed
592794665,57.6971,0.216719,Mixed
593061302,65.3352,0.574302,Mixed
593311324,65.9539,0.416909,Mixed
593577958,65.9539,0.137312,Mixed
593844576,65.9539,0.136485,Mixed
594094629,79.1735,0.124909,Mixed
594361269,79.1735,0.205008,Mixed
594627903,77.6972,0.14727,Mixed
594894535,77.6972,0.487505,Mixed
595161158,76.9998,0.555366,Mixed
595411234,76.9998,0.138639,Mixed
595677880,76.9998,0.215526,Mixed
595944530,52.3694,0.133781,Mixed
596211212,52.3694,0.343515,Mixed
596477891,52.3694,0.234745,Mixed
596744522,52.3694,0.507109,Mixed
596994530,53.0954,0.547178,Mixed
597261182,53.0954,0.134231,Mixed
597527833,53.0954,0.12705,Mixed
597794481,77.5833,0.154666,Mixed
598061147,77.5833,0.396042,Mixed
598327806,77.8327,0.224857,Mixed
598594436,77.8327,0.552079,Mixed
598861101,78.5294,0.454624,Mixed
599111111,56.9943,0.396641,Mixed
599377783,56.9943,0.196798,Mixed
599644410,57.6297,0.129478,Mixed
599911081,57.6297,0.191385,Mixed
600177730,79.0497,0.565121,Mixed
600444351,64.1031,0.477947,Mixed
600711003,64.1031,0.272964,Mixed
600977678,64.1031,0.213039,Mixed
601244311,64.0251,0.45255,Mixed
601510972,64.0251,0.1647,Mixed
601777626,64.0251,0.167955,Mixed
602027635,47.3776,0.176586,Mixed
602294266,47.3776,0.57463,Mixed
602544277,47.3776,0.331509,Mixed
602794281,47.3776,0.123841,Mixed
603060929,47.3776,0.150816,Mixed
603310968,38.4717,0.307732,Mixed
603577607,38.4717,0.219949,Mixed
603844234,62.0276,0.160385,Mixed
604110879,62.0276,0.55349,Mixed
604377496,62.0276,0.809071,Mixed
604627503,62.0276,0.157947,Mixed
604877532,62.0276,0.311987,Mixed
605144160,37.7157,0.165115,Mixed
605410782,37.7157,0.569887,Mixed
605660813,63.4637,0.427521,Mixed
605927495,63.4637,0.46126,Mixed
606194139,63.4637,0.120384,Mixed
606460785,59.6116,0.212949,Mixed
606727463,59.6116,0.221248,Mixed
606994089,59.5047,0.109687,Mixed
607244111,59.5047,0.396187,Mixed
607510773,78.4341,0.340479,Mixed
607777417,78.4341,0.174058,Mixed
608044057,78.4341,0.133722,Mixed
608310721,78.4341,0.176339,Mixed
608577337,78.2309,0.376286,Mixed
608843939,78.2309,0.181973,Mixed
609093977,78.2309,0.394637,Mixed
609343989,78.2309,0.388971,Mixed
609610665,77.8602,0.352943,Mixed
609877317,77.8602,0.488612,Mixed
610143970,77.8602,0.128475,Mixed
610410610,77.8602,0.163053,Mixed
610677260,38.9577,0.131219,Mixed
610927274,38.9577,0.237261,Mixed
611193895,38.9577,0.152452,Mixed
611460557,38.9577,0.452781,Mixed
611710576,38.9577,0.412335,Mixed
611977257,38.9577,0.129798,Mixed
612243917,38.9577,0.165287,Mixed
612510562,45.6304,0.0770923,Mixed
612777201,30.9106,0.343749,Mixed
613043815,30.9106,0.103674,Mixed
613310526,30.9106,0.312686,Mixed
613577155,30.9106,0.252568,Mixed
613843788,44.7385,0.55301,Mixed
614093837,44.6886,0.528579,Mixed
614360487,44.6886,0.118222,Mixed
614627108,44.6886,0.194936,Mixed
614877108,44.6886,0.208149,Mixed
615143783,44.6886,0.521268,Mixed
615410444,44.6886,0.41223,Mixed
615677100,44.6886,0.123216,Mixed
615943751,30.6219,0.174517,Mixed
616193757,30.6219,0.124261,Mixed
616460315,30.6219,0.186817,Mixed
616710376,30.6219,0.132984,Mixed
616976998,44.7859,0.486907,Mixed
617227008,44.7859,0.421323,Mixed
617477045,44.7859,0.102266,Mixed
617743673,36.9741,0.143984,Mixed
618010344,36.9741,0.208854,Mixed
618277001,71.0382,0.232858,Mixed
618543628,71.0382,0.144568,Mixed
618810261,71.0382,0.542668,Mixed
619060282,77.8396,0.345016,Mixed
619326920,77.8396,0.514835,Mixed
619576935,93.299,0.320086,Mixed
619843597,93.299,0.118156,Mixed
620110271,93.299,0.224518,Mixed
620376919,93.299,0.126472,Mixed
620643588,93.299,0.193466,Mixed
620910211,93.0884,0.175413,Mixed
621176810,93.0884,0.450649,Mixed
621426847,93.0579,0.29154,Mixed
621676866,93.0579,0.344467,Mixed
621943566,92.481,0.517055,Mixed
622210187,59.8205,0.16869,Mixed
622476832,59.8205,0.146298,Mixed
622743469,58.0271,0.145706,Mixed
623010140,58.0271,0.399198,Mixed
623276799,58.0271,0.370148,Mixed
623543421,69.7854,0.151034,Mixed
623793443,69.7854,0.164729,Mixed
624043464,44.4762,0.12378,Mixed
624310111,65.4019,0.397163,Mixed
624576706,89.9647,0.320379,Mixed
624843368,89.9647,0.144789,Mixed
625109982,89.9647,0.12206,Mixed
625359992,76.2174,0.116843,Mixed
625610013,76.2174,0.239905,Mixed
625876665,75.7398,0.209909,Mixed
626143273,75.7398,0.506239,Mixed
626393295,75.7398,0.195329,Mixed
626659941,75.0869,0.135413,Mixed
626909986,75.0869,0.228086,Mixed
627160277,75.2397,0.175062,Mixed
627426608,61.112,0.492116,Mixed
627676631,63.0483,0.540522,Mixed
627943224,63.0483,0.31385,Mixed
628209885,63.0483,0.139858,Mixed
628459901,64.1354,0.140375,Mixed
628726520,64.1354,0.213713,Mixed
628976531,64.0804,0.166311,Mixed
629226566,64.0804,0.574213,Mixed
629493226,63.781,0.461444,Mixed
629759823,63.781,0.153682,Mixed
630026451,63.781,0.161621,Mixed
630276461,63.781,0.101352,Mixed
630543117,60.4355,0.254045,Mixed
630793128,60.4355,0.23662,Mixed
631059773,78.5712,0.403953,Mixed
631326450,78.5712,0.349435,Mixed
631593098,78.6159,0.144555,Mixed
631843098,78.6159,0.189469,Mixed
632109749,62.5478,0.120292,Mixed
632376423,62.5478,0.244482,Mixed
632643048,75.532,0.217493,Mixed
632893067,75.532,0.168052,Mixed
633159735,75.532,0.123052,Mixed
633426407,74.4139,0.106298,Mixed
633693006,74.4139,0.282277,Mixed
633943026,76.4547,0.24486,Mixed
634209666,76.4547,0.541161,Mixed
634476341,76.6256,0.505482,Mixed
634726354,57.5798,0.201025,Mixed
634993009,57.5798,0.18071,Mixed
635259651,57.2343,0.120439,Mixed
635526309,57.2343,0.305987,Mixed
635792950,75.0743,0.277807,Mixed
636042950,75.0743,0.225102,Mixed
636309524,75.0743,0.116371,Mixed
636559582,74.9774,0.141486,Mixed
636826261,75.076,0.420994,Mixed
637092883,77.1267,0.219644,Mixed
637359562,77.1267,0.355117,Mixed
637626187,77.1267,0.282018,Mixed
637892852,77.6531,0.577512,Mixed
638159506,77.6531,0.525968,Mixed
638409512,77.6531,0.116063,Mixed
638659519,77.6531,0.11515,Mixed
638926181,45.4171,0.286997,Mixed
639192832,45.4171,0.248314,Mixed
639459485,45.4171,0.173095,Mixed
639726114,45.4171,0.47746,Mixed
639992761,53.5631,0.461914,Mixed
640242776,53.5631,0.301676,Mixed
640509417,53.5631,0.227259,Mixed
640759436,53.5631,0.109903,Mixed
641026120,53.5726,0.273488,Mixed
641292745,53.1363,0.108638,Mixed
641559404,53.1363,0.310644,Mixed
641826025,53.1363,0.325105,Mixed
642092673,53.1932,0.26946,Mixed
642359328,53.1932,0.145135,Mixed
642626014,53.1932,0.097186,Mixed
642892665,53.1932,0.197663,Mixed
643159314,44.2307,0.179195,Mixed
643425970,44.2307,0.436927,Mixed
643692658,76.7914,0.296147,Mixed
643959301,76.7914,0.138177,Mixed
644225959,76.7914,0.133025,Mixed
644492625,76.4276,0.150471,Mixed
644742635,76.4276,0.216973,Mixed
645009247,76.4276,0.172968,Mixed
645259260,57.8686,0.564204,Mixed
645525862,34.159,0.572105,Mixed
645775908,34.159,0.436192,Mixed
646042526,34.159,0.120158,Mixed
646309170,54.0286,0.572829,Mixed
646559181,54.0286,0.314525,Mixed
646825787,54.0286,0.286473,Mixed
647092469,54.0286,0.379836,Mixed
647342470,53.856,0.298054,Mixed
647609114,53.856,0.470907,Mixed
647875767,53.856,0.434886,Mixed
648142444,53.4467,0.176071,Mixed
648409095,53.4467,0.148681,Mixed
648675742,53.4467,0.134115,Mixed
648942404,38.2931,0.136191,Mixed
649209096,38.2931,0.297182,Mixed
649475710,81.2216,0.223227,Mixed
649742360,74.0738,0.161836,Mixed
650009063,73.3405,0.281337,Mixed
650275628,94.2646,0.404414,Mixed
650525669,94.2646,0.570729,Mixed
650792326,78.7201,0.428015,Mixed
651042338,78.7201,0.141681,Mixed
651308936,63.9739,0.343348,Mixed
651558982,79.1594,0.104415,Mixed
651825611,79.1594,0.12521,Mixed
652092279,79.1034,0.156613,Mixed
652342284,79.1034,0.360646,Mixed
652608925,77.3953,0.248746,Mixed
652858926,77.3953,0.144237,Mixed
653108935,77.3953,0.127562,Mixed
653358946,75.6766,0.157488,Mixed
653625577,61.5323,0.458665,Mixed
653892212,59.7614,0.32134,Mixed
654158858,59.7614,0.111424,Mixed
654425531,59.7614,0.127184,Mixed
654692166,61.2838,0.118273,Mixed
654942190,72.8544,0.172434,Mixed
655192191,62.4791,0.180151,Mixed
655458865,62.4791,0.447516,Mixed
655725500,62.4676,0.573595,Mixed
655992120,62.4676,0.115257,Mixed
656242132,62.4676,0.149967,Mixed
656508758,62.5109,0.177342,Mixed
656758781,77.3237,0.396408,Mixed
657025463,77.5287,0.293205,Mixed
657292101,77.5287,0.427411,Mixed
657558757,79.0031,0.480381,Mixed
657825448,78.9699,0.134446,Mixed
658092019,78.9699,0.148919,Mixed
658358705,79.3951,0.150888,Mixed
658625332,79.2245,0.404211,Mixed
658875338,79.3491,0.145417,Mixed
659125347,79.3491,0.470415,Mixed
659392016,78.3103,0.312526,Mixed
659658666,78.3103,0.362616,Mixed
659925313,78.3103,0.114571,Mixed
660175323,78.0235,0.141403,Mixed
660425334,78.0235,0.253932,Mixed
660675334,78.1623,0.234026,Mixed
660941946,78.1623,0.579039,Mixed
661208597,77.5462,0.421398,Mixed
661475280,77.5462,0.101122,Mixed
661741914,58.1146,0.317338,Mixed
662008570,56.7526,0.138897,Mixed
662258578,56.7526,0.372717,Mixed
662525217,55.6336,0.343,Mixed
662791864,75.439,0.328637,Mixed
663041872,75.439,0.14378,Mixed
663308513,75.6996,0.187619,Mixed
663575140,75.6996,0.33491,Mixed
663841796,77.8021,0.550518,Mixed
664091804,77.8021,0.374839,Mixed
664358483,79.454,0.465928,Mixed
664625092,79.454,0.112019,Mixed
664891756,79.454,0.159456,Mixed
665158440,78.8853,0.182023,Mixed
665425118,78.8853,0.224445,Mixed
665691773,78.8853,0.210228,Mixed
665958449,64.173,0.515973,Mixed
666225033,39.3115,0.549828,Mixed
666475076,39.3115,0.158303,Mixed
666741668,39.3115,0.262672,Mixed
666991679,39.3115,0.190323,Mixed
667241684,46.3298,0.34949,Mixed
667508300,46.727,0.286651,Mixed
667758310,46.727,0.569399,Mixed
668024984,46.727,0.457805,Mixed
668291615,54.3361,0.196426,Mixed
668558296,54.3361,0.157455,Mixed
668824935,54.3361,0.324529,Mixed
669074953,54.3361,0.311316,Mixed
669341562,46.389,0.18418,Mixed
669591576,46.389,0.430525,Mixed
669841577,80.4486,0.830614,Mixed
670108212,80.4486,0.591075,Mixed
670358227,80.4486,0.1691,Mixed
670608246,80.4486,0.250561,Mixed
670874911,61.8124,0.623436,Mixed
671141541,61.8124,0.370536,Mixed
671408175,83.0987,0.564069,Mixed
671674844,83.0987,0.611393,Mixed
671941518,83.0987,0.462273,Mixed
672208117,83.0987,0.615654,Mixed
672458139,83.0987,0.536384,Mixed
672708156,51.3883,0.548649,Mixed
672974848,51.3883,0.304532,Mixed
673241445,51.3883,0.227016,Mixed
673508110,51.3883,0.461979,Mixed
673774780,58.0487,0.350381,Mixed
674041411,58.0487,0.14719,Mixed
674291421,58.0487,0.317587,Mixed
674541437,52.7721,0.574068,Mixed
674808114,58.0487,0.209373,Mixed
675074718,32.773,0.555901,Mixed
675341387,32.773,0.202542,Mixed
675591437,32.773,0.368552,Mixed
675858040,32.773,0.750227,Mixed
676108052,32.773,0.399987,Mixed
676358088,34.2301,0.470622,Mixed
676624592,34.2301,0.572817,End
676891270,60.1246,0.672946,End
677157862,60.1246,0.332947,End
677407864,60.1246,0.156721,End
677674488,60.1246,0.189663,End
677924523,41.4526,0.294409,End
678191183,41.4526,0.400098,End
678441191,41.4526,0.289275,End
678707838,41.4526,0.372252,End
678974472,39.9644,0.214781,End
679224486,39.9644,0.216144,End
679474494,38.6984,0.160036,End
679741128,38.6984,0.551316,End
679991129,37.5259,0.819342,End
680257768,37.5259,0.551715,End
680524425,37.5259,0.302708,End
680791075,37.5259,0.378497,End
681057749,37.5259,0.528042,End
681324405,37.5259,0.132295,End
681591005,30.7724,0.207757,End
681841049,30.7724,0.200742,End
682091077,30.7724,0.30526,End
682357685,30.1646,0.58257,End
682624319,30.1646,0.36163,End
682891018,30.1646,0.371587,End
683157668,30.1646,0.214634,End
683424331,30.1646,0.381176,End
683674340,44.6813,0.424584,End
683940965,44.6813,0.451118,End
684191000,44.6813,0.165336,End
684457618,59.3479,0.270561,End
684724262,59.3479,0.317323,End
684974287,59.3479,0.216044,End
685240894,59.3479,0.55961,End
685490937,52.6818,0.554551,End
685757606,52.6818,0.169802,End
686024248,52.6818,0.200068,End
686290815,77.5973,0.144916,End
686540864,77.4664,0.264058,End
686790865,78.342,0.21381,End
687057477,78.342,0.542785,End
687307489,78.342,0.489722,End
687574123,78.342,0.15795,End
687824154,53.5683,0.312632,End
688090801,53.5683,0.135169,End
688357450,53.5683,0.386966,End
688624092,74.0198,0.551553,End
688874093,74.0198,0.383353,End
689124100,74.0198,0.4753,End
689390759,74.0198,0.558459,End
689657427,59.0386,0.241525,End
689924039,45.1267,0.588934,End
690174077,59.0386,0.632472,End
690440694,32.5593,0.297941,End
690707365,40.9391,0.570202,End
690973962,40.9391,0.625974,End
691223991,40.9391,0.406331,End
691474014,40.9391,0.956528,End
691740621,40.9391,1,End
692007296,40.9391,1,End
692273947,40.9391,1,End
692523967,40.9391,0.527085,End
692790611,40.9391,0.940018,End
693057239,40.9391,1,End
693307278,40.9391,0.917881,End
693557281,40.9391,0.707433,End
693823862,40.9391,1,End
694073873,40.9391,1,End
694340552,31.9589,1,End
694607201,31.9589,1,End
694873826,14.9471,1,End
695123847,14.9471,0.753713,End
695390450,14.9471,1,End
695640510,14.9471,0.875676,End
695907132,28.0935,1,End
696157138,43.7688,0.732999,End
696407164,49.0281,0.695382,End
696673786,43.7688,1,End
696923862,43.7688,0.357332,End
697190494,43.7688,0.353362,End
697440495,43.3338,0.502999,End
697707116,39.3371,0.927946,End
697957131,39.3371,0.264251,Idle
698223720,39.3371,1,Idle
698490381,39.3371,0.686808,Idle
698740394,54.8701,0.670112,Idle
699007063,49.1758,0.662661,Idle
699273660,45.5395,1,Idle
699523712,45.5395,0.824796,Idle
699790319,45.5395,0.947502,Idle
700040347,45.5395,0.594736,Idle
700306994,43.7398,0.876559,Idle
700573650,43.7398,0.148739,Idle
700840310,67.5635,0.199117,Idle
701106892,99.8514,1,Idle
701356933,99.8514,0.761199,Idle
701623588,99.8514,1,Idle
701890234,99.8514,1,Idle
702156932,99.8514,0.691455,Idle
702423611,99.8514,0.580293,Idle
702690164,99.8514,1,Idle
702940209,99.8514,0.543254,Idle
703206825,99.8514,1,Idle
703456825,99.8514,1,Idle
703723503,99.8514,1,Idle
703990205,99.8514,1,Idle
704256871,99.8514,0.147114,Idle
704523493,99.8514,0.717712,Idle
704790148,99.8514,1,Idle
705056772,99.8514,0.595842,Idle
705306812,99.8514,0.148375,Idle
705556846,99.8514,0.108814,Idle
705823490,55.9692,0.504767,Idle
706090079,55.9692,1,Idle
706356766,55.9692,0.952762,Idle
706623421,55.9692,0.111623,Idle
706890100,55.9692,0.175441,Idle
707156750,55.9692,0.117123,Idle
707423386,69.382,0.283764,Idle
707689964,24.1218,1,Idle
707940011,24.1218,0.415769,Idle
708190051,24.1218,0.636729,Idle
708456647,24.1218,1,Idle
708723277,24.1218,1,Idle
708973291,39.608,1,Idle
709239939,39.608,1,Idle
709489980,82.0075,0.799435,Idle
709756632,74.823,0.8653,Idle
710023298,74.823,0.88175,Idle
710273304,74.823,0.653229,Idle
710539850,42.4221,1,Idle
710789851,42.4221,1,Idle
711039900,42.4221,0.312282,Idle
711306569,42.4221,0.129985,Idle
711556577,42.4221,0.106477,Idle
711823222,39.7795,0.896262,Idle
712089865,39.7795,0.173909,Idle
712356466,39.7795,0.948216,Idle
712606514,39.7795,0.910659,Idle
712873167,52.9859,0.999121,Idle
713123185,39.7795,0.445976,Idle
713389804,39.7795,0.118917,Idle
713656461,39.7795,0.211973,Idle
713906469,39.7795,0.463847,Idle
714173118,37.3315,0.471004,Idle
714423121,37.3315,0.128162,Idle
714673141,37.3315,0.126835,Idle
714939782,37.3315,0.0913073,Idle
715206443,37.3315,0.892404,Idle
715473082,37.3315,0.827251,Idle
715739686,37.3315,0.888291,Idle
716006375,37.3315,0.812423,Idle
716273032,37.3315,0.870522,Idle
716539656,37.3315,0.876673,Idle
716806320,37.3315,1,Idle
717056333,37.3315,0.800322,Idle
717322970,37.3315,0.642029,Idle
717589586,37.3315,1,Idle
717839600,37.3315,0.981994,Idle
718106226,17.5881,1,Idle
718356273,17.5881,0.874114,Idle
718622868,17.5881,1,Idle
718872884,17.5881,1,Idle
719122899,17.5881,0.157958,Idle
719389507,30.149,1,Idle
719639538,30.149,1,Idle
719906160,30.149,0.915982,Idle
720156195,30.149,0.94142,Idle
720422842,30.149,0.808442,Idle
720689509,30.149,0.793483,Idle
720956167,30.149,1,Idle
721206184,30.149,0.855418,Idle
721472813,30.149,0.236601,Idle
721739460,37.4938,0.824907,Idle
722006139,37.4938,0.67208,Idle
722272798,37.4938,0.509558,Idle
722539421,37.4938,0.898372,Idle
722789442,37.4938,0.286385,Idle
723056016,45.3638,1,Idle
723306072,45.3638,0.391995,Idle
723556077,45.3638,1,Idle
723822684,45.3638,1,Idle
724089346,32.8667,1,Idle
724355993,32.8667,1,Idle
724622631,32.8667,0.921007,Idle
724872649,32.8667,0.922749,Idle
725139274,32.8667,1,Idle
725389279,32.8667,1,Idle
725639299,32.8667,0.707353,Idle
725889316,32.8667,0.781038,Idle
726156035,32.8667,0.120857,Idle
726422659,40.2632,0.601337,Idle
726689295,40.2632,0.804121,Idle
726955923,40.2632,0.963976,Idle
727222582,40.2632,0.704084,Idle
727472586,40.2632,0.512953,Idle
727722587,40.2632,0.742386,Idle
727989264,40.2632,0.942354,Idle
728255925,40.2632,0.743061,Idle
728522568,40.2632,0.63811,Idle
728789224,40.2632,0.853724,Idle
729055878,40.2632,0.67005,Idle
729322504,40.2632,0.75149,Idle
729589143,40.2632,0.313781,Idle
729839203,40.2632,0.674356,Idle
730105761,40.2632,1,Idle
730355790,40.2632,1,Idle
730605841,40.2632,0.717382,Idle
730855855,18.0051,1,Idle
731105893,18.0051,0.895015,Idle
731372422,18.0051,1,Idle
731622564,18.0051,0.472968,Idle
731889113,18.0051,1,Idle
732139151,18.0051,0.477558,Idle
732405846,18.0051,0.781975,Idle
732672479,18.0051,0.671217,Idle
732939128,18.0051,0.586276,Idle
733205795,18.0051,0.61929,Idle
733472402,25.4383,0.813776,Idle
733739030,25.4383,0.998306,Idle
733989131,25.4383,0.730864,Idle
734255744,39.0723,0.851342,Idle
734505765,39.0723,0.647823,Idle
734772320,39.0723,0.653868,Idle
735022390,39.0723,0.998681,Idle
735289029,39.0723,0.579959,Idle
735539032,39.0723,0.242548,Idle
735805681,39.0723,0.130014,Idle
736055700,34.3561,0.792274,Idle
736322365,34.3561,0.542226,Idle
736588934,34.3561,0.105768,Idle
736838960,34.3561,0.141305,Idle
737105543,34.3561,1,Idle
737355543,34.3561,0.910764,Idle
737605548,34.3561,1,Idle
737872214,34.3561,1,Idle
738122284,34.3561,0.845134,Idle
738388941,34.3561,0.89587,Idle
738655565,34.3561,0.786515,Idle
738922195,34.3561,0.687247,Idle
739172208,34.3561,0.111091,Idle
739438896,34.3561,0.100849,Idle
739705538,34.3561,0.605155,Idle
739972204,34.3561,0.810103,Idle
740238836,34.3561,0.96617,Idle
740505452,34.3561,1,Idle
740772160,34.3561,0.854371,Idle
741038795,34.3561,0.247742,Idle
741305403,22.8995,0.987328,Idle
741555442,22.8995,1,Idle
741822078,22.8995,1,Idle
742072160,22.8995,0.331034,Idle
742338805,22.8995,0.0907913,Idle
742605425,38.8393,0.844804,Idle
742855433,38.8393,0.868583,Idle
743105458,38.8393,0.936043,Idle
743372013,38.8393,0.153176,Idle
743622044,38.8393,0.0721875,Idle
743888662,31.4651,0.984485,Idle
744138683,31.4651,1,Idle
744405269,31.4651,0.96465,Idle
744655278,31.4651,0.738757,Idle
744905349,31.4651,0.847654,Idle
745172006,31.4651,0.854263,Idle
745422009,31.4651,0.811613,Idle
745688606,31.4651,0.515568,Idle
745955257,31.4651,0.855726,Idle
746205291,31.4651,0.752335,Idle
746471946,31.4651,0.433149,Idle
746721946,31.4651,0.743307,Idle
746988628,31.4651,0.39942,Idle
747255233,31.4651,0.0891865,Idle
747505249,31.4651,0.0760951,Idle
747755303,31.4651,0.109181,Idle
748021927,31.4651,0.138058,Idle
748288543,13.7101,0.966154,Idle
748555177,13.7101,0.977329,Idle
748821817,13.7101,0.820234,Idle
749088509,13.7101,0.869037,Idle
749355153,13.7101,0.868603,Idle
749621793,13.7101,0.844883,Idle
749888442,13.7101,0.408219,Idle
750155085,22.4372,0.80638,Idle
750421754,22.4372,0.117306,Idle
750671802,27.6571,0.50664,Idle
750938381,27.6571,1,Idle
751205045,27.6571,1,Idle
751471730,27.6571,0.75814,Idle
751738364,27.6571,0.153518,Idle
751988389,38.7523,0.684762,Idle
752238409,38.7523,0.596143,Idle
752505034,38.7523,0.817091,Idle
752755045,35.3194,0.141828,Idle
753021627,38.7523,1,Idle
753271659,38.7523,0.865842,Idle
753538235,38.7523,1,Idle
753788238,38.7523,1,Idle
754038274,38.7523,0.303325,Idle
754304925,38.7523,0.928657,Idle
754554926,38.7523,0.125227,Idle
754821574,16.2713,0.706155,Idle
755088248,16.2713,0.562445,Idle
755354900,16.2713,0.814833,Idle
755621483,16.2713,1,Idle
755888143,16.2713,1,Idle
756138212,16.2713,0.413796,Idle
756404838,27.6418,0.930639,Idle
756671529,27.6418,0.323642,Idle
756921537,36.8401,0.361632,Idle
757188161,45.7113,0.748164,Idle
757454804,45.7113,0.314408,Idle
757721422,67.1568,1,Idle
757988079,67.1568,1,Idle
758254761,67.1568,0.947232,Idle
758521391,67.1568,0.72129,Idle
758771404,67.1568,0.846714,Idle
759021434,67.1568,0.749919,Idle
759271440,67.1568,1,Idle
759538060,67.1568,0.813901,Idle
759804656,67.1568,1,Idle
760071290,67.1568,1,Idle
760321400,67.1568,0.958279,Idle
760588035,67.1568,0.978127,Idle
760854671,67.1568,0.750255,Idle
761104683,67.1568,0.197762,Idle
761371327,67.1568,0.158759,Idle
761637920,43.9158,1,Idle
761887967,43.9158,0.638703,Idle
762138003,43.9158,0.973432,Idle
762404632,43.9158,0.307663,Idle
762671248,43.9158,0.719314,Idle
762937944,43.9158,0.778444,Idle
763204613,43.9158,0.787732,Idle
763471278,43.9158,0.606363,Idle
763737876,43.9158,0.718866,Idle
764004515,43.9158,0.770728,Idle
764271204,43.9158,0.701717,Idle
764537878,43.9158,0.242521,Idle
764804520,43.9158,0.142097,Idle
765071183,12.6479,0.934418,Idle
765337809,12.6479,1,Idle
765587812,12.6479,0.935433,Idle
765854452,12.6479,0.814921,Idle
766121067,12.6479,1,Idle
766371106,12.6479,0.763693,Idle
766637781,12.6479,0.643872,Idle
766887802,12.6479,0.37237,Idle
767154417,17.5562,0.657494,Idle
767421083,17.5562,0.851969,Idle
767687737,17.5562,0.726519,Idle
767937742,17.5562,0.625564,Idle
768204380,17.5562,0.960704,Idle
768470983,17.5562,1,Idle
768721004,17.5562,0.712775,Idle
768971006,17.5562,0.916611,Idle
769221006,19.1827,1,Idle
769471074,19.1827,0.669713,Idle
769737672,19.1827,0.313662,Idle
770004320,50.9148,0.866172,Idle
770271002,50.9148,0.988819,Idle
770537641,50.9148,0.750205,Idle
770804247,50.9148,0.373549,Idle
771070871,50.9148,1,Idle
771320911,28.3557,1,Idle
771570974,23.1757,0.814408,Idle
771837486,23.1757,1,Idle
772087517,23.1757,0.742453,Idle
772337523,29.2329,0.923761,Idle
772604193,29.2329,0.826487,Idle
772870850,29.2329,0.907849,Idle
773137550,29.2329,0.880846,Idle
773404161,29.2329,0.932298,Idle
773670828,29.2329,0.771446,Idle
773937544,29.2329,0.819088,Idle
774204160,29.2329,0.25185,Idle
774470798,22.9218,0.405392,Idle
774737459,22.9218,0.155548,Idle
775004118,22.9218,0.139401,Idle
775270767,22.9218,0.206965,Idle
775537357,22.9218,0.855963,Idle
775804022,34.1486,0.78414,Idle
776054022,34.1486,1,Idle
776304089,34.1486,0.769887,Idle
776570708,34.1486,0.362107,Idle
776837352,34.1486,0.940528,Idle
777087377,34.1486,0.874182,Idle
777354005,34.1486,0.206361,Idle
777604044,22.4246,1,Idle
777870663,22.4246,0.806957,Idle
778120674,22.4246,0.720053,Idle
778387240,22.4246,1,Idle
778637332,22.4246,0.968637,Idle
778903951,22.4246,0.465392,Idle
779170596,22.4246,0.117046,Idle
779437224,35.5722,1,Idle
779687231,35.5722,0.912606,Idle
779953951,35.5722,0.897514,Idle
780220581,35.5722,0.202501,Idle
780487200,35.5722,0.808354,Idle
780737213,35.5722,0.803486,Idle
780987223,35.5722,0.575445,Idle
781237244,35.5722,0.27103,Idle
781503818,35.5722,0.953689,Idle
781753859,35.5722,0.793442,Idle
782020482,35.5722,0.427949,Idle
782270548,35.5722,0.307803,Idle
782537119,18.8806,0.657813,Idle
782787140,18.8806,0.821345,Idle
783053814,56.1425,0.824533,Idle
783320428,56.1425,0.586772,Idle
783587117,56.1425,0.843825,Idle
783837117,56.1425,0.22734,Idle
784103753,56.1425,0.176065,Idle
784370305,40.3666,1,Idle
784620398,40.3666,0.195237,Idle
784887041,40.3666,0.85499,Idle
785153680,40.3666,0.996187,Idle
785420337,40.3666,0.354208,Idle
785686950,40.3666,1,Idle
785937038,33.861,0.640733,Idle
786203691,33.861,0.934497,Idle
786470266,33.861,0.149223,Idle
786720316,33.861,0.12527,Idle
786970323,48.0938,0.770124,Idle
787236919,48.0938,0.973755,Idle
787486932,48.0938,0.154989,Idle
787753559,48.0938,0.147308,Idle
788020241,48.0938,0.0769115,Idle
788286874,39.9047,0.675744,Idle
788553556,39.9047,0.492818,Idle
788820214,39.9047,0.390658,Idle
789086865,39.9047,0.514352,Idle
789336895,39.9047,0.265479,Idle
789603521,52.1107,0.8729,Idle
789853557,52.1107,0.146509,Idle
790120094,52.1107,1,Idle
790386798,52.1107,1,Idle
790636839,52.1107,0.436039,Idle
790903496,52.1107,0.172749,Idle
791153509,35.938,1,Idle
791420064,35.938,0.941468,Idle
791686676,35.938,1,Idle
791936726,35.938,0.96459,Idle
792203420,35.938,0.611872,Idle
792470059,35.938,0.875436,Idle
792736694,35.938,0.728502,Idle
792986756,35.938,0.856679,Idle
793236773,35.938,0.484773,Idle
793503384,35.938,0.167682,Idle
793770011,35.938,0.17016,Idle
794020015,35.938,0.391889,Idle
794286658,35.938,0.286712,Idle
794536665,17.7453,0.906697,Idle
794803377,17.7453,0.286627,Idle
795069946,62.0845,0.76856,Idle
795319963,62.0845,0.621186,Idle
795586570,62.0845,0.808569,Idle
795836597,62.0845,0.523593,Idle
796103170,62.0845,0.186261,Idle
796353180,62.0845,0.1516,Idle
796603236,62.0845,0.104141,Idle
796869804,32.6394,1,Idle
797119828,32.6394,0.810867,Idle
797369930,32.6394,0.512126,Idle
797636581,32.6394,0.217891,Idle
797886593,32.6394,0.167264,Idle
798153175,39.5121,0.186074,Idle
798403234,32.6394,0.165156,Idle
798669783,33.6198,0.748712,Idle
798919804,33.6198,0.232238,Idle
799186443,33.6198,0.827563,Idle
799453131,33.6198,0.136776,Idle
799719746,55.0107,0.952134,Idle
799969754,55.0107,0.839725,Idle
800236391,55.0107,0.308837,Idle
800486442,55.0107,0.387373,Idle
800753064,55.0107,0.100705,Idle
801003067,51.0362,0.803291,Idle
801269672,51.0362,0.342522,Idle
801519752,51.0362,0.16281,Idle
801786363,51.0362,0.127249,Idle
802053003,51.0362,0.0955103,Idle
802303096,51.7272,0.108492,Idle
802569602,46.9168,0.715049,Idle
802836259,46.9168,0.908231,Idle
803086346,46.9168,0.641528,Idle
803352985,46.9168,0.819444,Idle
803619646,46.9168,0.307369,Idle
803869672,46.9168,0.782623,Idle
804136229,46.9168,0.832456,Idle
804386278,42.4195,0.749743,Idle
804636296,42.4195,0.707874,Idle
804902868,42.4195,0.56582,Idle
805169567,42.4195,0.723974,Idle
805436166,42.4195,0.858243,Idle
805686175,42.4195,0.712876,Idle
805936223,42.4195,0.135417,Idle
806202867,42.4195,1,Idle
806469541,42.4195,0.178009,Idle
806736210,42.4195,0.130007,Idle
807002873,42.4195,0.123615,Idle
807269472,15.0124,0.450457,Idle
807519515,15.0124,0.535055,Idle
807769528,15.0124,0.716864,Idle
808036158,15.0124,0.785391,Idle
808302820,15.0124,0.172997,Idle
808569456,15.0124,0.920955,Idle
808836139,15.0124,0.678895,Idle
809102740,15.0124,1,Idle
809369364,15.0124,0.937701,Idle
809619384,15.0124,1,Idle
809869394,15.0124,0.8574,Idle
810136091,24.974,0.212081,Idle
810402628,19.38,0.729854,Idle
810652641,19.38,0.431327,Idle
810902664,19.38,0.211856,Idle
811169325,73.454,0.779947,Idle
811435894,73.454,1,Idle
811702601,73.454,0.942309,Idle
811969275,73.454,0.905913,Idle
812235956,73.454,0.908723,Idle
812502688,73.454,0.773459,Idle
812769270,73.454,0.892979,Idle
813035860,73.454,1,Idle
813285891,73.454,0.777198,Idle
813535929,73.454,0.491922,Idle
813802568,73.454,0.443573,Idle
814069235,73.454,0.186757,Idle
814319253,73.454,0.156775,Idle
814585863,73.454,0.790183,Idle
814852501,73.454,0.301186,Idle
815119154,73.454,0.280145,Idle
815369155,73.454,0.477049,Idle
815635799,73.454,0.721965,Idle
815902483,73.454,0.545423,Idle
816169128,73.454,1,Idle
816435787,73.454,0.846591,Idle
816702445,73.454,1,Idle
816969103,73.454,0.203675,Idle
817235755,73.454,0.127251,Idle
817485801,73.454,0.14052,Idle
817752375,8.95019,0.856154,Idle
818002406,8.95019,0.552651,Idle
818269082,8.95019,0.139074,Idle
818519088,8.95019,0.175003,Idle
818785738,31.9848,0.799859,Idle
819052334,31.9848,0.482619,Idle
819302356,31.9848,0.81886,Idle
819568989,31.9848,0.855903,Idle
819835586,31.9848,0.825718,Idle
820085623,31.9848,0.40601,Idle
820335645,31.9848,0.83532,Idle
820602238,31.9848,0.958124,Idle
820852266,31.9848,0.182079,Idle
821102273,31.9848,0.171792,Idle
821368900,31.9848,0.737086,Idle
821618933,31.9848,0.23809,Idle
821869000,31.9848,0.206145,Idle
822135541,31.9848,1,Idle
822385544,31.9848,0.728331,Idle
822652218,31.9848,0.884452,Idle
822902250,31.9848,0.527697,Idle
823168895,31.9848,0.715434,Idle
823435505,31.9848,0.358195,Idle
823702208,31.9848,0.707721,Idle
823968811,10.4808,0.797833,Idle
824235469,10.4808,0.490836,Idle
824502095,10.4808,0.7324,Idle
824752095,10.4808,0.72797,Idle
825002109,10.4808,0.689971,Idle
825268741,10.4808,1,Idle
825518780,22.4311,1,Idle
825785417,22.4311,0.772955,Idle
826052022,22.4311,0.972259,Idle
826318729,22.4311,0.886303,Idle
826585377,22.4311,0.387273,Idle
826852058,22.4311,0.751237,Idle
827102084,22.4311,0.481858,Idle
827368703,22.4311,0.487831,Idle
827635384,22.4311,0.463536,Idle
827901979,22.4311,0.562986,Idle
828168630,22.4311,0.581976,Idle
828435298,22.4311,0.35139,Idle
828701942,13.8937,0.735314,Idle
828968626,13.8937,0.882739,Idle
829235255,13.8937,0.980381,Idle
829485306,13.8937,0.869168,Idle
829751939,13.8937,0.261266,Idle
830018599,13.8937,0.244,Idle
830285245,13.8937,0.215191,Idle
830551857,13.8937,0.989807,Idle
830818534,13.8937,0.876297,Idle
831068567,13.8937,0.907493,Idle
831335215,13.8937,0.790389,Idle
831585302,13.8937,0.646326,Idle
831851918,13.8937,0.858371,Idle
832118546,13.8937,0.53516,Idle
832385168,13.8937,0.837342,Idle
832651799,13.8937,0.326816,Idle
832901813,11.3889,0.673177,Idle
833168443,11.3889,0.478427,Idle
833418443,11.3889,0.199429,Idle
833668449,11.3889,0.218411,Idle
833918466,40.7112,0.872988,Idle
834168468,40.7112,0.343995,Idle
834435045,40.7112,0.889247,Idle
834685064,40.7112,0.654066,Idle
834951752,40.7112,0.874732,Idle
835218300,40.7112,1,Idle
835468413,40.7112,0.708904,Idle
835735020,40.7112,0.211179,Idle
835985031,40.7112,0.39127,Idle
836251645,40.7112,0.502834,Idle
836501675,46.1702,1,Idle
836768297,46.1702,1,Idle
837018359,46.1702,0.181351,Idle
837284954,46.1702,0.662343,Idle
837551528,46.1702,1,Idle
837801591,46.1702,1,Idle
838068159,46.1702,1,Idle
838318183,46.1702,0.949193,Idle
838584797,20.4485,1,Idle
838834872,20.4485,1,Idle
839101514,20.4485,1,Idle
839351557,20.4485,0.772335,Idle
839618131,62.4177,1,Idle
839884832,62.4177,1,Idle
840151475,62.4177,0.489735,Idle
840401535,62.4177,0.196744,Idle
840668165,62.4177,0.350802,Idle
840934795,45.5005,0.678742,Idle
841201430,45.5005,0.911535,Idle
841468069,45.5005,1,Idle
841734770,45.5005,1,Idle
841984775,45.5005,0.846424,Idle
842251384,45.5005,0.151798,Idle
842501423,45.5005,0.188885,Idle
842768069,45.5005,0.117904,Idle
843018083,45.5005,0.11968,Idle
843284710,45.5005,0.133254,Idle
843534741,45.5005,0.14885,Idle
843801384,33.0258,0.248468,Idle
844051431,33.0258,0.154232,Idle
844318027,41.4669,0.156175,Idle
844584666,44.5627,0.656964,Idle
844851296,44.5627,0.900243,Idle
845117892,44.5627,0.828914,Idle
845367924,44.5627,1,Idle
845617948,44.5627,0.187983,Idle
845884617,44.5627,0.0861349,Idle
846151216,39.2997,0.998034,Idle
846401218,39.2997,0.84884,Idle
846667885,39.2997,0.898052,Idle
846934507,39.2997,0.910035,Idle
847184545,39.2997,0.796708,Idle
847451156,39.2997,0.786531,Idle
847701172,39.2997,0.829454,Idle
847967813,39.2997,0.737424,Idle
848234502,39.2997,0.758662,Idle
848501153,39.2997,0.899614,Idle
848751170,39.2997,0.316995,Idle
849017819,39.2997,0.234654,Idle
849267842,39.2997,0.130267,Idle
849534388,17.9603,1,Idle
849784430,17.9603,0.795926,Idle
850034438,17.9603,0.407136,Idle
850301070,17.9603,0.646035,Idle
850551123,17.9603,0.807109,Idle
850817704,32.9535,0.234245,Idle
851067748,32.9535,0.695285,Idle
851334431,32.9535,1,Idle
851601029,32.9535,0.320038,Idle
851867671,32.9535,0.102815,Idle
852117705,34.3277,0.659477,Idle
852384327,34.3277,0.740497,Idle
852634365,34.3277,0.656345,Idle
852901020,34.3277,0.155338,Idle
853167746,34.3277,0.218917,Idle
853434260,34.3277,0.390431,Idle
853700890,34.3277,0.689966,Idle
853950939,34.3277,0.561708,Idle
854217568,36.5567,0.805432,Idle
854484194,36.5567,0.713065,Idle
854734196,36.5567,0.213295,Idle
854984243,36.5567,0.128176,Idle
855250855,36.5567,0.912741,Idle
855500926,36.5567,0.867123,Idle
855750929,36.5567,0.664742,Idle
856017499,36.5567,0.108973,Idle
856267569,36.5567,0.103345,Idle
856534153,36.5567,0.772502,Idle
856800882,36.5567,0.872877,Idle
857067516,36.5567,0.843535,Idle
857334076,36.5567,1,Idle
857584111,36.5567,0.865922,Idle
857834115,36.5567,0.519836,Idle
858100794,36.5567,1,Idle
858350861,36.5567,0.694298,Idle
858617497,36.5567,0.18599,Idle
858884040,18.2436,0.859661,Idle
859134049,18.2436,0.652268,Idle
859400703,18.2436,0.658215,Idle
859650778,18.2436,0.146175,Idle
859917381,34.8642,0.939837,Idle
860167388,34.8642,0.691309,Idle
860433991,34.8642,0.141982,Idle
860700644,34.8642,0.108665,Idle
860950659,61.0973,0.869511,Idle
861217231,61.0973,1,Idle
861483891,61.0973,0.826338,Idle
861750575,61.0973,0.989234,Idle
862000617,61.0973,0.869763,Idle
862267308,51.379,0.901079,Idle
862517336,61.0973,0.397735,Idle
862783902,61.0973,0.936788,Idle
863033912,61.0973,0.417555,Idle
863300521,25.8089,0.994153,Idle
863550538,25.8089,0.676946,Idle
863800597,25.8089,0.911177,Idle
864067135,25.8089,0.91517,Idle
864317202,25.8089,0.238438,Idle
864583847,25.8089,0.161984,Idle
864850521,25.8089,0.203449,Idle
865100521,29.5178,0.853513,Idle
865367140,29.5178,0.798233,Idle
865633775,29.5178,0.824157,Idle
865900357,29.5178,1,Idle
866167014,29.5178,1,Idle
866433683,29.5178,1,Idle
866683742,29.5178,0.978688,Idle
866950337,29.5178,0.820942,Idle
867200372,29.5178,0.725223,Idle
867466998,25.1357,1,Idle
867717021,25.1357,0.327522,Idle
867983650,18.6339,0.407018,Idle
868250261,18.6339,0.15215,Idle
868516941,36.6765,0.87718,Idle
868783543,36.6765,1,Idle
869033624,36.6765,1,Idle
869300254,36.6765,0.812747,Idle
869566916,36.6765,0.756844,Idle
869833507,36.6765,0.197768,Idle
870083562,36.6765,0.118169,Idle
870350199,36.6765,0.112429,Idle
870600200,26.1879,0.6818,Idle
870866886,26.1879,0.179188,Idle
871133554,56.0618,0.780702,Idle
871400125,56.0618,0.719047,Idle
871666799,56.0618,1,Idle
871916800,56.0618,1,Idle
872183364,56.0618,1,Idle
872450025,56.0618,1,Idle
872700101,56.0618,1,Idle
872966791,56.0618,0.29922,Idle
873233471,56.0618,0.702248,Idle
873500127,56.0618,0.615876,Idle
873766740,56.0618,0.648932,Idle
874033393,56.0618,0.13349,Idle
874300040,49.0407,0.600573,Idle
874550040,49.0407,0.261481,Idle
874800057,49.0407,0.208814,Idle
875066768,49.0407,0.142282,Idle
875333395,29.6694,0.187652,Idle
875600035,49.0407,0.135491,Idle
875866630,25.5341,0.745421,Idle
876133266,25.5341,1,Idle
876399895,25.5341,1,Idle
876649969,25.5341,0.921816,Idle
876916527,25.5341,1,Idle
877167133,25.5341,0.765855,Idle
877417348,25.5341,0.808099,Idle
877667945,25.5341,0.306367,Idle
877935327,25.5341,0.17894,Idle
878200932,25.5341,0.656246,Idle
878469258,25.5341,0.547989,Idle
878735406,25.5341,0.318673,Idle
879001612,25.5341,0.140836,Idle
879269424,25.5341,0.132474,Idle
879535842,25.5341,0.132125,Idle
879789672,25.5341,0.115571,Idle
880055647,25.5341,0.134363,Idle
880318755,25.5341,0.113357,Idle
880585467,25.5341,0.142723,Idle
880835743,12.1985,0.596178,Idle
881101917,12.1985,0.33842,Idle
881368631,28.0869,0.134492,Idle
881635312,76.4453,0.228796,Idle
881902394,76.4453,0.150032,Idle
882168772,76.4453,0.168014,Idle
882418930,76.4453,0.157103,Idle
882669694,76.4453,0.161178,Idle
882922275,60.4657,0.953943,Idle
883189111,60.4657,0.987536,Idle
883455347,60.4657,1,Idle
883722439,60.4657,0.80879,Idle
883985286,60.4657,0.214154,Idle
884252360,60.4657,0.138531,Idle
884518207,59.4144,0.82041,Idle
884768877,59.4144,0.721037,Idle
885035454,84.7875,0.678704,Idle
885285697,84.7875,0.816945,Idle
885535799,84.7875,1,Idle
885801791,84.7875,1,Idle
886052334,84.7875,1,Idle
886302406,84.7875,1,Idle
886568570,84.7875,0.924179,Idle
886835735,84.7875,0.487454,Idle
887101952,84.7875,0.134332,Idle
887352347,84.7875,0.088343,Idle
887602711,84.7875,0.104162,Idle
887868851,84.7875,0.131293,Idle
888122787,84.7875,0.121725,Idle
888389379,84.7875,0.122048,Idle
888655347,84.7875,0.0922064,Idle
888917990,46.1954,0.163481,Idle
889168475,11.9558,0.549814,Idle
889418857,11.9558,0.108607,Idle
889669013,11.9558,0.128241,Idle
889922077,11.9558,0.100555,Idle
890188596,11.9558,0.100955,Idle
890451449,11.9558,0.967574,Idle
890701944,11.9558,0.387296,Idle
890952172,18.3779,0.876928,Idle
891202808,18.3779,0.982741,Idle
891469406,18.3779,0.841875,Idle
891735412,18.3779,1,Idle
891988793,18.3779,1,Idle
892251871,18.3779,0.791632,Idle
892501957,18.3779,0.773766,Idle
892752178,18.3779,1,Idle
893003408,18.3779,0.617608,Idle
893269262,18.3779,0.283853,Idle
893522084,18.3779,0.145046,Idle
893785527,18.3779,0.790863,Idle
894051395,18.3779,0.379414,Idle
894322272,18.3779,0.318414,Idle
894584423,18.3779,0.157573,Idle
894835296,18.3779,0.136143,Idle
895085755,19.5103,1,Idle
895351961,19.5103,0.281764,Idle
895602491,19.5103,0.155345,Idle
895868804,19.5103,0.241139,Idle
896135621,19.5103,0.152401,Idle
896403686,19.5103,0.246912,Idle
896669250,19.5103,0.339395,Idle
896936376,19.5103,0.229852,Idle
897189499,19.5103,0.204858,Idle
897455949,19.5103,0.200668,Idle
897722601,19.5103,0.161256,Idle
897988452,19.5103,0.188333,Idle
898251197,19.5103,0.204447,Idle
898501975,19.5103,0.186412,Idle
898752027,8.9947,0.884938,Idle
899003458,8.9947,0.275069,Idle
899269041,58.5439,0.711882,Idle
899535304,58.5439,0.21609,Idle
899788372,53.2664,0.825791,Idle
900051874,53.2664,0.152815,Idle
900321996,53.2664,0.700181,Idle
900585371,53.2664,0.828241,Idle
900851906,53.2664,0.778474,Idle
901121950,53.2664,1,Idle
901385327,53.2664,0.645608,Idle
901635429,53.2664,0.403993,Idle
901885570,19.866,0.757877,Idle
902151355,19.866,0.814676,Idle
902402068,19.866,0.736069,Idle
902668808,19.866,0.867435,Idle
902921875,19.866,0.923295,Idle
903188359,19.866,0.839493,Idle
903455089,19.866,0.823744,Idle
903718569,18.889,0.802004,Idle
903968673,18.889,0.765368,Idle
904235765,18.889,0.782238,Idle
904502380,18.889,0.553381,Idle
904768888,18.889,0.87332,Idle
905035688,18.889,0.881653,Idle
905301918,18.889,0.954244,Idle
905569010,18.889,0.153697,Idle
905819016,29.3927,0.825543,Idle
906069310,29.3927,0.564818,Idle
906321685,29.3927,0.110767,Idle
906585268,29.3927,0.844009,Idle
906835370,29.3927,1,Idle
907085784,29.3927,1,Idle
907352040,29.3927,0.904078,Idle
907602131,29.3927,0.948274,Idle
907868527,29.3927,0.891938,Idle
908121767,29.3927,0.240529,Idle
908385455,29.3927,0.133138,Idle
908655461,29.3927,0.156555,Idle
908918758,20.3203,0.862831,Idle
909168814,20.3203,0.813879,Idle
909435735,20.3203,0.3914,Idle
909701980,20.3203,0.150308,Idle
909952402,20.3203,0.192624,Idle
910218722,20.3203,0.121437,Idle
910468952,27.7832,0.745495,Idle
910721827,27.7832,0.169417,Idle
910984509,27.7832,0.274349,Idle
911235309,27.7832,0.186047,Idle
911485630,27.7832,0.959333,Idle
911751917,27.7832,0.89618,Idle
912018861,30.1315,1,Idle
912285205,30.1315,1,Idle
912535776,30.1315,0.168005,Idle
912788694,30.1315,0.0990676,Idle
913055696,41.4281,0.723967,Idle
913318723,41.4281,0.891802,Idle
913569036,41.4281,0.943375,Idle
913835719,41.4281,0.863651,Idle
914102002,41.4281,0.946824,Idle
914352012,41.4281,0.997829,Idle
914603207,23.3725,0.815338,Idle
914855269,23.3725,1,Idle
915121627,23.3725,1,Idle
915385265,23.3725,1,Idle
915651967,23.3725,0.700379,Idle
915902390,23.3725,0.546515,Idle
916152428,23.3725,0.835814,Idle
916402866,23.3725,1,Idle
916654667,23.3725,0.631167,Idle
916922615,23.3725,0.862484,Idle
917185465,23.3725,0.285486,Idle
917452198,26.2322,0.0780899,Idle
917702315,23.3725,0.829171,Idle
917952324,23.3725,0.237768,Idle
918219115,26.7266,0.926076,Idle
918484678,26.7266,0.17637,Idle
918735561,26.7266,0.0999374,Idle
919002342,26.7266,0.0906932,Idle
919256366,31.0197,0.675735,Idle
919521907,31.0197,0.196837,Idle
919788374,127.575,0.945705,Idle
920051499,127.575,0.869227,Idle
920302006,127.575,0.847451,Idle
920552220,127.575,0.929833,Idle
920802373,127.575,0.767858,Idle
921056223,127.575,0.794629,Idle
921317893,127.575,0.670519,Idle
921567917,127.575,0.886654,Idle
921819112,127.575,0.800632,Idle
922085457,127.575,0.708418,Idle
922352030,127.575,0.591068,Idle
922602093,127.575,0.865795,Idle
922855344,127.575,0.455758,Idle
923118774,127.575,0.354072,Idle
923388337,127.575,0.192562,Idle
923655746,127.575,0.105681,Idle
923918592,127.575,0.090275,Idle
924185513,127.575,0.111026,Idle
924460272,127.575,0.123306,Idle
924717852,127.575,0.176987,Idle
924969049,127.575,0.156572,Idle
925219054,11.1577,0.507839,Idle
925484447,11.1577,1,Idle
925736270,11.1577,0.421112,Idle
926002581,11.1577,0.127845,Idle
926255363,11.1577,0.109301,Idle
926518762,11.1577,0.100232,Idle
926769043,11.1577,0.113284,Idle
927035473,11.1577,0.0987015,Idle
927302346,11.1577,0.11457,Idle
927568646,11.1577,0.146603,Idle
927819062,11.1577,0.126297,Idle
928085643,11.1577,0.142421,Idle
928336487,11.1577,0.106761,Idle
928602334,11.1577,0.139507,Idle
928855120,11.1577,0.111995,Idle
929118687,15.1083,0.724954,Idle
929384936,15.1083,0.924701,Idle
929652237,15.1083,1,Idle
929902381,15.1083,0.942215,Idle
930168962,15.1083,0.95201,Idle
930435813,15.1083,0.903216,Idle
930702079,15.1083,0.248314,Idle
930952412,15.1083,0.109466,Idle
931219570,31.089,0.825989,Idle
931485567,31.089,1,Idle
931736822,60.8482,0.921262,Idle
932002684,60.8482,0.267785,Idle
932269576,73.8561,0.769981,Idle
932522222,73.8561,0.816186,Idle
932788809,73.8561,0.914545,Idle
933055078,73.8561,1,Idle
933318709,73.8561,1,Idle
933568748,73.8561,1,Idle
933835661,73.8561,1,Idle
934101480,73.8561,0.162463,Idle
934352289,73.8561,0.117897,Idle
934618677,22.4045,0.963719,Idle
934869315,22.4045,0.793738,Idle
935136368,22.4045,0.827116,Idle
935388865,22.4045,0.699533,Idle
935651711,22.4045,0.357354,Idle
935901840,22.4045,0.114569,Idle
936169088,37.8701,0.893227,Idle
936435311,37.8701,1,Idle
936685326,76.7715,0.747804,Idle
936935488,76.7715,0.900915,Idle
937202549,76.7715,0.731194,Idle
937455485,61.7827,1,Idle
937723094,61.7827,0.692642,Idle
937988418,61.7827,0.400175,Idle
938251107,61.7827,1,Idle
938502058,61.7827,0.824371,Idle
938752259,61.7827,1,Idle
939003025,61.7827,0.993914,Idle
939255494,34.9776,0.779626,Idle
939518651,34.9776,1,Idle
939768688,34.9776,1,Idle
940035087,34.9776,1,Idle
940285636,34.9776,1,Idle
940536648,34.9776,1,Idle
940802366,34.9776,1,Idle
941054967,34.9776,1,Idle
941318580,34.9776,1,Idle
941569041,34.9776,1,Idle
941835623,34.9776,1,Idle
942102307,34.9776,1,Idle
942352404,34.9776,1,Idle
942617712,34.9776,0.922496,Idle
942869924,34.9776,0.737944,Idle
943135514,34.9776,0.25246,Idle
943402315,34.9776,0.147919,Idle
943655535,11.2845,1,Idle
943918682,11.2845,1,Idle
944188289,11.2845,1,Idle
944455880,11.2845,0.138093,Idle
944717971,53.023,0.524208,Idle
944969048,53.023,0.970393,Idle
945235751,93.8004,1,Idle
945502382,93.8004,0.569663,Idle
945768886,93.8004,0.927372,Idle
946035711,93.8004,0.915857,Idle
946285774,93.8004,0.884057,Idle
946550965,93.8004,0.785805,Idle
946802468,93.8004,0.947847,Idle
947055537,93.8004,0.30762,Idle
947318674,61.9347,0.787689,Idle
947569071,61.9347,0.162767,Idle
947835666,61.9347,0.108255,Idle
948101757,61.9347,0.513751,Idle
948352224,61.9347,1,Idle
948602240,61.9347,0.93221,Idle
948856050,61.9347,0.110767,Idle
949121521,61.9347,0.1125,Idle
949388848,61.9347,0.0797478,Idle
949655484,19.1314,0.874942,Idle
949923449,19.1314,1,Idle
950185366,19.1314,0.304965,Idle
950456066,100.154,1,Idle
950723172,100.154,0.536362,Idle
950984881,95.5218,1,Idle
951235283,95.5218,1,Idle
951502354,95.5218,1,Idle
951769026,95.5218,0.969579,Idle
952034738,95.5218,0.636436,Idle
952301950,95.5218,0.10896,Idle
952568604,34.0605,0.274181,Idle
952818758,34.0605,0.166862,Idle
953069423,57.4407,0.691665,Idle
953335560,57.4407,1,Idle
953588757,57.4407,0.801689,Idle
953855876,57.4407,0.113085,Idle
954122340,54.6015,0.716993,Idle
954388735,54.6015,0.908956,Idle
954655166,54.6015,0.897459,Idle
954922538,54.6015,0.236004,Idle
955188188,54.6015,0.57869,Idle
955451139,54.6015,0.752825,Idle
955702349,54.6015,0.124072,Idle
955969133,54.6015,0.117632,Idle
956235453,54.6015,0.128353,Idle
956486028,24.8261,0.817829,Idle
956751986,24.8261,0.906618,Idle
957002081,24.8261,0.694446,Idle
957269049,24.8261,0.875281,Idle
957535848,24.8261,1,Idle
957802054,24.8261,0.943098,Idle
958055400,46.3639,0.729376,Idle
958322010,24.8261,0.687726,Idle
958588311,24.8261,1,Idle
958856229,24.8261,0.387402,Idle
959122031,24.8261,0.463823,Idle
959385307,24.8261,0.131407,Idle
959635773,24.8261,0.115294,Idle
959901739,17.2224,1,Idle
960169016,17.2224,0.918975,Idle
960434460,65.8481,0.914178,Idle
960685429,65.8481,0.782723,Idle
960935720,65.8481,0.842597,Idle
961188374,65.8481,0.778952,Idle
961456003,65.8481,0.255561,Idle
961718797,65.8481,0.877326,Idle
961988357,65.8481,0.145892,Idle
962255380,65.8481,0.771152,Idle
962522534,65.8481,0.613879,Idle
962788641,65.8481,0.936383,Idle
963055407,65.8481,0.960853,Idle
963321305,65.8481,1,Idle
963585343,65.8481,0.833326,Idle
963835443,65.8481,1,Idle
964085646,65.8481,1,Idle
964335718,65.8481,1,Idle
964589307,65.8481,0.984015,Idle
964852021,65.8481,0.917607,Idle
965102323,65.8481,0.949802,Idle
965369053,65.8481,1,Idle
965635694,65.8481,1,Idle
965901966,65.8481,1,Idle
966152316,65.8481,1,Idle
966402386,65.8481,0.942812,Idle
966655086,65.8481,1,Idle
966921780,65.8481,1,Idle
967188819,65.8481,1,Idle
967451899,40.6094,0.809668,Idle
967702332,65.8481,0.858603,Idle
967968814,65.8481,0.986422,Idle
968219017,65.8481,0.837812,Idle
968469598,65.8481,0.646737,Idle
968722867,65.8481,1,Idle
968988357,65.8481,0.226671,Idle
969256161,65.8481,0.0998936,Idle
969518636,11.9149,0.135986,Idle
969769093,6.37403,0.59975,Idle
970035746,6.37403,0.897444,Idle
970301291,6.37403,1,Idle
970552318,6.37403,0.623815,Idle
970817621,6.37403,0.184566,Idle
971069355,43.4679,0.246432,Idle
971321959,43.4679,0.609607,Idle
971588770,43.4679,0.654089,Idle
971855306,43.4679,1,Idle
972122504,43.4679,0.907866,Idle
972385465,43.4679,0.679955,Idle
972635680,43.4679,1,Idle
972902211,43.4679,0.834883,Idle
973168660,43.4679,1,Idle
973418885,43.4679,1,Idle
973669193,43.4679,1,Idle
973934910,43.4679,0.696388,Idle
974188604,32.0265,0.953355,Idle
974451625,32.0265,0.455599,Idle
974701942,17.2204,1,Idle
974969009,17.2204,1,Idle
975235368,17.2204,1,Idle
975501012,17.2204,1,Idle
975752376,17.2204,0.782597,Idle
976018647,38.5369,0.9478,Idle
976268885,38.5369,0.85512,Idle
976534840,38.5369,0.821772,Idle
976788961,38.5369,0.115857,Idle
977055701,38.5369,0.104353,Idle
977321462,38.5369,0.158112,Idle
977588490,38.5369,0.303603,Idle
977855444,38.5369,0.122329,Idle
978120987,38.5369,0.151381,Idle
978388273,38.5369,0.159873,Idle
978655298,38.5369,0.0882291,Idle
978921816,38.5369,0.11522,Idle
979189064,19.2179,0.587451,Idle
979452043,19.2179,0.513632,Idle
979702355,19.2179,1,Idle
979968960,19.2179,0.413877,Idle
980218967,19.2179,0.368006,Idle
980485705,31.5979,0.876313,Idle
980752226,31.5979,0.956984,Idle
981018446,70.8737,0.902669,Idle
981285375,70.8737,0.96499,Idle
981535721,70.8737,0.509688,Idle
981788576,70.8737,0.361312,Idle
982051580,66.2512,0.286035,Idle
982302337,66.2512,0.672683,Idle
982568702,66.2512,0.3717,Idle
982835334,71.921,1,Idle
983085687,71.921,0.759161,Idle
983352369,71.921,0.161872,Idle
983619067,71.921,0.130225,Idle
983869288,71.921,0.122079,Idle
984121628,44.4878,0.879513,Idle
984388654,44.4878,1,Idle
984651533,44.4878,1,Idle
984902347,44.4878,1,Idle
985169061,44.4878,0.7664,Idle
985435610,44.4878,0.368658,Idle
985702121,44.4878,0.689587,Idle
985952346,38.6541,0.93927,Idle
986218529,38.6541,1,Idle
986469033,38.6541,0.95693,Idle
986735538,38.6541,0.805134,Idle
987001967,38.6541,0.923616,Idle
987255842,38.6541,1,Idle
987518625,38.6541,0.505933,Idle
987788734,38.6541,0.191362,Idle
988051884,22.8515,0.849579,Idle
988301918,22.8515,1,Idle
988552134,22.8515,0.851183,Idle
988818838,22.8515,0.492617,Idle
989085674,22.8515,0.587799,Idle
989351856,22.8515,0.181328,Idle
989602122,34.5807,1,Idle
989869380,34.5807,1,Idle
990121909,34.5807,1,Idle
990387862,34.5807,0.543441,Idle
990654655,34.5807,0.646325,Idle
990918870,34.5807,0.610797,Idle
991169058,34.5807,0.653012,Idle
991435675,34.5807,1,Idle
991702314,34.5807,0.904112,Idle
991952330,34.5807,0.936395,Idle
992218657,34.5807,0.918889,Idle
992468720,34.5807,0.741185,Idle
992718849,34.5807,0.768546,Idle
992985277,34.5807,0.889364,Idle
993255295,34.5807,0.966466,Idle
993521672,34.5807,0.901392,Idle
993788248,34.5807,0.663131,Idle
994055750,34.5807,0.196297,Idle
994318890,34.5807,0.125468,Idle
994585214,10.5346,0.933514,Idle
994835596,10.5346,1,Idle
995102242,10.5346,1,Idle
995368983,40.4405,1,Idle
995619004,40.4405,0.882425,Idle
995885652,40.4405,0.796756,Idle
996151780,40.4405,1,Idle
996403076,40.4405,0.371889,Idle
996655471,40.4405,0.238869,Idle
996921751,40.4405,0.101968,Idle
997188435,40.4405,0.109822,Idle
997451947,21.175,0.921168,Idle
997718665,21.175,0.53574,Idle
997968759,21.175,1,Idle
998218790,21.175,0.368259,Idle
998469008,38.28,1,Idle
998735571,38.28,0.289299,Idle
998988488,64.138,0.929271,Idle
999255695,64.138,1,Idle
999521666,64.138,1,Idle
999788185,64.138,0.530635,Idle
1000051953,64.138,0.406014,Idle
1000318560,64.138,0.363898,Idle
1000568851,30.551,0.796471,Idle
1000835334,30.551,0.725557,Idle
1001101991,30.551,0.48531,Idle
1001352005,79.0802,0.437834,Idle
1001602238,79.0802,0.580646,Idle
1001868929,79.0802,1,Idle
1002135454,79.0802,0.39853,Idle
1002388724,79.0802,0.0887964,Idle
1002651978,62.1469,0.288805,Idle
1002921892,62.1469,0.765155,Idle
1003188141,62.1469,0.812203,Idle
1003451537,62.1469,0.575183,Idle
1003701953,62.1469,0.242814,Idle
1003952172,62.1469,0.635516,Idle
1004202971,62.1469,0.992064,Idle
1004455369,62.1469,0.750784,Idle
1004725072,62.1469,0.109662,Idle
1004985236,62.1469,0.116534,Idle
1005235444,20.5006,0.818396,Idle
1005485690,20.5006,0.214964,Idle
1005736904,20.5006,0.100018,Idle
1006002540,20.5006,0.104482,Idle
1006255971,50.5994,0.649979,Idle
1006521752,50.5994,0.574028,Idle
1006788485,50.5994,0.136642,Idle
1007055077,76.2533,0.287673,Idle
1007321655,76.2533,0.90151,Idle
1007588344,76.2533,0.7003,Idle
1007838547,76.2533,1,Idle
1008101915,76.2533,0.350927,Idle
1008352034,76.2533,0.116238,Idle
1008602523,76.2533,0.114429,Idle
1008855375,76.2533,0.744639,Idle
1009121962,76.2533,0.571399,Idle
1009388722,76.2533,0.194439,Idle
1009655088,76.2533,0.138254,Idle
1009922509,76.2533,0.131226,Idle
1010188649,58.6439,0.525341,Idle
1010451613,16.5532,1,Idle
1010702284,33.5852,0.792579,Idle
1010969031,16.5532,1,Idle
1011234755,16.5532,0.823611,Idle
1011485327,16.5532,0.944961,Idle
1011735596,16.5532,0.880031,Idle
1011988309,16.5532,0.886835,Idle
1012254865,16.5532,0.542134,Idle
1012518608,16.5532,0.384414,Idle
1012768638,16.5532,0.203962,Idle
1013019012,19.7253,0.123568,Idle
1013269208,19.7253,0.126785,Idle
1013522194,19.7253,0.0941394,Idle
1013788502,45.9223,1,Idle
1014052083,45.9223,1,Idle
1014318601,45.9223,0.826,Idle
1014568790,45.9223,0.231058,Idle
1014834673,39.9501,1,Idle
1015085615,39.9501,0.222915,Idle
1015352016,39.9501,0.092328,Idle
1015602312,43.8835,0.76064,Idle
1015855452,43.8835,0.705418,Idle
1016117822,43.8835,0.216783,Idle
1016369032,43.8835,0.131964,Idle
1016635190,43.8835,0.10292,Idle
1016902333,43.8835,0.139072,Idle
1017152360,28.4374,0.958736,Idle
1017402663,28.4374,1,Idle
1017654877,28.4374,0.740461,Idle
1017922459,28.4374,0.786432,Idle
1018188306,28.4374,0.784324,Idle
1018455542,28.4374,1,Idle
1018718798,28.4374,1,Idle
1018989192,28.4374,1,Idle
1019255314,28.4374,0.740839,Idle
1019521533,28.4374,0.29758,Idle
1019784587,28.4374,0.571919,Idle
1020035148,28.4374,0.205544,Idle
1020285689,28.4374,0.12412,Idle
1020552182,17.5694,0.620926,Idle
1020802383,17.5694,0.491863,Idle
1021055531,17.5694,0.747651,Idle
1021322401,17.5694,0.922814,Idle
1021588536,17.5694,0.207093,Idle
1021855408,17.5694,0.143624,Idle
1022121927,28.5888,0.283553,Idle
1022384955,22.326,0.616349,Idle
1022635717,22.326,0.193771,Idle
1022902036,22.326,1,Idle
1023168974,22.326,0.436677,Idle
1023419036,53.2785,0.938026,Idle
1023685709,53.2785,1,Idle
1023936373,53.2785,0.935818,Idle
1024189016,53.2785,0.723157,Idle
1024451878,53.2785,1,Idle
1024702311,53.2785,0.50757,Idle
1024967838,53.2785,0.521711,Idle
1025218921,53.2785,0.41506,Idle
1025485214,28.0237,0.658391,Idle
1025735485,28.0237,0.898064,Idle
1025988724,28.0237,0.948602,Idle
1026255779,28.0237,0.993591,Idle
1026522448,28.0237,0.871858,Idle
1026785324,28.0237,0.145539,Idle
1027035725,34.272,0.967005,Idle
1027302182,36.5493,1,Idle
1027552407,36.5493,1,Idle
1027802621,36.5493,1,Idle
1028054986,36.5493,0.70382,Idle
1028322410,36.5493,0.120748,Idle
1028588289,44.6208,0.659788,Idle
1028855731,44.6208,0.95449,Idle
1029122080,44.6208,0.830738,Idle
1029388870,44.6208,0.601833,Idle
1029655512,44.6208,0.313523,Idle
1029918463,44.6208,0.223487,Idle
1030168771,44.6208,0.143864,Idle
1030435705,23.4587,0.661589,Idle
1030701085,23.4587,0.421152,Idle
1030952410,23.4587,0.275351,Idle
1031202702,64.1369,0.7865,Idle
1031468681,64.1369,1,Idle
1031721495,64.1369,1,Idle
1031988791,64.1369,0.152648,Idle
1032254977,64.1369,0.145569,Idle
1032518486,64.1369,0.132041,Idle
1032768631,25.2857,0.755039,Idle
1033018779,25.2857,0.796329,Idle
1033268851,25.2857,0.723461,Idle
1033535756,25.2857,0.909478,Idle
1033788254,25.2857,0.101087,Idle
1034051814,25.2857,0.124277,Idle
1034302376,25.2857,0.945718,Idle
1034568815,25.2857,1,Idle
1034835560,25.2857,0.374027,Idle
1035101051,25.2857,0.213613,Idle
1035351456,25.2857,0.133099,Idle
1035602267,25.2857,0.12286,Idle
1035869342,25.2857,0.127388,Idle
1036135631,25.2857,0.176566,Idle
1036389539,14.0473,0.666983,Idle
1036651530,14.0473,1,Idle
1036922457,14.0473,0.139461,Idle
1037188614,41.8897,1,Idle
1037455191,41.8897,0.219069,Idle
1037718600,51.0633,1,Idle
1037989164,51.0633,0.943527,Idle
1038255320,51.0633,0.905004,Idle
1038522074,41.9842,0.932445,Idle
1038785538,41.9842,0.810025,Idle
1039035696,41.9842,1,Idle
1039301774,41.9842,0.776159,Idle
1039552318,41.9842,0.848618,Idle
1039819005,41.9842,0.82151,Idle
1040069224,41.9842,0.315922,Idle
1040335671,41.9842,0.159141,Idle
1040588435,41.9842,0.135244,Idle
1040851919,41.9842,0.145828,Idle
1041102297,41.9842,0.136142,Idle
1041368115,41.9842,0.0858807,Idle
1041618621,41.9842,0.101505,Idle
1041868863,41.9842,0.115933,Idle
1042122179,13.4776,0.475168,Idle
1042389052,13.4776,0.168474,Idle
1042655370,13.4776,0.193268,Idle
1042921984,49.951,0.86777,Idle
1043188397,49.951,0.184915,Idle
1043452038,57.3202,0.753491,Idle
1043702478,57.3202,0.901789,Idle
1043968762,57.3202,0.156618,Idle
1044218766,47.6724,0.251617,Idle
1044468820,47.6724,0.179871,Idle
1044721589,47.6724,0.176196,Idle
1044989029,47.6724,0.746683,Idle
1045252029,47.6724,0.161804,Idle
1045518569,37.8973,0.363038,Idle
1045768650,37.8973,0.633958,Idle
1046018738,37.8973,0.371373,Idle
1046269082,37.8973,0.173708,Idle
1046521808,37.8973,0.292891,Idle
1046788816,37.8973,0.878806,Idle
1047051775,37.8973,0.921319,Idle
1047321674,37.8973,0.218604,Idle
1047584764,37.8973,0.261171,Idle
1047835661,37.8973,0.176145,Idle
1048102357,23.4324,1,Idle
1048352357,23.4324,1,Idle
1048618597,23.4324,0.708912,Idle
1048869037,23.4324,0.995981,Idle
1049135495,23.4324,0.961835,Idle
1049389198,23.4324,0.417926,Idle
1049655052,23.4324,0.148072,Idle
1049922068,23.4324,0.150566,Idle
1050185420,23.4324,0.16944,Idle
1050435659,23.789,0.791636,Idle
1050701873,23.789,0.825063,Idle
1050952367,23.789,1,Idle
1051218166,23.789,0.965632,Idle
1051468784,23.789,0.295482,Idle
1051722199,32.8864,0.495262,Idle
1051988802,32.8864,0.872305,Idle
1052251977,32.8864,1,Idle
1052502338,32.8864,0.876921,Idle
1052768267,32.8864,0.574812,Idle
1053018606,32.8864,0.647195,Idle
1053269339,32.8864,0.735768,Idle
1053522519,32.8864,0.129833,Idle
1053785332,27.2203,0.843505,Idle
1054035704,27.2203,0.335028,Idle
1054302337,27.2203,1,Idle
1054552446,27.2203,1,Idle
1054817824,27.2203,1,Idle
1055069207,27.2203,0.647038,Idle
1055335413,27.2203,0.64621,Idle
1055588631,33.1557,0.777112,Idle
1055854909,33.1557,0.84249,Idle
1056117652,33.1557,0.88561,Idle
1056368926,33.1557,0.95475,Idle
1056619024,45.9983,0.73867,Idle
1056869570,45.9983,0.576566,Idle
1057122182,45.9983,1,Idle
1057385339,45.9983,0.801904,Idle
1057651553,45.9983,1,Idle
1057901992,45.9983,0.925968,Idle
1058152389,45.9983,1,Idle
1058418945,45.9983,0.286498,Idle
1058685704,45.9983,1,Idle
1058936301,45.9983,0.873688,Idle
1059189245,45.9983,1,Idle
1059455498,45.9983,0.907061,Idle
1059721692,45.9983,0.987243,Idle
1059987787,45.9983,1,Idle
1060251295,45.9983,1,Idle
1060518607,45.9983,1,Idle
1060768925,45.9983,0.605548,Idle
1061019055,45.9983,0.506338,Idle
1061285746,45.9983,0.122279,Idle
1061535836,45.9983,0.124539,Idle
1061788828,45.9983,0.158117,Idle
1062054870,45.9983,0.267415,Idle
1062322818,45.9983,0.331257,Idle
1062585528,45.9983,0.16224,Idle
1062855826,45.9983,0.116862,Idle
1063121903,45.9983,0.15995,Idle
1063388506,45.9983,0.128845,Idle
1063652043,45.9983,0.126348,Idle
1063902087,45.9983,0.13509,Idle
1064152332,45.9983,0.189622,Idle
1064402338,45.9983,0.118218,Idle
1064655303,45.9983,0.153745,Idle
1064921933,6.877,0.736499,Idle
1065184645,6.877,0.319651,Idle
1065435000,6.877,0.127623,Idle
1065701923,45.0592,0.290489,Idle
1065952428,45.0592,1,Idle
1066219142,45.0592,0.176206,Idle
1066484872,45.0592,0.133903,Idle
1066735135,45.0592,0.141525,Idle
1066989080,45.0592,0.17057,Idle
1067254897,45.0592,0.131922,Idle
1067521945,45.0592,0.10618,Idle
1067785276,24.4253,0.873423,Idle
1068035597,24.4253,0.811144,Idle
1068285729,24.4253,0.303969,Idle
1068537318,24.4253,0.0977788,Idle
1068788048,24.4253,0.139961,Idle
1069051159,24.4253,0.15273,Idle
1069301965,24.4253,0.136945,Idle
1069552326,24.4253,0.1101,Idle
1069802575,24.4253,0.134271,Idle
1070069856,24.4253,0.131522,Idle
1070335663,23.5527,0.75809,Idle
1070588339,23.5527,1,Idle
1070851514,23.5527,0.945944,Idle
1071102170,23.5527,1,Idle
1071368816,23.5527,1,Idle
1071635415,23.5527,0.890554,Idle
1071885733,23.5527,0.977813,Idle
1072151865,23.5527,1,Idle
1072403332,23.5527,0.271987,Idle
1072655476,23.5527,0.124348,Idle
1072921764,23.5527,0.185576,Idle
1073188228,21.0618,0.826392,Idle
1073451507,21.0618,1,Idle
1073701916,21.0618,0.678547,Idle
1073952364,21.0618,0.107659,Idle
1074202888,21.0618,0.106357,Idle
1074455957,21.0618,0.116279,Idle
1074717853,40.6398,0.3578,Idle
1074969032,40.6398,0.964565,Idle
1075234695,40.6398,0.184641,Idle
1075485191,40.6398,0.840903,Idle
1075735249,40.6398,1,Idle
1075988850,40.6398,0.65758,Idle
1076255076,40.6398,0.917154,Idle
1076518337,40.6398,0.879373,Idle
1076769038,40.6398,0.54057,Idle
1077034319,40.6398,0.923618,Idle
1077285662,40.6398,0.787485,Idle
1077551922,40.6398,1,Idle
1077802306,40.6398,1,Idle
1078055971,40.6398,0.229961,Idle
1078322097,40.6398,0.150894,Idle
1078584815,15.175,0.712452,Idle
1078835571,15.175,0.905433,Idle
1079085701,15.175,1,Idle
1079352264,15.175,1,Idle
1079618818,15.175,0.979324,Idle
1079869228,15.175,0.852432,Idle
1080122241,15.175,1,Idle
1080385381,15.175,1,Idle
1080652024,15.175,0.929026,Idle
1080918539,15.175,0.770471,Idle
1081188756,15.175,1,Idle
1081455896,15.175,0.837433,Idle
1081718666,15.175,0.824698,Idle
1081969005,15.175,0.806848,Idle
1082235300,15.175,0.589328,Idle
1082485620,15.4938,0.251509,Idle
1082735667,15.4938,0.301261,Idle
1082988675,15.4938,0.195347,Idle
1083255047,44.3292,0.976753,Idle
1083521551,44.3292,0.542328,Idle
1083785396,44.3292,0.79938,Idle
1084055174,49.983,0.947925,Idle
1084318118,49.983,0.148278,Idle
1084568763,49.983,0.167684,Idle
1084819078,38.0052,0.962379,Idle
1085085261,38.0052,0.826841,Idle
1085335840,38.0052,1,Idle
1085588333,38.0052,0.80943,Idle
1085855953,38.0052,0.206351,Idle
1086122664,53.2851,0.929663,Idle
1086385281,53.2851,1,Idle
1086635680,53.2851,0.801603,Idle
1086902315,53.2851,0.428754,Idle
1087152465,53.2851,0.419541,Idle
1087402763,49.2747,0.831796,Idle
1087669125,49.2747,0.774168,Idle
1087922035,49.2747,0.270348,Idle
1088185452,49.2747,0.181951,Idle
1088451433,49.2747,0.173148,Idle
1088702356,49.2747,0.157267,Idle
1088968236,49.2747,0.163335,Idle
1089218691,49.2747,0.434361,Idle
1089469064,49.2747,1,Idle
1089735807,49.2747,1,Idle
1089988739,49.2747,0.948865,Idle
1090251981,49.2747,0.745623,Idle
1090518619,49.2747,0.669378,Idle
1090769080,49.2747,1,Idle
1091035213,52.4821,0.58152,Idle
1091285281,49.2747,0.127589,Idle
1091535851,49.2747,0.106998,Idle
1091802089,49.2747,0.118284,Idle
1092068836,49.2747,0.13602,Idle
1092322339,49.2747,0.0995214,Idle
1092584909,49.2747,0.719471,Idle
1092835668,49.2747,0.232822,Idle
1093101404,49.2747,1,Idle
1093351848,52.4821,0.647482,Idle
1093602513,49.2747,0.34461,Idle
1093855513,49.2747,0.239249,Idle
1094121768,31.0593,0.373664,Idle
1094388313,31.0593,0.455326,Idle
1094651337,68.5748,0.608403,Idle
1094921670,68.5748,0.678413,Idle
1095188095,68.5748,0.792176,Idle
1095451803,68.5748,0.924376,Idle
1095701949,68.5748,0.610939,Idle
1095968782,27.1664,0.899337,Idle
1096218979,27.1664,0.686291,Idle
1096469094,27.1664,0.148375,Idle
1096735659,27.1664,0.101224,Idle
1097002250,27.1664,0.145985,Idle
1097255527,48.0485,0.664683,Idle
1097518807,48.0485,0.854269,Idle
1097785239,48.0485,0.770892,Idle
1098035637,48.0485,0.290908,Idle
1098285695,56.6985,0.825859,Idle
1098551239,56.6985,0.823427,Idle
1098802330,56.6985,0.777061,Idle
1099068701,56.6985,0.16316,Idle
1099321762,56.6985,0.100647,Idle
1099588420,56.6985,0.104898,Idle
1099851510,56.6985,0.14552,Idle
1100102468,56.6985,0.0953376,Idle
1100352482,24.5404,0.815364,Idle
1100604172,24.5404,0.0840493,Idle
1100868997,24.5404,0.134733,Idle
1101122181,24.5404,0.788436,Idle
1101389552,24.5404,0.892358,Idle
1101655105,24.5404,1,Idle
1101918264,24.5404,0.889332,Idle
1102168991,24.5404,0.380258,Idle
1102435656,24.5404,0.162732,Idle
1102685657,24.5404,0.112029,Idle
1102952323,24.5404,0.172452,Idle
1103218875,24.5404,0.153077,Idle
1103468909,24.5404,0.138681,Idle
1103735713,18.8655,1,Idle
1104002372,18.8655,0.852609,Idle
1104268602,18.8655,1,Idle
1104522385,18.8655,1,Idle
1104784832,18.8655,0.128755,Idle
1105035746,18.8655,0.118981,Idle
1105302428,24.4885,0.816747,Idle
1105569065,24.4885,0.610193,Idle
1105834904,68.6165,1,Idle
1106101448,68.6165,1,Idle
1106351496,68.6165,0.431875,Idle
1106602952,68.6165,0.132565,Idle
1106855951,68.6165,0.12095,Idle
1107122014,40.3629,0.313683,Idle
1107388492,40.3629,0.759916,Idle
1107651896,40.3629,0.10786,Idle
1107902412,79.0546,0.445007,Idle
1108168580,79.0546,0.480847,Idle
1108419017,79.0546,0.119903,Idle
1108685751,79.0546,0.12462,Idle
1108951911,51.0539,0.851235,Idle
1109202568,51.0539,0.857597,Idle
1109455977,51.0539,1,Idle
1109722062,51.0539,1,Idle
1109988971,51.0539,0.485301,Idle
1110251733,51.0539,0.253185,Idle
1110501928,51.0539,0.885655,Idle
1110752268,51.0539,0.873298,Idle
1111002624,51.0539,0.80442,Idle
1111268561,51.0539,1,Idle
1111535814,51.0539,0.648112,Idle
1111802299,51.0539,0.808403,Idle
1112055495,51.0539,0.387981,Idle
1112322203,51.0539,0.128966,Idle
1112589184,51.0539,0.12159,Idle
1112851671,51.0539,0.132371,Idle
1113101879,51.0539,0.0943824,Idle
1113352082,51.0539,0.128454,Idle
1113602982,51.0539,0.150979,Idle
1113854648,51.0539,0.134126,Idle
1114122115,51.0539,0.680909,Idle
1114385171,31.1357,1,Idle
1114635716,31.1357,0.616246,Idle
1114902139,31.1357,0.324326,Idle
1115152329,31.1357,0.219968,Idle
1115402521,31.1357,0.120635,Idle
1115655047,26.6677,0.821688,Idle
1115917625,26.6677,0.681315,Idle
1116168684,26.6677,0.318353,Idle
1116435534,26.6677,0.241491,Idle
1116702363,26.6677,0.755343,Idle
1116969071,26.6677,0.936478,Idle
1117219072,26.6677,0.902781,Idle
1117469351,26.6677,0.197378,Idle
1117721729,26.6677,1,Idle
1117985400,26.6677,0.75961,Idle
1118235779,26.6677,0.678206,Idle
1118501439,26.6677,1,Idle
1118752412,26.6677,0.754354,Idle
1119002733,26.6677,0.815712,Idle
1119255848,26.6677,0.803013,Idle
1119518719,26.6677,0.642443,Idle
1119769037,26.6677,0.186618,Idle
1120035285,26.6677,0.170423,Idle
1120285706,13.0551,0.73143,Idle
1120551960,13.0551,0.568691,Idle
1120802229,13.0551,0.151625,Idle
1121055365,13.0551,0.150882,Idle
1121322078,13.0551,0.146927,Idle
1121588553,13.0551,0.814965,Idle
1121855424,13.0551,0.851758,Idle
1122118714,21.8391,0.687474,Idle
1122369077,21.8391,0.346789,Idle
1122619282,21.8391,0.689269,Idle
1122885689,21.8391,0.782108,Idle
1123136036,21.8391,1,Idle
1123402016,21.8391,1,Idle
1123652273,21.8391,0.715567,Idle
1123921920,21.8391,0.821793,Idle
1124188664,21.8391,0.79391,Idle
1124455200,21.8391,0.872194,Idle
1124718592,21.8391,0.202214,Idle
1124988844,21.8025,1,Idle
1125255885,21.8025,0.142728,Idle
1125521693,15.5151,1,Idle
1125788789,15.5151,0.26998,Idle
1126055607,15.5151,1,Idle
1126318837,15.5151,0.42895,Idle
1126588964,36.3742,0.821588,Idle
1126855517,36.3742,0.903459,Idle
1127117859,36.3742,1,Idle
1127368979,36.3742,0.831288,Idle
1127619058,36.3742,0.801569,Idle
1127885694,36.3742,0.154413,Idle
1128135848,36.3742,0.12537,Idle
1128389334,36.3742,0.145017,Idle
1128651721,36.3742,0.0966016,Idle
1128902369,19.8437,0.423558,Idle
1129169003,19.8437,0.920027,Idle
1129435635,19.8437,0.757594,Idle
1129701949,19.8437,0.8094,Idle
1129952310,19.8437,0.816711,Idle
1130202898,19.8437,0.543605,Idle
1130455027,19.8437,0.0827044,Idle
1130721832,19.8437,0.104768,Idle
1130988837,19.8437,0.895495,Idle
1131252005,19.8437,0.629369,Idle
1131522649,19.8437,1,Idle
1131785202,19.8437,0.604392,Idle
1132035643,19.8437,0.757047,Idle
1132302340,19.8437,0.678383,Idle
1132552400,19.8437,0.948972,Idle
1132818225,19.8437,0.876745,Idle
1133068697,19.8437,1,Idle
1133321857,19.8437,0.760474,Idle
1133585062,19.8437,0.383277,Idle
1133835257,19.8437,0.127559,Idle
1134085729,19.8437,0.113259,Idle
1134352375,11.3511,0.465713,Idle
1134618677,11.3511,0.965386,Idle
1134868744,11.3511,0.836085,Idle
1135118799,11.3511,1,Idle
1135368945,11.3511,0.858554,Idle
1135635288,11.3511,1,Idle
1135885709,11.3511,0.751985,Idle
1136135984,11.3511,0.351974,Idle
1136402237,11.3511,0.464542,Idle
1136668861,11.3511,0.100701,Idle
1136922386,22.5103,0.937589,Idle
1137185639,22.5103,0.776494,Idle
1137452081,22.5103,1,Idle
1137702348,22.5103,0.838244,Idle
1137968698,37.3679,0.632794,Idle
1138219038,37.3679,0.742142,Idle
1138469259,37.3679,0.21845,Idle
1138735367,54.7915,1,Idle
1138988374,54.7915,0.342199,Idle
1139255459,54.7915,0.0991059,Idle
1139518603,54.7915,1,Idle
1139768637,54.7915,0.768792,Idle
1140018997,54.7915,0.737385,Idle
1140269408,27.2708,0.786285,Idle
1140535507,27.2708,0.910776,Idle
1140788828,27.2708,0.165753,Idle
1141055558,27.2708,0.130562,Idle
1141317715,36.6888,0.798836,Idle
1141568788,36.6888,0.991932,Idle
1141834908,36.6888,0.601081,Idle
1142084991,36.6888,1,Idle
1142335528,36.6888,0.826663,Idle
1142589154,36.6888,0.231371,Idle
1142855511,33.3516,1,Idle
1143117831,33.3516,0.614905,Idle
1143388939,33.3516,0.729365,Idle
1143655164,33.3516,0.859326,Idle
1143922070,33.3516,0.57892,Idle
1144188749,33.3516,0.264265,Idle
1144455144,33.3516,0.233542,Idle
1144718375,33.3516,0.168352,Idle
1144969042,33.3516,0.107134,Idle
1145235374,33.3516,0.0958581,Idle
1145485692,33.3516,0.0936336,Idle
1145752299,33.3516,0.135394,Idle
1146002630,33.3516,0.134195,Idle
1146269072,33.3516,0.145092,Idle
1146536069,33.3516,0.140072,Idle
1146802722,33.3516,0.113572,Idle
1147069120,33.3516,0.122322,Idle
1147322667,33.3516,0.133063,Idle
1147585420,33.3516,0.108035,Idle
1147855705,33.3516,0.10091,Idle
1148118702,35.2071,0.110967,Idle
1148385280,33.3516,0.122893,Idle
1148655589,33.3516,0.139697,Idle
1148921886,33.3516,0.126028,Idle
1149188396,9.43738,0.916174,Idle
1149451674,9.43738,0.356817,Idle
1149701983,27.8373,0.506262,Idle
1149969012,9.43738,0.804113,Idle
1150235686,9.43738,1,Idle
1150502326,9.43738,1,Idle
1150768706,9.43738,0.628924,Idle
1151018965,9.43738,0.53705,Idle
1151270452,9.43738,0.806095,Idle
1151522288,9.43738,0.903327,Idle
1151788346,9.43738,0.73478,Idle
1152055602,9.43738,0.819101,Idle
1152322476,9.43738,1,Idle
1152584991,9.43738,0.638255,Idle
1152835360,9.43738,0.18777,Idle
1153085562,12.5184,0.886373,Idle
1153335978,12.5184,1,Idle
1153588600,12.5184,1,Idle
1153851821,12.5184,0.816629,Idle
1154122195,12.5184,0.734427,Idle
1154388280,12.5184,0.345095,Idle
1154655485,12.5184,0.830472,Idle
1154921987,12.5184,1,Idle
1155184846,12.5184,0.930125,Idle
1155435499,12.5184,0.494352,Idle
1155701931,12.5184,0.938593,Idle
1155952318,12.5184,1,Idle
1156218594,12.5184,0.391608,Idle
1156469406,12.7488,0.821547,Idle
1156721498,12.7488,0.630751,Idle
1156985274,12.7488,0.127217,Idle
1157254545,41.628,0.755545,Idle
1157521860,41.628,0.826456,Idle
1157785545,67.7038,0.864037,Idle
1158035558,67.7038,0.906178,Idle
1158302295,67.7038,0.887271,Idle
1158567785,67.7038,0.240912,Idle
1158818714,35.768,1,Idle
1159069353,35.768,0.234948,Idle
1159321911,63.5443,0.229854,Idle
1159584696,63.5443,0.137248,Idle
1159835731,67.3378,1,Idle
1160102003,67.3378,1,Idle
1160352307,67.3378,0.267101,Idle
1160618550,36.9652,0.828604,Idle
1160868791,36.9652,0.477319,Idle
1161136610,36.9652,0.762021,Idle
1161389322,36.9652,0.84443,Idle
1161651616,36.9652,0.781652,Idle
1161902273,36.9652,0.135449,Idle
1162169058,36.9652,0.0985495,Idle
1162434991,36.9652,0.680539,Idle
1162685653,36.9652,0.866925,Idle
1162935689,36.9652,0.716257,Idle
1163201988,36.9652,0.672553,Idle
1163455180,36.9652,0.924469,Idle
1163718055,36.9652,0.508184,Idle
1163988328,36.9652,0.100656,Idle
1164252124,12.0598,0.862963,Idle
1164518957,12.0598,0.567968,Idle
1164785599,45.3971,0.777696,Idle
1165055140,12.0598,0.363357,Idle
1165322045,12.0598,0.120422,Idle
1165588795,47.4285,0.845471,Idle
1165852031,47.4285,0.862167,Idle
1166102113,47.4285,0.984651,Idle
1166367883,47.4285,0.943438,Idle
1166618615,47.4285,0.876662,Idle
1166868622,47.4285,0.0967189,Idle
1167135671,40.7569,1,Idle
1167402651,40.7569,0.196871,Idle
1167668726,40.7569,0.109387,Idle
1167935789,49.9089,0.682352,Idle
1168202362,49.9089,0.931837,Idle
1168455260,49.9089,0.196783,Idle
1168718620,71.7744,0.95532,Idle
1168988419,71.7744,1,Idle
1169255900,71.7744,1,Idle
1169518682,71.7744,0.579272,Idle
1169768731,71.7744,0.621555,Idle
1170019092,71.7744,0.86029,Idle
1170285568,71.7744,0.86604,Idle
1170536156,71.7744,0.952658,Idle
1170803107,71.7744,0.7727,Idle
1171055230,71.7744,0.343437,Idle
1171318085,71.7744,0.91205,Idle
1171568735,71.7744,0.807828,Idle
1171818748,71.7744,0.952819,Idle
1172068915,71.7744,0.902231,Idle
1172322222,71.7744,0.952579,Idle
1172585297,71.7744,1,Idle
1172851913,71.7744,0.357469,Idle
1173102329,71.7744,0.10782,Idle
1173352339,25.387,1,Idle
1173618738,25.387,1,Idle
1173869816,25.387,0.595294,Idle
1174135827,25.387,0.0768941,Idle
1174403010,25.387,0.15478,Idle
1174669357,38.8218,0.352889,Idle
1174935620,38.8218,1,Idle
1175188828,38.8218,0.268758,Idle
1175451945,57.2945,1,Idle
1175702280,57.2945,0.527068,Idle
1175952358,57.2945,1,Idle
1176218948,57.2945,0.6406,Idle
1176469180,57.2945,0.245393,Idle
1176721724,57.2945,0.150574,Idle
1176985448,34.7078,0.889131,Idle
1177235714,34.7078,1,Idle
1177501379,34.7078,1,Idle
1177752401,34.7078,0.736958,Idle
1178002522,47.4231,0.667953,Idle
1178269557,47.4231,0.853847,Idle
1178522107,47.4231,1,Idle
1178784357,47.4231,0.861266,Idle
1179034923,47.4231,1,Idle
1179285743,47.4231,0.832335,Idle
1179551436,47.4231,0.950201,Idle
1179802249,47.4231,1,Idle
1180055251,47.4231,0.987648,Idle
1180322114,47.4231,1,Idle
1180587821,47.4231,0.8458,Idle
1180855029,47.4231,1,Idle
1181122539,47.4231,0.565818,Idle
1181384614,47.4231,1,Idle
1181635351,47.4231,0.967727,Idle
1181885567,47.4231,1,Idle
1182135923,47.4231,0.888892,Idle
1182388831,47.4231,0.795339,Idle
1182652246,47.4231,0.955095,Idle
1182902349,47.4231,0.135776,Idle
1183169044,35.0027,1,Idle
1183435366,35.0027,0.818248,Idle
1183685681,35.0027,0.90029,Idle
1183935871,35.0027,0.648302,Idle
1184202256,35.0027,0.595062,Idle
1184468847,35.0027,1,Idle
1184735638,35.0027,0.159738,Idle
1185002163,35.0027,0.108339,Idle
1185269419,35.0027,0.135613,Idle
1185535530,35.0027,0.170937,Idle
1185802197,35.0027,0.847832,Idle
1186055128,35.0027,0.534072,Idle
1186321834,35.0027,0.534768,Idle
1186588739,35.0027,1,Idle
1186855546,35.0027,0.939387,Idle
1187118573,35.0027,0.928617,Idle
1187368911,35.0027,1,Idle
1187635430,8.07229,1,Idle
1187901809,8.07229,0.681207,Idle
1188152323,8.07229,0.258939,Idle
1188403490,8.07229,0.780346,Idle
1188669897,8.07229,0.76501,Idle
1188922140,8.07229,0.969675,Idle
1189189023,8.07229,1,Idle
1189452003,8.07229,1,Idle
1189702327,8.07229,0.458666,Idle
1189952330,8.07229,0.795179,Idle
1190202693,8.07229,0.406413,Idle
1190456287,8.07229,0.485432,Idle
1190718623,8.07229,0.811307,Idle
1190988215,8.07229,0.208926,Idle
1191251925,8.07229,0.154188,Idle
1191517793,8.07229,0.125847,Idle
1191768735,8.07229,0.152237,Idle
1192034700,8.07229,0.126024,Idle
1192285245,8.07229,0.101635,Idle
1192535802,9.33381,0.562522,Idle
1192802362,9.33381,0.164352,Idle
1193069081,120.878,0.376958,Idle
1193322283,120.878,0.134735,Idle
1193584915,120.878,0.200749,Idle
1193835684,103.839,0.358861,Idle
1194102119,103.839,0.262494,Idle
1194352330,103.839,0.121682,Idle
1194618760,103.839,0.124545,Idle
1194868891,103.839,0.127936,Idle
1195121775,103.839,0.213606,Idle
1195388708,103.839,0.177431,Idle
1195651243,103.839,0.10053,Idle
1195902339,54.4517,0.802642,Idle
1196168821,54.4517,0.769196,Idle
1196434567,54.4517,0.891981,Idle
1196685821,54.4517,0.770257,Idle
1196952006,54.4517,0.891054,Idle
1197202248,54.4517,0.969678,Idle
1197468775,54.4517,0.801211,Idle
1197735862,54.4517,0.995191,Idle
1197988658,54.4517,0.171002,Idle
1198252175,55.9033,0.458889,Idle
1198502394,55.9033,0.64054,Idle
1198768736,55.9033,0.244515,Idle
1199034495,55.9033,0.356511,Idle
1199284714,55.9033,0.127033,Idle
1199535937,64.8407,0.270102,Idle
1199789257,64.8407,1,Idle
1200054966,64.8407,0.994024,Idle
1200319046,64.8407,0.923609,Idle
1200585408,64.8407,1,Idle
1200835674,64.8407,1,Idle
1201085700,64.8407,0.118377,Idle
1201336173,64.8407,0.901208,Idle
1201588752,64.8407,0.623221,Idle
1201851796,64.8407,0.12293,Idle
1202101958,64.8407,0.121109,Idle
1202351974,64.8407,0.100198,Idle
1202602586,64.8407,0.11688,Idle
1202868840,64.8407,0.0955654,Idle
1203122657,64.8407,0.0952257,Idle
1203388945,51.4668,0.769142,Idle
1203651934,51.4668,0.632775,Idle
1203922100,51.4668,0.912085,Idle
1204188755,51.4668,0.970588,Idle
1204455935,51.4668,0.799952,Idle
1204718979,51.4668,0.846938,Idle
1204985610,51.4668,0.184393,Idle
1205252298,20.915,0.151463,Idle
1205518601,20.915,0.38239,Idle
1205769042,20.915,0.116417,Idle
1206035619,67.9712,0.894534,Idle
1206285714,67.9712,0.180165,Idle
1206536295,67.9712,0.132406,Idle
1206788735,79.0972,0.353451,Idle
1207055146,79.0972,0.560457,Idle
1207322635,79.0972,0.547106,Idle
1207588425,79.0972,0.859057,Idle
1207852018,79.0972,0.746006,Idle
1208102338,79.0972,0.175194,Idle
1208369027,51.1963,0.744273,Idle
1208619067,51.1963,1,Idle
1208869370,51.1963,0.646841,Idle
1209136460,49.5937,0.778387,Idle
1209402644,49.5937,0.394106,Idle
1209655188,49.5937,0.208355,Idle
1209917772,49.5937,0.221763,Idle
1210168532,49.5937,0.771367,Idle
1210435291,49.5937,0.754714,Idle
1210685355,49.5937,0.143408,Idle
1210935372,49.5937,0.13047,Idle
1211188379,49.5937,0.128471,Idle
1211451275,23.3871,0.681296,Idle
1211701616,23.3871,0.451993,Idle
1211952013,23.3871,0.609249,Idle
1212202123,23.3871,0.630881,Idle
1212455487,23.3871,0.808762,Idle
1212719065,34.6642,0.915376,Idle
1212988794,23.3871,0.54371,Idle
1213251972,23.3871,0.986458,Idle
1213522430,23.3871,1,Idle
1213785541,23.3871,1,Idle
1214035684,23.3871,0.986672,Idle
1214302369,23.3871,0.350364,Idle
1214568906,23.3871,0.808071,Idle
1214819072,23.3871,0.582913,Idle
1215085410,17.5399,0.908962,Idle
1215335738,17.5399,0.282673,Idle
1215602259,17.5399,0.0900569,Idle
1215869397,17.5399,0.804328,Idle
1216122239,29.5662,0.699762,Idle
1216389005,29.5662,1,Idle
1216652369,29.5662,0.850074,Idle
1216918642,29.5662,1,Idle
1217184319,29.5662,0.483774,Idle
1217435703,29.5662,1,Idle
1217685735,29.5662,0.357409,Idle
1217935862,29.5662,0.138917,Idle
1218202136,29.5662,1,Idle
1218455975,29.5662,0.919006,Idle
1218721696,29.5662,0.922826,Idle
1218988432,29.5662,0.754386,Idle
1219251888,29.5662,0.794117,Idle
1219502242,29.5662,0.92248,Idle
1219768557,29.5662,0.860207,Idle
1220018980,29.5662,0.483583,Idle
1220269013,11.8102,1,Idle
1220534618,11.8102,1,Idle
1220785011,11.8102,0.997381,Idle
1221035719,11.8102,0.875655,Idle
1221302064,11.8102,0.962866,Idle
1221569014,11.8102,0.346605,Idle
1221835306,24.0678,1,Idle
1222085425,24.0678,0.761607,Idle
1222336007,24.0678,0.523513,Idle
1222589121,48.5547,0.921701,Idle
1222851959,48.5547,0.962499,Idle
1223102313,48.5547,1,Idle
1223369075,48.5547,1,Idle
1223635322,48.5547,0.699822,Idle
1223902059,30.0198,1,Idle
1224152335,48.5547,0.80622,Idle
1224402639,48.5547,0.274244,Idle
1224669218,48.5547,0.0992724,Idle
1224936167,22.6196,0.927918,Idle
1225202332,22.6196,0.296468,Idle
1225469822,123.798,0.601167,Idle
1225721564,123.798,0.319716,Idle
1225984708,123.798,0.536619,Idle
1226235660,123.798,1,Idle
1226502355,123.798,0.629535,Idle
1226752378,123.798,0.825526,Idle
1227002926,123.798,0.813004,Idle
1227269388,123.798,1,Idle
1227536057,123.798,1,Idle
1227802797,123.798,0.797689,Idle
1228069947,123.798,0.798968,Idle
1228335811,123.798,0.73672,Idle
1228602491,123.798,0.962484,Idle
1228855525,123.798,0.708728,Idle
1229117868,123.798,0.785676,Idle
1229369020,123.798,0.424623,Idle
1229619057,123.798,0.5115,Idle
1229869454,123.798,0.451971,Idle
1230135895,123.798,0.364436,Idle
1230388406,123.798,0.175005,Idle
1230651823,123.798,0.0911059,Idle
1230918958,123.798,0.0914259,Idle
1231185674,123.798,0.0696645,Idle
1231451961,123.798,0.123227,Idle
1231717997,123.798,0.11812,Idle
1231969030,123.798,0.113704,Idle
1232219043,123.798,0.104624,Idle
1232469994,123.798,0.101599,Idle
1232735766,66.2251,0.647926,Idle
1233002260,66.2251,0.75473,Idle
1233269006,66.2251,0.827731,Idle
1233521759,66.2251,0.098333,Idle
1233785187,66.2251,0.100434,Idle
1234035663,66.2251,0.132943,Idle
1234285701,66.2251,0.102785,Idle
1234536471,66.2251,0.088212,Idle
1234802567,66.2251,0.0958289,Idle
1235069453,66.2251,0.0962053,Idle
1235336242,66.2251,0.121073,Idle
1235602956,66.2251,0.103399,Idle
1235856023,12.0937,0.860052,Idle
1236122686,12.0937,0.962777,Idle
1236385290,120.158,0.915779,Idle
1236635726,120.158,0.967292,Idle
1236902254,120.158,0.802084,Idle
1237169055,120.158,0.384206,Idle
1237435227,120.158,0.1146,Idle
1237685774,49.3523,0.707356,Idle
1237952113,49.3523,0.68507,Idle
1238202622,75.6041,0.71508,Idle
1238468763,75.6041,0.629707,Idle
1238718845,75.6041,0.527128,Idle
1238969050,75.6041,0.420046,Idle
1239235546,53.2439,0.778134,Idle
1239502124,53.2439,0.29382,Idle
1239752305,53.2439,0.12548,Idle
1240002634,53.2439,0.0889461,Idle
1240269677,53.2439,0.573241,Idle
1240535360,53.2439,0.815879,Idle
1240785743,53.2439,0.728326,Idle
1241052105,53.2439,0.751568,Idle
1241302385,53.2439,0.270435,Idle
1241568780,53.2439,0.124118,Idle
1241834674,53.2439,0.137545,Idle
1242102066,53.2439,0.202525,Idle
1242352099,53.2439,0.125038,Idle
1242602596,15.157,0.83532,Idle
1242870059,15.157,0.727593,Idle
1243122074,15.157,1,Idle
1243389435,15.157,0.73943,Idle
1243655504,15.157,0.395025,Idle
1243918744,15.157,0.124829,Idle
1244188681,15.157,0.113549,Idle
1244452392,15.157,0.706178,Idle
1244718787,15.157,1,Idle
1244984512,15.157,0.879516,Idle
1245235362,15.157,0.20146,Idle
1245501377,15.157,0.670371,Idle
1245768998,15.157,1,Idle
1246035745,15.157,0.942965,Idle
1246285760,15.157,0.27924,Idle
1246552371,15.157,0.14807,Idle
1246818907,15.157,0.151393,Idle
1247070087,15.157,0.433968,Idle
1247336017,12.5308,1,Idle
1247588905,12.5308,1,Idle
1247856129,12.5308,0.808117,Idle
1248117862,12.5308,0.759239,Idle
1248369040,12.5308,0.412136,Idle
1248635763,12.5308,0.102654,Idle
1248900993,27.8395,0.262107,Idle
1249152348,27.8395,0.507412,Idle
1249418891,27.8395,0.441322,Idle
1249668899,46.861,1,Idle
1249935756,46.861,0.823439,Idle
1250189179,46.861,0.830795,Idle
1250452021,46.861,0.183881,Idle
1250702221,46.861,0.128607,Idle
1250968858,46.861,0.137911,Idle
1251219071,36.5311,0.835083,Idle
1251485678,36.5311,1,Idle
1251736190,36.5311,0.783332,Idle
1252002636,36.5311,0.813489,Idle
1252268639,36.5311,0.742128,Idle
1252519102,36.5311,0.611146,Idle
1252785691,36.5311,0.289572,Idle
1253052000,36.0769,0.348151,Idle
1253302348,36.0769,0.727978,Idle
1253552366,36.0769,0.571594,Idle
1253818429,36.0769,0.673355,Idle
1254068817,42.1797,1,Idle
1254319050,42.1797,1,Idle
1254585272,42.1797,1,Idle
1254835696,42.1797,0.809827,Idle
1255102390,42.1797,0.96657,Idle
1255352483,35.4007,1,Idle
1255603004,42.1797,0.886277,Idle
1255856057,42.1797,0.908835,Idle
1256119091,42.1797,1,Idle
1256385715,42.1797,1,Idle
1256635731,42.1797,1,Idle
1256902065,42.1797,0.959359,Idle
1257169037,42.1797,1,Idle
1257435671,42.1797,1,Idle
1257700989,42.1797,1,Idle
1257951880,42.1797,0.911474,Idle
1258202610,42.1797,0.111087,Idle
1258468761,42.1797,0.119966,Idle
1258723206,42.1797,0.420204,Idle
1258985689,42.1797,0.898479,Idle
1259251184,42.1797,1,Idle
1259502348,42.1797,0.809565,Idle
1259752381,42.1797,0.156566,Idle
1260002933,42.1797,0.158033,Idle
1260269114,42.1797,0.878155,Idle
1260535624,42.1797,0.745425,Idle
1260785712,42.1797,0.292369,Idle
1261055480,42.1797,0.290823,Idle
1261319083,42.1797,0.397654,Idle
1261585165,35.4007,0.0976003,Idle
1261835369,42.1797,0.122546,Idle
1262085408,7.42837,0.936717,Idle
1262335419,7.42837,0.818243,Idle
1262602346,7.42837,0.692371,Idle
1262852415,7.42837,0.162251,Idle
1263119101,32.7859,0.639401,Idle
1263385547,32.7859,0.514629,Idle
1263651915,32.7859,0.783869,Idle
1263918439,32.7859,0.854498,Idle
1264185719,32.7859,0.921605,Idle
1264452367,32.7859,0.699208,Idle
1264702411,32.7859,0.68008,Idle
1264967738,32.7859,0.194433,Idle
1265218339,32.7859,0.0946373,Idle
1265469181,32.7859,0.108642,Idle
1265735515,32.7859,0.101436,Idle
1266002367,32.7859,0.271574,Idle
1266269099,32.7859,1,Idle
1266522352,32.7859,0.871234,Idle
1266785700,32.7859,0.563964,Idle
1267051380,32.7859,0.202132,Idle
1267302429,32.7859,0.121831,Idle
1267569039,32.7859,0.141112,Idle
1267834660,32.7859,0.122668,Idle
1268085675,10.8937,0.596554,Idle
1268335682,10.8937,0.548194,Idle
1268585752,10.8937,0.402732,Idle
1268852396,10.8937,0.342847,Idle
1269102405,10.8937,0.201317,Idle
1269352487,10.8937,0.110503,Idle
1269602690,43.2762,1,Idle
1269868724,43.2762,0.833418,Idle
1270118850,43.2762,0.818329,Idle
1270368949,43.2762,0.396836,Idle
1270635699,43.2762,0.308172,Idle
1270902084,43.2762,0.167566,Idle
1271152436,43.2762,0.716161,Idle
1271402716,43.2762,1,Idle
1271669296,43.2762,0.579899,Idle
1271935379,33.7366,0.79557,Idle
1272185677,33.7366,0.848531,Idle
1272452411,33.7366,1,Idle
1272718012,33.7366,0.844177,Idle
1272968978,33.7366,0.547678,Idle
1273235314,47.4039,0.945447,Idle
1273485716,47.4039,0.780389,Idle
1273751217,47.4039,0.175733,Idle
1274002832,60.0952,0.704192,Idle
1274269932,60.0952,0.834322,Idle
1274535681,60.0952,0.978385,Idle
1274785753,60.0952,0.989836,Idle
1275052116,60.0952,0.843127,Idle
1275302298,60.0952,0.915931,Idle
1275569048,60.0952,0.368849,Idle
1275819056,60.0952,0.550621,Idle
1276084879,35.0306,0.566035,Idle
1276335680,35.0306,0.92916,Idle
1276602819,35.0306,0.595809,Idle
1276868682,35.0306,0.332858,Idle
1277135500,35.0306,0.601925,Idle
1277402505,35.0306,0.475969,Idle
1277668901,35.0306,0.747575,Idle
1277918987,35.0306,0.754667,Idle
1278185530,35.0306,1,Idle
1278435751,35.0306,1,Idle
1278701788,35.0306,0.63779,Idle
1278952350,35.0306,1,Idle
1279218520,35.0306,0.443033,Idle
1279469301,35.0306,0.99884,Idle
1279735499,35.0306,1,Idle
1279985670,35.0306,0.99277,Idle
1280235708,35.0306,0.48499,Idle
1280502339,35.0306,1,Idle
1280752433,35.0306,0.997615,Idle
1281002771,35.0306,0.640498,Idle
1281268858,35.0306,0.955156,Idle
1281519095,35.0306,0.253347,Idle
1281785662,43.0001,0.213413,Idle
1282052399,35.0306,0.212113,Idle
1282318542,35.0306,0.463083,Idle
1282568887,35.0306,0.716565,Idle
1282834898,35.0306,0.649774,Idle
1283085724,35.0306,0.216034,Idle
1283336022,35.0306,0.147865,Idle
1283602910,35.0306,0.113927,Idle
1283868883,5.9526,0.732926,Idle
1284118980,5.9526,0.181046,Idle
1284368982,5.9526,0.186847,Idle
1284619070,5.9526,0.145887,Idle
1284885674,62.5282,1,Idle
1285150998,62.5282,0.346623,Idle
1285402372,83.2367,1,Idle
1285669016,83.2367,0.827948,Idle
1285936655,83.2367,0.802248,Idle
1286202262,83.2367,0.858111,Idle
1286452358,83.2367,0.890038,Idle
1286702368,83.2367,0.733707,Idle
1286952395,83.2367,0.272113,Idle
1287218870,83.2367,0.399501,Idle
1287469431,83.2367,1,Idle
1287736891,83.2367,1,Idle
1288001743,83.2367,0.622582,Idle
1288251956,83.2367,0.120613,Idle
1288502125,83.2367,0.130315,Idle
1288767584,83.2367,0.129812,Idle
1289019004,15.9243,1,Idle
1289269449,15.9243,1,Idle
1289535761,15.9243,1,Idle
1289802184,15.9243,1,Idle
1290069008,15.9243,0.849768,Idle
1290335771,15.9243,1,Idle
1290602340,15.9243,0.984022,Idle
1290852367,15.9243,0.217503,Idle
1291118890,15.9243,0.120471,Idle
1291385725,15.9243,0.208382,Idle
1291651792,23.4867,0.91863,Idle
1291902240,23.4867,0.380857,Idle
1292152396,70.2787,0.961696,Idle
1292402556,70.2787,1,Idle
1292668594,70.2787,0.470335,Idle
1292918673,70.2787,0.8619,Idle
1293169036,70.2787,1,Idle
1293434350,70.2787,0.906419,Idle
1293685413,70.2787,0.177675,Idle
1293935823,70.2787,0.16051,Idle
1294202562,70.2787,1,Idle
1294469481,70.2787,0.138406,Idle
1294735903,20.407,1,Idle
1295002770,20.407,1,Idle
1295269324,102.617,0.855971,Idle
1295536574,102.617,1,Idle
1295801519,102.617,1,Idle
1296052440,102.617,0.887592,Idle
1296319025,102.617,0.367008,Idle
1296585709,102.617,0.386379,Idle
1296835720,71.579,0.856709,Idle
1297085778,71.579,0.871696,Idle
1297336068,71.579,0.537628,Idle
1297603427,71.579,0.335804,Idle
1297870215,71.579,0.158384,Idle
1298135801,31.3881,0.937547,Idle
1298402307,31.3881,0.79351,Idle
1298669654,31.3881,0.890729,Idle
1298935648,31.3881,0.765041,Idle
1299202918,31.3881,1,Idle
1299469331,31.3881,1,Idle
1299735243,31.3881,0.729304,Idle
1299985317,31.3881,0.975531,Idle
1300252402,31.3881,1,Idle
1300518988,52.7391,0.659636,Idle
1300784866,31.3881,0.120599,Idle
1301035410,31.3881,0.137842,Idle
1301302194,19.1437,0.962836,Idle
1301552347,19.1437,0.685441,Idle
1301802434,19.1437,0.831638,Idle
1302068768,19.1437,0.107772,Idle
1302319041,19.1437,0.120195,Idle
1302585206,19.1437,0.12702,Idle
1302835571,19.1437,0.784824,Idle
1303102072,19.1437,0.953,Idle
1303352154,41.2687,1,Idle
1303618980,19.1437,1,Idle
1303869548,19.1437,0.795205,Idle
1304136448,19.1437,0.728931,Idle
1304402298,19.1437,0.230488,Idle
1304669530,19.1437,0.281198,Idle
1304936721,19.1437,0.101059,Idle
1305202325,19.1437,0.123871,Idle
1305452397,19.1437,0.112639,Idle
1305719062,13.8073,1,Idle
1305985406,13.8073,0.983499,Idle
1306235781,13.8073,0.603321,Idle
1306502322,47.5237,1,Idle
1306767783,47.5237,0.720219,Idle
1307018883,51.694,0.72225,Idle
1307269764,51.694,1,Idle
1307535752,51.694,0.14981,Idle
1307802559,51.694,0.159182,Idle
1308069326,51.694,0.150689,Idle
1308335842,51.694,0.115044,Idle
1308602280,51.694,0.473404,Idle
1308869387,51.694,0.185403,Idle
1309136006,24.4607,0.969016,Idle
1309402636,24.4607,0.950487,Idle
1309668916,24.4607,0.856816,Idle
1309919031,24.4607,0.701088,Idle
1310185662,24.4607,0.912563,Idle
1310451932,24.4607,1,Idle
1310702428,24.4607,0.492337,Idle
1310968811,24.4607,0.739759,Idle
1311235641,28.0525,0.775527,Idle
1311485702,28.0525,0.766884,Idle
1311736041,28.0525,0.70116,Idle
1312002225,28.0525,0.796263,Idle
1312252227,28.0525,0.353573,Idle
1312518683,28.0525,0.15671,Idle
1312785287,28.0525,0.273086,Idle
1313035348,30.1804,0.789567,Idle
1313285651,30.1804,0.723489,Idle
1313535858,30.1804,0.747146,Idle
1313802356,30.1804,0.646653,Idle
1314052396,30.1804,0.690221,Idle
1314318959,30.1804,0.532166,Idle
1314568973,30.1804,0.873025,Idle
1314835404,30.1804,0.302099,Idle
1315085498,30.1804,0.171395,Idle
1315335565,23.3885,1,Idle
1315602163,23.3885,1,Idle
1315852318,23.3885,0.720627,Idle
1316117905,23.3885,0.44804,Idle
1316368562,23.3885,0.309292,Idle
1316618606,23.3885,0.48338,Idle
1316869581,23.3885,0.155412,Idle
1317135942,23.3885,0.141346,Idle
1317402859,23.3885,0.16526,Idle
1317669455,23.3885,0.230649,Idle
1317935690,23.3885,0.149153,Idle
1318185716,23.3885,0.186127,Idle
1318452342,12.8437,0.843215,Idle
1318719112,12.8437,0.761857,Idle
1318985676,12.8437,0.611113,Idle
1319251979,12.8437,0.457467,Idle
1319502208,12.8437,1,Idle
1319768592,12.2399,0.796636,Idle
1320035493,12.2399,0.790115,Idle
1320302400,12.2399,0.652716,Idle
1320569066,43.3385,0.784709,Idle
1320835732,43.3385,0.855173,Idle
1321102139,43.3385,0.579685,Idle
1321369038,50.8178,1,Idle
1321635722,54.2409,1,Idle
1321902231,54.2409,0.291186,Idle
1322152310,48.3456,0.335174,Idle
1322402802,91.3115,1,Idle
1322669397,91.3115,0.456654,Idle
1322935714,88.883,0.7384,Idle
1323202377,88.883,0.684482,Idle
1323469059,88.883,0.410638,Idle
1323735584,83.9141,0.473951,Idle
1323985617,83.9141,0.867263,Idle
1324235735,83.9141,0.830957,Idle
1324501979,83.9141,0.811656,Idle
1324752453,83.9141,0.265341,Idle
1325002641,38.8199,0.676118,Idle
1325269401,38.8199,0.720942,Idle
1325536125,65.8595,0.73469,Idle
1325802336,65.8595,0.684547,Idle
1326052338,65.8595,0.194035,Idle
1326318984,65.8595,0.168442,Idle
1326569049,65.8595,0.112794,Idle
1326835507,33.2949,0.894787,Idle
1327085697,33.2949,0.94332,Idle
1327335705,33.2949,0.870671,Idle
1327602291,33.2949,0.907023,Idle
1327852342,33.2949,0.994512,Idle
1328118214,33.2949,1,Idle
1328368860,33.2949,0.75441,Idle
1328619060,33.2949,0.523001,Idle
1328869684,33.2949,0.159326,Idle
1329135673,33.2949,0.135591,Idle
1329385729,33.2949,0.876013,Idle
1329652394,33.2949,0.727441,Idle
1329918697,21.2195,0.467298,Idle
1330184791,21.2195,0.705558,Idle
1330435626,21.2195,0.852967,Idle
1330702012,21.2195,0.755149,Idle
1330952394,21.2195,0.878099,Idle
1331218984,21.2195,1,Idle
1331469011,21.2195,1,Idle
1331736352,21.2195,0.777039,Idle
1332003037,21.2195,0.921508,Idle
1332269045,21.2195,0.837888,Idle
1332536800,21.2195,0.284994,Idle
1332802190,14.2019,1,Idle
1333068954,14.2019,0.79309,Idle
1333319062,14.2019,0.760906,Idle
1333585709,14.2019,0.459536,Idle
1333852134,14.2019,0.543855,Idle
1334102327,14.2019,0.133652,Idle
1334367786,14.2019,0.128579,Idle
1334618909,36.8588,0.271414,Idle
1334869096,14.2019,0.135413,Idle
1335119134,14.2019,1,Idle
1335385641,14.2019,1,Idle
1335652044,14.2019,0.270407,Idle
1335918646,19.1274,0.694019,Idle
1336168986,19.1274,0.760416,Idle
1336469935,42.5914,1,Idle
1336735898,19.1274,0.89783,Idle
1337003064,19.1274,0.178146,Idle
1337269958,19.1274,0.132912,Idle
1337535774,40.2409,0.824738,Idle
1337802544,40.2409,0.772289,Idle
1338068965,95.9735,0.907868,Idle
1338335789,95.9735,0.894838,Idle
1338603323,95.9735,0.780124,Idle
1338869571,95.9735,0.535528,Idle
1339135547,95.9735,0.128281,Idle
1339402480,95.9735,0.110291,Idle
1339652484,95.9735,0.129126,Idle
1339917997,30.4865,0.711691,Idle
1340168464,30.4865,0.831788,Idle
1340418917,30.4865,0.901072,Idle
1340669171,30.4865,0.878942,Idle
1340936257,30.4865,0.876986,Idle
1341202206,30.4865,0.892917,Idle
1341469643,30.4865,0.991335,Idle
1341736017,30.4865,0.245933,Idle
1342002944,30.8953,0.854765,Idle
1342268779,30.8953,0.941039,Idle
1342519203,30.8953,0.604497,Idle
1342785374,30.8953,0.675039,Idle
1343051373,30.8953,1,Idle
1343301768,30.8953,0.798358,Idle
1343569043,30.8953,0.62952,Idle
1343835651,30.8953,0.467302,Idle
1344102007,30.8953,0.620764,Idle
1344352406,27.8683,0.918435,Idle
1344603026,27.8683,0.531042,Idle
1344869995,37.2347,0.20437,Idle
1345137033,27.8683,0.186927,Idle
1345402538,27.8683,0.111238,Idle
1345668930,27.8683,0.102034,Idle
1345936329,27.8683,0.116016,Idle
1346202257,24.1104,0.948023,Idle
1346469564,24.1104,0.747807,Idle
1346736084,24.1104,0.14847,Idle
1347002475,24.1104,0.157375,Idle
1347269456,24.1104,0.148798,Idle
1347535129,24.1104,0.119166,Idle
1347785571,24.1104,0.13676,Idle
1348052204,24.1104,0.107117,Idle
1348319203,24.1104,0.130705,Idle
1348584446,24.1104,0.13622,Idle
1348852398,24.1104,0.138039,Idle
1349118962,24.1104,0.127052,Idle
1349384584,24.1104,0.200181,Idle
1349635718,24.1104,0.670515,Idle
1349902380,14.9952,0.790207,Idle
1350168885,14.9952,0.147302,Idle
1350435711,14.9952,0.876553,Idle
1350702029,14.9952,0.614161,Idle
1350952062,14.9952,0.985557,Idle
1351203167,14.9952,0.746355,Idle
1351469014,14.9952,0.820969,Idle
1351735662,14.9952,0.439785,Idle
1352002067,14.9952,0.53382,Idle
1352252387,14.9952,0.307198,Idle
1352517885,19.6729,0.519244,Idle
1352767977,19.6729,0.751896,Idle
1353018266,19.6729,0.43038,Idle
1353269840,19.6729,0.685454,Idle
1353536108,19.6729,0.6922,Idle
1353802473,19.6729,0.62694,Idle
1354068955,19.6729,0.191598,Idle
1354335711,19.6729,0.126052,Idle
1354602682,19.6729,0.151384,Idle
1354869333,19.7439,0.37642,Idle
1355135633,15.9233,0.969867,Idle
1355385658,15.9233,0.679309,Idle
1355652421,15.9233,0.224492,Idle
1355918507,15.9233,0.172774,Idle
1356168545,15.9233,0.260019,Idle
1356434367,15.9233,0.186434,Idle
1356685806,15.9233,0.196795,Idle
1356936907,15.9233,0.252791,Idle
1357202308,15.9233,0.206299,Idle
1357470153,15.9233,0.333676,Idle
1357736057,13.6824,0.715049,Idle
1358002090,13.6824,0.877329,Idle
1358252144,13.6824,1,Idle
1358502416,25.1528,1,Idle
1358768838,13.6824,1,Idle
1359019085,13.6824,0.58712,Idle
1359269380,21.9479,0.87732,Idle
1359535817,21.9479,0.772386,Idle
1359802743,21.9479,0.314759,Idle
1360069407,21.9479,0.233387,Idle
1360335617,21.9479,0.205,Idle
1360585622,28.3464,0.852026,Idle
1360851440,28.3464,1,Idle
1361119084,28.3464,0.80399,Idle
1361385777,28.3464,0.959674,Idle
1361635798,56.2249,0.777243,Idle
1361902194,56.2249,0.878132,Idle
1362168407,56.2249,0.207437,Idle
1362418934,56.2249,0.133073,Idle
1362670575,56.2249,0.228333,Idle
1362936146,56.2249,0.191736,Idle
1363202325,56.2249,0.20564,Idle
1363468621,56.2249,0.876287,Idle
1363718657,56.2249,0.975447,Idle
1363985756,56.2249,1,Idle
1364252421,56.2249,0.373057,Idle
1364518500,56.2249,0.140143,Idle
1364785540,19.6611,0.878697,Idle
1365035709,19.6611,0.935644,Idle
1365301945,19.6611,0.529736,Idle
1365552320,19.6611,0.123621,Idle
1365818591,19.6611,0.107613,Idle
1366069007,33.2911,1,Idle
1366335406,33.2911,0.880996,Idle
1366585745,33.2911,1,Idle
1366851510,33.2911,0.849026,Idle
1367102439,33.2911,0.202132,Idle
1367368617,33.2911,0.935136,Idle
1367618722,33.2911,0.489155,Idle
1367885698,33.2911,1,Idle
1368135736,33.2911,0.760603,Idle
1368402601,33.2911,0.763116,Idle
1368669135,33.2911,0.345824,Idle
1368936197,33.2911,0.115291,Idle
1369203160,19.2843,0.149695,Idle
1369469063,19.2843,0.148564,Idle
1369735929,19.2843,0.120837,Idle
1370002418,43.9523,0.872179,Idle
1370269085,43.9523,0.8015,Idle
1370535711,43.9523,0.704479,Idle
1370802523,43.9523,1,Idle
1371069987,43.9523,0.731482,Idle
1371336055,43.9523,0.371163,Idle
1371603091,30.9479,1,Idle
1371869808,30.9479,0.840379,Idle
1372135786,30.9479,0.769746,Idle
1372402349,30.9479,0.70459,Idle
1372669482,30.9479,0.706645,Idle
1372935764,30.9479,0.268224,Idle
1373202279,30.9479,0.751009,Idle
1373470058,30.9479,0.994144,Idle
1373735504,30.9479,0.626669,Idle
1374002065,30.9479,0.375395,Idle
1374269089,30.9479,0.92112,Idle
1374536100,30.9479,0.805158,Idle
1374802582,30.9479,0.796533,Idle
1375052603,30.9479,0.735171,Idle
1375318974,30.9479,0.425092,Idle
1375584777,23.8887,0.739432,Idle
1375835268,9.704,1,Idle
1376085304,9.704,0.721754,Idle
1376335911,9.704,0.815038,Idle
1376602292,9.704,0.916259,Idle
1376852341,9.704,0.304052,Idle
1377118059,9.704,0.448452,Idle
1377368761,9.704,0.918269,Idle
1377635687,9.704,0.393851,Idle
1377902005,9.704,0.228731,Idle
1378152011,9.704,0.106274,Idle
1378403133,22.0944,1,Idle
1378671950,22.0944,0.853539,Idle
1378936126,22.0944,0.88789,Idle
1379201947,22.0944,0.825388,Idle
1379452252,22.0944,0.567175,Idle
1379718080,22.0944,0.669992,Idle
1379985865,22.0944,0.115004,Idle
1380252009,22.0944,0.158292,Idle
1380519104,22.0944,0.13539,Idle
1380785371,22.0944,0.124721,Idle
1381035745,22.0944,0.148594,Idle
1381302379,22.0944,0.111252,Idle
1381569066,19.9695,1,Idle
1381835651,19.9695,0.833877,Idle
1382101628,19.9695,0.867156,Idle
1382352247,19.9695,1,Idle
1382602728,19.9695,0.811725,Idle
1382869720,19.9695,0.881491,Idle
1383136677,19.9695,0.14288,Idle
1383402787,19.9695,0.0899393,Idle
1383669468,19.9695,0.0979602,Idle
1383936127,18.5121,0.965099,Idle
1384203133,18.5121,0.754109,Idle
1384470065,81.1867,0.683216,Idle
1384735659,81.1867,0.245088,Idle
1385002193,81.1867,0.140179,Idle
1385269437,81.4169,0.800222,Idle
1385536489,81.4169,0.964046,Idle
1385802011,81.4169,1,Idle
1386069809,81.3582,1,Idle
1386335485,81.3582,0.828247,Idle
1386585692,81.3582,0.222483,Idle
1386835693,47.9562,0.82074,Idle
1387102341,47.9562,1,Idle
1387368824,47.9562,0.816944,Idle
1387635510,78.8793,0.839699,Idle
1387885781,78.8793,0.948801,Idle
1388151632,78.8793,0.912166,Idle
1388402517,78.8793,0.5714,Idle
1388669813,78.8793,0.173232,Idle
1388935229,49.5643,0.889297,Idle
1389185660,49.5643,1,Idle
1389452395,49.5643,0.935648,Idle
1389718905,49.5643,0.185858,Idle
1389985780,49.1006,0.429646,Idle
1390252374,49.1006,0.608342,Idle
1390518739,49.1006,1,Idle
1390768948,49.1006,1,Idle
1391019059,49.1006,1,Idle
1391269613,49.1006,0.772708,Idle
1391535602,49.1006,0.517826,Idle
1391802488,49.1006,0.588184,Idle
1392052608,49.1006,0.149871,Idle
1392319058,49.1006,0.167057,Idle
1392585703,49.1006,0.127935,Idle
1392851355,49.1006,0.80656,Idle
1393101946,49.1006,1,Idle
1393352417,49.1006,1,Idle
1393618765,49.1006,0.562253,Idle
1393869380,49.1006,0.590671,Idle
1394136907,49.1006,0.555561,Idle
1394403329,49.1006,0.713793,Idle
1394669506,49.1006,0.0965531,Idle
1394936437,31.0358,1,Idle
1395202329,31.0358,0.377015,Idle
1395469593,80.2779,0.796827,Idle
1395735214,80.2779,1,Idle
1395985589,80.2779,1,Idle
1396235699,80.2779,1,Idle
1396501941,80.2779,0.497642,Idle
1396752275,80.2779,0.119004,Idle
1397002612,80.2779,0.145398,Idle
1397269811,80.2779,0.138155,Idle
1397535638,80.2779,0.0952085,Idle
1397802936,80.2779,0.37196,Idle
1398070029,80.2779,0.56103,Idle
1398336190,80.2779,1,Idle
1398602158,80.2779,1,Idle
1398852388,80.2779,0.764777,Idle
1399118701,80.2779,0.601199,Idle
1399369026,32.5798,0.895877,Idle
1399635489,32.5798,0.644106,Idle
1399885711,32.5798,0.834736,Idle
1400136299,32.5798,0.817085,Idle
1400402404,32.5798,1,Idle
1400669671,32.5798,0.696473,Idle
1400935567,32.5798,1,Idle
1401202515,32.5798,0.818351,Idle
1401468988,32.5798,0.695665,Idle
1401735506,37.2032,0.972738,Idle
1402003549,37.2032,0.543001,Idle
1402268709,37.2032,1,Idle
1402518730,37.2032,1,Idle
1402785134,37.2032,0.770141,Idle
1403035296,37.2032,0.285892,Idle
1403285636,37.2032,1,Idle
1403536951,18.7332,1,Idle
1403803008,18.7332,1,Idle
1404069723,18.7332,0.234291,Idle
1404336756,18.7332,0.15751,Idle
1404602327,33.4651,0.944857,Idle
1404869830,33.4651,0.716416,Idle
1405135904,33.4651,0.534721,Idle
1405402771,33.4651,0.751661,Idle
1405669689,33.4651,0.670842,Idle
1405936099,33.4651,0.239672,Idle
1406201540,33.4651,0.124648,Idle
1406468852,33.4651,0.0960502,Idle
1406718898,33.4651,0.120152,Idle
1406985601,13.8983,0.669544,Idle
1407235666,13.8983,0.800889,Idle
1407502344,13.8983,0.808651,Idle
1407769008,13.8983,0.567131,Idle
1408035541,13.8983,0.179507,Idle
1408302276,13.8983,0.121955,Idle
1408552287,22.7817,0.964234,Idle
1408802483,22.7817,0.207222,Idle
1409069033,26.3194,1,Idle
1409336145,26.3194,0.885098,Idle
1409603110,26.3194,0.700731,Idle
1409868577,26.3194,0.877603,Idle
1410118711,26.3194,0.778268,Idle
1410385197,26.3194,0.857279,Idle
1410635590,26.3194,0.910733,Idle
1410901381,26.3194,0.694334,Idle
1411152177,26.3194,0.895919,Idle
1411402648,26.3194,0.793109,Idle
1411669465,26.3194,0.418269,Idle
1411936229,19.6018,1,Idle
1412202622,19.6018,1,Idle
1412469139,19.6018,0.404123,Idle
1412736147,19.6018,0.097974,Idle
1413002155,36.9868,0.79063,Idle
1413269610,36.9868,0.790996,Idle
1413535896,36.9868,0.544725,Idle
1413802362,36.9868,0.461926,Idle
1414052425,36.9868,0.13783,Idle
1414319116,30.4426,0.104491,Idle
1414585568,36.9868,0.139646,Idle
1414852405,36.9868,1,Idle
1415118352,36.9868,0.189258,Idle
1415369054,36.9868,1,Idle
1415635715,36.9868,1,Idle
1415901932,36.9868,1,Idle
1416152043,36.9868,1,Idle
1416402163,36.9868,1,Idle
1416652204,36.9868,0.244292,Idle
1416902376,36.9868,0.144031,Idle
1417167740,36.9868,0.240391,Idle
1417418989,17.31,0.849162,Idle
1417669046,17.31,0.922436,Idle
1417935643,17.31,1,Idle
1418202389,17.31,0.825424,Idle
1418468952,17.31,0.994085,Idle
1418719044,17.31,0.199091,Idle
1418969098,17.31,0.132848,Idle
1419235705,17.31,0.947898,Idle
1419485826,17.31,0.720766,Idle
1419752298,17.31,0.857086,Idle
1420002305,17.31,0.752534,Idle
1420252386,17.31,0.575606,Idle
1420518642,17.31,0.500575,Idle
1420768757,12.1108,1,Idle
1421018916,12.1108,0.899333,Idle
1421285394,12.1108,0.984673,Idle
1421536959,12.1108,1,Idle
1421802166,12.1108,0.568016,Idle
1422052475,12.1108,0.534642,Idle
1422318994,12.1108,0.446288,Idle
1422569002,12.1108,0.31377,Idle
1422835670,12.1108,0.270805,Idle
1423102032,12.1108,0.147369,Idle
1423352428,15.1398,0.809613,Idle
1423603161,15.1398,0.833829,Idle
1423869103,15.1398,1,Idle
1424135876,15.1398,0.976274,Idle
1424402387,15.1398,0.946487,Idle
1424669352,15.1398,0.979838,Idle
1424935699,15.1398,0.35426,Idle
1425185708,15.1398,0.486256,Idle
1425451888,15.1398,0.683115,Idle
1425701990,15.1398,0.518631,Idle
1425968375,14.1872,0.729704,Idle
1426218963,14.1872,0.626452,Idle
1426485384,14.1872,1,Idle
1426737012,14.1872,0.750209,Idle
1427003384,14.1872,0.636714,Idle
1427269444,14.1872,0.184451,Idle
1427536381,24.3971,0.313182,Idle
1427802342,24.3971,0.767305,Idle
1428052443,24.3971,0.568784,Idle
1428318986,24.3971,1,Idle
1428585484,24.3971,1,Idle
1428835595,24.3971,0.974048,Idle
1429102191,24.3971,0.431099,Idle
1429368634,23.268,0.422553,Idle
1429619031,17.5334,1,Idle
1429870511,17.5334,0.318951,Idle
1430135537,17.5334,0.373028,Idle
1430403726,17.5334,0.129784,Idle
1430668515,31.503,0.385443,Idle
1430936143,31.503,0.947458,Idle
1431203176,31.503,0.977955,Idle
1431469093,31.503,0.854085,Idle
1431735752,31.503,0.564225,Idle
1432003340,31.503,0.821633,Idle
1432269458,31.503,0.198957,Idle
1432536617,30.9841,0.949055,Idle
1432802545,30.9841,0.869695,Idle
1433070408,30.9841,0.475925,Idle
1433336076,30.9841,0.0892747,Idle
1433602743,30.9841,0.0887801,Idle
1433869842,30.9841,0.127628,Idle
1434135979,30.9841,0.114775,Idle
1434402508,30.9841,0.151082,Idle
1434669789,29.3743,0.994295,Idle
1434935724,29.3743,1,Idle
1435202751,29.3743,1,Idle
1435469690,29.3743,1,Idle
1435736351,29.3743,0.786668,Idle
1436003398,29.3743,0.185055,Idle
1436269063,29.3743,0.996176,Idle
1436535717,29.3743,0.940532,Idle
1436803027,29.3743,0.962753,Idle
1437069199,29.3743,0.247933,Idle
1437335871,29.3743,0.137008,Idle
1437602285,29.3743,0.150821,Idle
1437852320,29.3743,1,Idle
1438118895,29.3743,0.831076,Idle
1438369033,29.3743,0.849694,Idle
1438634758,29.3743,0.270341,Idle
1438885109,29.3743,0.485364,Idle
1439136210,29.3743,0.295205,Idle
1439402292,29.3743,0.121994,Idle
1439652360,11.9356,0.631899,Idle
1439918817,11.9356,0.479095,Idle
1440185539,11.9356,0.340097,Idle
1440435627,11.9356,0.263324,Idle
1440702286,11.9356,0.123887,Idle
1440969006,11.9356,0.155681,Idle
1441234405,11.9356,0.0994994,Idle
1441485668,31.1636,0.57528,Idle
1441736455,31.1636,0.932113,Idle
1442002731,31.1636,0.767609,Idle
1442269181,31.1636,0.804032,Idle
1442536997,31.1636,0.418405,Idle
1442802333,31.1636,0.715792,Idle
1443052459,31.1636,0.628931,Idle
1443318985,31.1636,0.232104,Idle
1443585749,31.1636,0.763077,Idle
1443852336,31.1636,1,Idle
1444118198,31.1636,0.975091,Idle
1444368989,31.1636,1,Idle
1444635443,25.0778,0.548195,Idle
1444885718,18.9631,0.921991,Idle
1445152366,18.9631,0.495116,Idle
1445403083,18.9631,0.117477,Idle
1445669661,41.7407,1,Idle
1445936383,41.7407,1,Idle
1446202530,41.7407,0.970266,Idle
1446468996,41.7407,0.273436,Idle
1446736081,47.0999,0.422339,Idle
1447002582,47.0999,1,Idle
1447269585,47.0999,0.8864,Idle
1447536127,47.0999,0.636779,Idle
1447802818,47.0999,0.395545,Idle
1448068571,47.0999,0.870151,Idle
1448319072,47.0999,1,Idle
1448585364,47.0999,0.984446,Idle
1448851816,47.0999,0.460007,Idle
1449102217,24.2387,0.867799,Idle
1449368183,24.2387,0.888067,Idle
1449618614,24.2387,0.956084,Idle
1449869528,24.2387,1,Idle
1450136259,24.2387,0.696148,Idle
1450403545,24.2387,0.841736,Idle
1450669702,24.2387,0.167743,Idle
1450935655,24.2387,1,Idle
1451185708,24.2387,0.518282,Idle
1451452260,24.2387,0.877243,Idle
1451717625,24.2387,0.371245,Idle
1451969028,24.2387,1,Idle
1452235043,24.2387,0.997026,Idle
1452485563,24.2387,0.85851,Idle
1452736342,24.2387,0.54704,Idle
1453002392,24.2387,0.333519,Idle
1453252408,24.2387,0.122477,Idle
1453518122,24.2387,0.155523,Idle
1453768846,12.968,0.532233,Idle
1454018887,12.968,0.531078,Idle
1454269632,54.1842,0.363672,Idle
1454536104,54.1842,0.847943,Idle
1454803557,62.9401,0.651316,Idle
1455070160,62.9401,1,Idle
1455336591,62.9401,0.283089,Idle
1455602367,72.0526,0.309529,Idle
1455852401,72.0526,1,Idle
1456118919,72.0526,0.726528,Idle
1456368975,72.0526,0.868827,Idle
1456619037,72.0526,0.384852,Idle
1456869433,72.0526,0.804578,Idle
1457136004,72.0526,0.729313,Idle
1457402481,72.0526,0.530545,Idle
1457669439,72.0526,0.265334,Idle
1457935961,72.0526,0.644935,Idle
1458203395,72.0526,0.274649,Idle
1458469625,72.0526,0.253288,Idle
1458736835,72.0526,0.233399,Idle
1459002369,72.0526,0.0965183,Idle
1459269670,14.9753,0.781962,Idle
1459535805,14.9753,0.696535,Idle
1459801964,14.9753,0.750007,Idle
1460052209,14.9753,0.388999,Idle
1460318017,55.1772,0.593225,Idle
1460569059,55.1772,0.224896,Idle
1460835417,55.1772,0.747704,Idle
1461101955,55.1772,0.249659,Idle
1461352425,55.1772,0.430334,Idle
1461603040,55.1772,0.870621,Idle
1461869807,55.1772,0.232659,Idle
1462135778,55.1772,0.124501,Idle
1462385794,55.1772,0.103583,Idle
1462651131,40.9203,0.196169,Idle
1462902312,40.9203,0.176978,Idle
1463152451,40.9203,0.120591,Idle
1463402922,54.0143,0.882663,Idle
1463669442,54.0143,0.182608,Idle
1463936181,120.472,0.698847,Idle
1464202353,120.472,0.576395,Idle
1464452418,120.472,0.757878,Idle
1464718314,120.472,0.245034,Idle
1464969003,120.472,0.252013,Idle
1465219085,120.472,0.654814,Idle
1465469118,120.472,0.750859,Idle
1465736214,120.472,0.725913,Idle
1466003093,120.472,0.564032,Idle
1466269168,23.835,0.616388,Idle
1466536117,23.835,0.361212,Idle
1466802585,23.835,0.717648,Idle
1467069058,23.835,0.585855,Idle
1467319086,23.835,0.267513,Idle
1467585484,23.835,0.725122,Idle
1467835651,23.835,0.780862,Idle
1468085699,43.6653,0.67129,Idle
1468335779,23.835,0.335134,Idle
1468602348,23.835,0.746529,Idle
1468852370,23.835,0.107514,Idle
1469119083,22.5577,0.658313,Idle
1469385758,22.5577,0.534783,Idle
1469652193,22.5577,0.109845,Idle
1469902484,22.5577,0.0967251,Idle
1470168750,22.5577,0.784174,Idle
1470419066,22.5577,0.621628,Idle
1470669234,22.5577,1,Idle
1470935954,22.5577,0.674428,Idle
1471203217,22.5577,0.745604,Idle
1471469671,22.5577,0.679317,Idle
1471736456,22.5577,0.728236,Idle
1472003545,22.5577,0.832941,Idle
1472269990,22.5577,0.187489,Idle
1472536646,13.9951,0.515536,Idle
1472803162,13.9951,0.475801,Idle
1473069225,13.9951,0.840745,Idle
1473336637,13.9951,0.457468,Idle
1473602418,50.1487,0.684167,Idle
1473870455,50.1487,0.224614,Idle
1474135797,50.1487,0.751344,Idle
1474402335,50.1487,1,Idle
1474652362,50.1487,0.781355,Idle
1474919030,50.1487,0.13592,Idle
1475185398,50.1487,0.112373,Idle
1475435492,50.1487,0.104218,Idle
1475702163,50.1487,0.088865,Idle
1475967844,38.2854,0.717797,Idle
1476218626,38.2854,0.994435,Idle
1476470061,38.2854,0.799971,Idle
1476736312,38.2854,0.561102,Idle
1477002550,38.2854,0.978119,Idle
1477270040,38.2854,0.185538,Idle
1477536570,28.8338,0.729401,Idle
1477803049,28.8338,0.218949,Idle
1478069841,61.5687,0.848583,Idle
1478335223,83.5011,0.955984,Idle
1478602859,83.5011,0.966788,Idle
1478869581,83.5011,0.20293,Idle
1479136001,83.5011,0.0998095,Idle
1479402802,46.7642,0.845956,Idle
1479669499,46.7642,0.838101,Idle
1479936333,46.7642,0.291249,Idle
1480203563,46.7642,0.124192,Idle
1480469462,46.7642,0.725892,Idle
1480735885,46.7642,0.725915,Idle
1481003289,46.7642,0.676109,Idle
1481269003,46.7642,0.264115,Idle
1481535811,42.7949,0.547502,Idle
1481802545,42.7949,0.163791,Idle
1482069155,42.7949,1,Idle
1482336414,42.7949,0.624063,Idle
1482603797,42.7949,0.129623,Idle
1482868825,42.7949,0.0976177,Idle
1483135695,24.748,0.870876,Idle
1483402308,24.748,0.956852,Idle
1483669597,24.748,0.818697,Idle
1483935631,24.748,0.746713,Idle
1484185677,24.748,0.53481,Idle
1484451894,24.748,0.360597,Idle
1484701925,24.748,0.135861,Idle
1484952596,24.748,1,Idle
1485219146,24.748,0.214206,Idle
1485469435,24.748,0.681294,Idle
1485737117,24.748,0.991311,Idle
1486003076,24.748,0.13459,Idle
1486268556,20.3488,0.936773,Idle
1486536341,20.3488,0.897839,Idle
1486803508,20.3488,1,Idle
1487069044,20.3488,0.825617,Idle
1487336969,20.3488,0.701005,Idle
1487602901,20.3488,0.326045,Idle
1487869549,36.1632,0.898501,Idle
1488136956,36.1632,0.7922,Idle
1488403409,36.1632,0.977687,Idle
1488668562,36.1632,0.207111,Idle
1488918857,36.1632,0.365261,Idle
1489169054,36.1632,0.688427,Idle
1489435763,36.1632,0.920232,Idle
1489685772,36.1632,0.930132,Idle
1489952374,36.1632,0.858301,Idle
1490202479,36.1632,0.209015,Idle
1490471392,36.1632,0.0855062,Idle
1490736854,21.4393,0.612278,Idle
1491003763,21.4393,0.28888,Idle
1491269828,21.4393,0.211827,Idle
1491536635,21.4393,0.147022,Idle
1491803161,21.4393,0.239096,Idle
1492069889,21.4393,0.128237,Idle
1492336959,21.4393,0.180215,Idle
1492602465,21.4393,0.128947,Idle
1492871519,21.4393,0.142099,Idle
1493136989,23.3212,0.193576,Idle
1493403362,23.3212,0.195831,Idle
1493670112,23.3212,0.200754,Idle
1493937259,23.3212,0.144674,Idle
1494202594,23.3212,0.137153,Idle
1494468991,23.3212,0.194279,Idle
1494719072,23.3212,0.204421,Idle
1494984674,23.3212,0.133649,Idle
1495235321,23.3212,0.124682,Idle
1495501927,23.3212,0.178815,Idle
1495767813,23.3212,0.190067,Idle
1496019436,18.2887,1,Idle
1496269565,18.2887,0.943713,Idle
1496537236,55.4404,0.783851,Idle
1496802949,55.4404,0.834007,Idle
1497069546,55.4404,0.671011,Idle
1497337335,55.4404,0.20908,Idle
1497602723,55.4404,0.292013,Idle
1497868872,55.4404,0.636204,Idle
1498119085,55.4404,0.341098,Idle
1498385490,55.4404,0.477184,Idle
1498635752,55.4404,0.426469,Idle
1498902165,55.4404,0.790033,Idle
1499152399,55.4404,0.840822,Idle
1499403402,55.4404,0.745476,Idle
1499669147,55.4404,0.754782,Idle
1499919163,55.4404,0.538126,Idle
1500185388,55.4404,1,Idle
1500452393,55.4404,1,Idle
1500719044,55.4404,0.392241,Idle
1500985609,19.55,0.889153,Idle
1501252361,19.55,0.783895,Idle
1501518162,19.55,1,Idle
1501784855,43.4595,1,Idle
1502035641,43.4595,0.770748,Idle
1502285675,43.4595,1,Idle
1502536193,43.4595,0.988817,Idle
1502802693,43.4595,0.850513,Idle
1503070555,43.4595,0.662875,Idle
1503336479,43.4595,0.912405,Idle
1503603751,43.4595,0.746277,Idle
1503870069,43.4595,0.794169,Idle
1504136320,43.4595,0.978283,Idle
1504403124,43.4595,1,Idle
1504669737,43.4595,0.956282,Idle
1504936065,43.4595,0.750018,Idle
1505202365,43.4595,1,Idle
1505469773,43.4595,0.286957,Idle
1505736329,43.4595,0.215368,Idle
1506002478,43.4595,0.243737,Idle
1506269619,19.3746,1,Idle
1506537004,19.3746,1,Idle
1506802367,19.3746,1,Idle
1507052405,19.3746,0.322781,Idle
1507319014,42.4115,0.410613,Idle
1507585722,42.4115,1,Idle
1507852326,42.4115,0.975255,Idle
1508102360,42.4115,1,Idle
1508352395,42.4115,0.882372,Idle
1508603911,42.4115,1,Idle
1508869374,42.4115,0.916308,Idle
1509136082,42.4115,0.642472,Idle
1509403822,42.4115,0.138534,Idle
1509669126,14.9751,1,Idle
1509937293,14.9751,0.769431,Idle
1510202697,14.9751,0.133361,Idle
1510468844,37.9494,1,Idle
1510719089,37.9494,0.800988,Idle
1510985743,37.9494,0.371997,Idle
1511251326,37.9494,0.185975,Idle
1511502334,37.9494,0.167857,Idle
1511768167,37.9494,0.452686,Idle
1512019030,37.9494,1,Idle
1512269967,37.9494,1,Idle
1512535742,37.9494,0.423565,Idle
1512802575,37.9494,0.158467,Idle
1513068617,37.9494,0.321537,Idle
1513318959,37.9494,1,Idle
1513585736,37.9494,1,Idle
1513852396,37.9494,1,Idle
1514118442,37.9494,1,Idle
1514368980,37.9494,0.910986,Idle
1514619021,37.9494,0.836546,Idle
1514869553,37.9494,1,Idle
1515135975,37.9494,0.266138,Idle
1515402035,8.02401,0.116136,Idle
1515652372,8.02401,0.114843,Idle
1515918353,8.02401,0.854215,Idle
1516168954,8.02401,0.968245,Idle
1516435291,8.02401,0.227033,Idle
1516685756,8.02401,0.724424,Idle
1516936339,8.02401,0.879532,Idle
1517202639,8.02401,0.985134,Idle
1517470064,8.02401,0.784206,Idle
1517735908,8.02401,0.900601,Idle
1518003612,8.02401,0.916913,Idle
1518269067,8.02401,1,Idle
1518536789,10.6944,0.716161,Idle
1518803461,10.6944,0.789104,Idle
1519069639,10.6944,0.197178,Idle
1519335513,10.6944,0.131281,Idle
1519603137,37.84,1,Idle
1519869217,37.84,0.9523,Idle
1520135529,37.84,0.555338,Idle
1520385681,35.0557,0.368694,Idle
1520652235,35.0557,0.429022,Idle
1520902328,35.0557,0.129144,Idle
1521168673,35.0557,0.119738,Idle
1521419087,35.0557,0.105911,Idle
1521669171,26.8755,0.777611,Idle
1521936393,26.8755,1,Idle
1522203178,26.8755,0.927323,Idle
1522469811,26.8755,0.933496,Idle
1522735555,26.8755,0.911852,Idle
1522985631,26.8755,0.810711,Idle
1523252346,26.8755,0.640872,Idle
1523519033,16.5055,0.732228,Idle
1523769037,16.5055,0.847767,Idle
1524035753,16.5055,0.115156,Idle
1524301894,50.1716,0.897373,Idle
1524552442,50.1716,0.807152,Idle
1524803217,50.1716,0.72973,Idle
1525069726,50.1716,0.735814,Idle
1525336295,75.6596,1,Idle
1525602695,75.6596,1,Idle
1525869484,75.6596,0.987431,Idle
1526135626,75.6596,0.919465,Idle
1526403684,75.6596,1,Idle
1526668630,56.0834,0.849155,Idle
1526919050,75.6596,1,Idle
1527169152,75.6596,0.208215,Idle
1527434658,75.6596,0.120198,Idle
1527685544,75.6596,0.125226,Idle
1527937218,75.6596,0.738335,Idle
1528202750,75.6596,0.834778,Idle
1528469933,75.6596,1,Idle
1528736800,75.6596,1,Idle
1529002739,75.6596,0.644665,Idle
1529269137,75.6596,0.258505,Idle
1529535486,13.0122,1,Idle
1529803159,13.0122,0.614786,Idle
1530069792,13.0122,0.0828385,Idle
1530336278,77.0876,0.942263,Idle
1530602762,77.0876,0.387411,Idle
1530870387,77.0876,1,Idle
1531135589,77.0876,0.254243,Idle
1531403623,77.0876,0.157812,Idle
1531670092,77.0876,0.0965533,Idle
1531936858,55.2587,0.879041,Idle
1532202529,55.2587,1,Idle
1532468973,55.2587,1,Idle
1532719011,55.2587,0.975582,Idle
1532985760,55.2587,0.247706,Idle
1533252350,55.2587,0.0988158,Idle
1533519045,55.2587,0.222592,Idle
1533785332,26.7565,0.935999,Idle
1534035597,26.7565,0.943437,Idle
1534285810,26.7565,0.978143,Idle
1534536040,26.7565,0.855847,Idle
1534802276,26.7565,0.216826,Idle
1535069859,31.4624,0.855443,Idle
1535336491,26.7565,0.903957,Idle
1535602748,26.7565,0.87317,Idle
1535870061,26.7565,1,Idle
1536136231,26.7565,0.446514,Idle
1536402595,26.7565,0.794417,Idle
1536669563,26.7565,0.923539,Idle
1536936207,26.7565,0.935248,Idle
1537202934,26.7565,0.747242,Idle
1537468978,26.7565,0.947649,Idle
1537736283,26.7565,0.679136,Idle
1538002385,26.7565,1,Idle
1538252700,26.7565,0.634932,Idle
1538518785,14.9371,0.863357,Idle
1538785564,14.9371,1,Idle
1539035624,14.9371,1,Idle
1539285725,14.9371,1,Idle
1539536331,14.9371,1,Idle
1539802869,14.9371,0.973199,Idle
1540069209,14.9371,0.918981,Idle
1540335694,31.4624,0.594408,Idle
1540603591,22.9562,0.135908,Idle
1540869395,22.9562,0.736588,Idle
1541135294,22.9562,1,Idle
1541385674,22.9562,1,Idle
1541635793,22.9562,0.729315,Idle
1541901683,22.9562,0.830791,Idle
1542151759,22.9562,0.90383,Idle
1542403370,22.9562,0.867915,Idle
1542669367,22.9562,1,Idle
1542936478,22.9562,0.853896,Idle
1543202756,22.9562,1,Idle
1543470311,22.9562,1,Idle
1543735913,22.9562,0.78367,Idle
1544002881,22.9562,0.468062,Idle
1544270956,22.9562,0.236891,Idle
1544536456,22.9562,0.0835178,Idle
1544803675,22.9562,0.0691677,Idle
1545070593,22.9562,0.122128,Idle
1545337637,9.0455,0.403732,Idle
1545602120,9.0455,0.529272,Idle
1545869109,9.0455,0.614975,Idle
1546136486,9.0455,0.134022,Idle
1546403713,9.0455,0.163959,Idle
1546670447,9.0455,0.148523,Idle
1546937362,25.3344,0.175619,Idle
1547203911,9.0455,0.099864,Idle
1547469426,16.0382,0.933795,Idle
1547736657,16.0382,0.80426,Idle
1548003285,16.0382,0.931466,Idle
1548268574,16.0382,0.772352,Idle
1548518850,16.0382,0.806485,Idle
1548785269,16.0382,0.704485,Idle
1549051605,16.0382,1,Idle
1549301946,16.0382,0.59176,Idle
1549552107,16.0382,0.402393,Idle
1549802886,16.0382,0.374445,Idle
1550069493,16.0382,0.125476,Idle
1550336801,16.0382,0.119488,Idle
1550603873,16.0382,0.141849,Idle
1550869504,16.0382,0.646281,Idle
1551135938,16.0382,0.737298,Idle
1551403394,12.4351,0.714416,Idle
1551670530,12.4351,1,Idle
1551936409,12.4351,0.32312,Idle
1552202744,77.8505,0.816461,Idle
1552469271,77.8505,0.933583,Idle
1552736112,77.8505,0.710455,Idle
1553003697,77.8505,0.66954,Idle
1553268994,77.8505,0.428642,Idle
1553536015,77.8505,0.730979,Idle
1553803062,77.8505,0.809182,Idle
1554068875,77.8505,0.65052,Idle
1554319013,77.8505,1,Idle
1554585714,50.9211,0.682366,Idle
1554835749,23.9641,0.725679,Idle
1555102356,23.9641,0.691323,Idle
1555367889,52.0379,0.688503,Idle
1555619054,52.0379,0.596763,Idle
1555869393,52.0379,0.351157,Idle
1556136700,52.0379,0.756416,Idle
1556403089,52.0379,0.114601,Idle
1556670462,39.8866,1,Idle
1556937343,39.8866,1,Idle
1557203570,39.8866,0.807949,Idle
1557469994,39.8866,0.775543,Idle
1557736668,39.8866,0.137731,Idle
1558002095,39.8866,0.12188,Idle
1558269786,39.8866,0.481882,Idle
1558536330,39.8866,0.887773,Idle
1558802624,39.8866,0.518302,Idle
1559069126,39.8866,0.726766,Idle
1559336438,38.7632,0.878022,Idle
1559601877,39.8866,0.287565,Idle
1559852399,39.8866,0.394261,Idle
1560118172,17.2275,1,Idle
1560368541,17.2275,0.467029,Idle
1560618987,17.2275,0.174286,Idle
1560870355,17.2275,0.105142,Idle
1561137108,17.2275,0.826404,Idle
1561403359,17.2275,0.689469,Idle
1561670314,17.2275,0.503901,Idle
1561937104,17.2275,0.631642,Idle
1562202786,17.2275,0.280366,Idle
1562470195,17.2275,0.812666,Idle
1562736041,17.2275,0.541207,Idle
1563002292,17.2275,0.694306,Idle
1563270023,18.2401,0.343409,Idle
1563536771,18.2401,0.123951,Idle
1563803848,18.2401,0.125955,Idle
1564068577,18.2401,0.110655,Idle
1564318788,40.216,0.842734,Idle
1564568932,40.216,0.344317,Idle
1564819028,38.0797,0.302871,Idle
1565069587,38.0797,0.693786,Idle
1565336341,38.0797,0.922086,Idle
1565603655,38.0797,1,Idle
1565869710,38.0797,0.240384,Idle
1566136451,21.3526,0.60091,Idle
1566402779,21.3526,0.599749,Idle
1566669889,70.2071,0.512085,Idle
1566936349,70.2071,0.257818,Idle
1567202518,70.2071,0.846026,Idle
1567470018,70.2071,0.841539,Idle
1567736637,70.2071,0.861476,Idle
1568003736,70.2071,0.255994,Idle
1568269608,70.2071,0.590006,Idle
1568536810,70.2071,0.633441,Idle
1568803415,70.2071,0.100194,Idle
1569070425,70.2071,0.167074,Idle
1569335654,70.2071,0.130467,Idle
1569585865,70.2071,0.104136,Idle
1569852383,70.2071,0.091638,Idle
1570118737,64.6062,0.809912,Idle
1570385304,64.6062,0.516291,Idle
1570635381,64.6062,0.211875,Idle
1570901707,64.6062,0.0861855,Idle
1571152074,16.2902,0.675227,Idle
1571403199,16.2902,0.835497,Idle
1571669390,16.2902,1,Idle
1571935697,16.2902,0.829153,Idle
1572185729,16.2902,0.961036,Idle
1572452421,16.2902,0.850449,Idle
1572718614,16.2902,0.446641,Idle
1572985252,16.2902,0.22209,Idle
1573235709,16.2902,0.213776,Idle
1573485903,20.7179,0.702028,Idle
1573735933,20.7179,0.656914,Idle
1574003415,20.7179,0.642177,Idle
1574269994,20.7179,0.147192,Idle
1574536574,56.8272,1,Idle
1574802862,56.8272,0.377224,Idle
1575069560,56.8272,0.636649,Idle
1575336379,56.8272,1,Idle
1575603012,56.8272,1,Idle
1575869471,56.8272,0.263037,Idle
1576137119,56.8272,0.331945,Idle
1576402576,56.8272,0.354256,Idle
1576669508,42.8086,0.945452,Idle
1576936865,42.8086,0.94843,Idle
1577203254,42.8086,1,Idle
1577469757,42.8086,0.880283,Idle
1577735789,42.8086,0.854581,Idle
1578002699,42.8086,0.730373,Idle
1578268277,42.8086,0.648855,Idle
1578519059,42.8086,0.920948,Idle
1578785732,42.8086,0.263268,Idle
1579052457,42.8086,0.176411,Idle
1579319069,42.8086,0.119702,Idle
1579585774,16.5655,1,Idle
1579851943,16.5655,0.806821,Idle
1580101974,16.5655,0.554145,Idle
1580352300,16.5655,0.796732,Idle
1580603082,16.5655,0.862014,Idle
1580869138,16.5655,0.811712,Idle
1581136286,16.5655,0.575815,Idle
1581403587,16.5655,0.0960671,Idle
1581669462,16.5655,0.867556,Idle
1581937298,16.5655,0.723185,Idle
1582202949,16.5655,0.187966,Idle
1582469529,16.5655,0.124352,Idle
1582737137,16.5655,0.116232,Idle
1583002604,16.5655,0.788947,Idle
1583269608,16.5655,0.115911,Idle
1583537172,14.7783,0.738102,Idle
1583802893,14.7783,0.730714,Idle
1584069171,14.7783,0.455788,Idle
1584336896,14.7783,0.692331,Idle
1584603662,14.7783,0.146218,Idle
1584869910,14.7783,0.172929,Idle
1585136144,38.9311,0.468629,Idle
1585403372,38.9311,0.110544,Idle
1585669574,74.0843,0.823853,Idle
1585936823,74.0843,0.298439,Idle
1586203079,74.0843,0.765687,Idle
1586469620,74.0843,0.686331,Idle
1586736534,74.0843,0.740756,Idle
1587003311,74.0843,0.296188,Idle
1587269645,74.0843,0.135404,Idle
1587535877,34.709,0.512217,Idle
1587803567,34.709,0.347038,Idle
1588070017,25.5892,0.89761,Idle
1588336485,25.5892,0.162224,Idle
1588603038,46.8842,0.149365,Idle
1588870653,46.8842,0.109498,Idle
1589136017,79.9989,0.839586,Idle
1589402567,79.9989,0.798782,Idle
1589669948,79.9989,0.379378,Idle
1589937604,79.9989,0.531454,Idle
1590202936,79.9989,0.81016,Idle
1590469570,51.1813,0.733999,Idle
1590736936,51.1813,0.20428,Idle
1591003793,51.1813,0.0974928,Idle
1591269332,70.2772,0.276593,Idle
1591536895,70.2772,0.938978,Idle
1591802353,70.2772,0.252372,Idle
1592069919,70.2772,0.746874,Idle
1592336405,70.2772,0.275457,Idle
1592603698,70.2772,0.655845,Idle
1592869950,70.2772,0.668771,Idle
1593136528,70.2772,0.0937477,Idle
1593403324,22.2295,0.837235,Idle
1593669308,22.2295,1,Idle
1593936997,22.2295,1,Idle
1594203304,22.2295,0.746309,Idle
1594470075,22.2295,1,Idle
1594737486,22.2295,0.849866,Idle
1595003426,22.2295,1,Idle
1595270376,21.4256,1,Idle
1595536494,21.4256,0.868169,Idle
1595803877,25.806,0.930113,Idle
1596070614,25.806,1,Idle
1596336714,25.806,1,Idle
1596603188,25.806,0.545842,Idle
1596869778,25.806,0.352724,Idle
1597136459,25.806,0.117492,Idle
1597402555,32.5962,1,Idle
1597670091,32.5962,0.471769,Idle
1597937308,32.5962,0.465662,Idle
1598203030,32.5962,0.845391,Idle
1598470524,32.5962,0.562679,Idle
1598736704,32.5962,1,Idle
1599002775,32.5962,0.989027,Idle
1599270015,32.5962,0.36483,Idle
1599536707,32.5962,0.107489,Idle
1599803456,32.5962,0.0974406,Idle
1600069628,32.5962,0.102758,Idle
1600337091,25.1861,0.578103,Idle
1600603505,25.1861,0.354739,Idle
1600869966,19.7259,0.716313,Idle
1601135770,19.7259,0.261109,Idle
1601403004,35.1226,0.469004,Idle
1601670129,35.1226,0.134543,Idle
1601937448,35.1226,0.133205,Idle
1602202301,49.9719,1,Idle
1602469456,49.9719,0.834379,Idle
1602736998,49.9719,1,Idle
1603003086,48.2976,1,Idle
1603270276,49.9719,1,Idle
1603536930,49.9719,0.782557,Idle
1603802725,49.9719,0.446206,Idle
1604069672,49.9719,0.189045,Idle
1604336086,49.9719,0.901962,Idle
1604603804,49.9719,0.912949,Idle
1604869686,49.9719,0.30005,Idle
1605137149,49.9719,0.15295,Idle
1605402842,16.9644,1,Idle
1605669944,16.9644,1,Idle
1605937326,16.9644,0.319508,Idle
1606203354,16.9644,0.764163,Idle
1606468607,16.9644,0.64683,Idle
1606718955,28.462,0.742554,Idle
1606985313,28.462,0.918998,Idle
1607252445,28.462,0.69276,Idle
1607518922,28.462,0.861226,Idle
1607785359,28.462,0.923547,Idle
1608052181,28.462,0.728639,Idle
1608318116,28.462,0.792773,Idle
1608585597,28.462,0.558792,Idle
1608851820,28.462,0.241879,Idle
1609102394,28.462,0.145235,Idle
1609368882,19.3561,0.757321,Idle
1609635501,19.3561,0.385472,Idle
1609902310,50.2372,0.657064,Idle
1610169065,50.2372,0.829167,Idle
1610435661,50.2372,0.510988,Idle
1610702386,50.2372,0.387698,Idle
1610968581,50.2372,1,Idle
1611219066,50.2372,0.40258,Idle
1611470160,29.3509,0.643204,Idle
1611736487,29.3509,0.799204,Idle
1612002938,29.3509,0.803034,Idle
1612269873,29.3509,0.934037,Idle
1612536267,29.3509,0.809208,Idle
1612803406,29.3509,0.852666,Idle
1613070000,29.3509,0.781729,Idle
1613335995,29.3509,1,Idle
1613603309,29.3509,1,Idle
1613869447,29.3509,0.821633,Idle
1614135752,29.3509,0.258934,Idle
1614403399,29.3509,0.225347,Idle
1614670007,12.466,0.794635,Idle
1614936973,12.466,1,Idle
1615203352,12.466,0.83097,Idle
1615469783,12.466,1,Idle
1615735675,12.466,0.879929,Idle
1615985746,12.466,0.105951,Idle
1616251899,12.466,0.160371,Idle
1616501908,12.466,0.117236,Idle
1616751928,12.466,0.14006,Idle
1617003406,12.466,0.906377,Idle
1617269731,12.466,0.449858,Idle
1617536667,12.466,0.565358,Idle
1617803286,12.466,0.735802,Idle
1618069540,12.466,1,Idle
1618336097,12.466,0.142948,Idle
1618603023,12.466,1,Idle
1618870125,12.466,0.83728,Idle
1619136822,12.466,0.776757,Idle
1619403846,12.466,0.450114,Idle
1619669562,12.466,0.392657,Idle
1619936831,12.466,0.104606,Idle
1620203497,8.70422,0.33706,Idle
1620469077,8.70422,0.753875,Idle
1620737024,8.70422,0.243197,Idle
1621003444,8.70422,0.131155,Idle
1621269372,8.70422,0.120598,Idle
1621536545,8.70422,0.108356,Idle
1621803244,8.70422,0.113707,Idle
1622069795,18.9489,1,Idle
1622336817,18.9489,1,Idle
1622602758,18.9489,0.850639,Idle
1622870171,18.9489,0.713942,Idle
1623136368,18.9489,0.78616,Idle
1623404075,18.9489,0.866252,Idle
1623670193,18.9489,0.805732,Idle
1623937617,18.9489,0.891606,Idle
1624203044,18.9489,1,Idle
1624469469,18.9489,1,Idle
1624737129,18.9489,1,Idle
1625002580,18.9489,0.81969,Idle
1625269046,18.9489,0.111672,Idle
1625519119,17.6906,0.945445,Idle
1625785718,17.6906,0.369276,Idle
1626052057,17.6906,0.504821,Idle
1626302336,17.6906,0.843746,Idle
1626568917,17.6906,0.808252,Idle
1626819016,17.6906,0.840254,Idle
1627069041,17.6906,0.134044,Idle
1627319077,17.6906,0.108678,Idle
1627584869,30.8882,0.657683,Idle
1627835586,30.8882,0.732906,Idle
1628102349,30.8882,0.203389,Idle
1628368920,75.8169,0.819883,Idle
1628618971,75.8169,0.794782,Idle
1628869657,75.8169,0.259544,Idle
1629137283,75.8169,0.226408,Idle
1629403577,65.1393,1,Idle
1629669631,65.1393,0.978384,Idle
1629937443,65.1393,1,Idle
1630203632,65.1393,0.184657,Idle
1630469791,42.4638,0.362114,Idle
1630736538,42.4638,0.0887349,Idle
1631003385,42.4638,0.131461,Idle
1631269285,42.4638,0.111524,Idle
1631536124,59.6825,0.7356,Idle
1631803126,59.6825,0.830871,Idle
1632069802,59.6825,0.904024,Idle
1632335762,59.6825,0.666225,Idle
1632603105,59.6825,0.748799,Idle
1632869393,59.6825,0.174543,Idle
1633135934,59.6825,0.139146,Idle
1633402569,59.6825,0.0893085,Idle
1633670210,59.6825,0.817801,Idle
1633936813,59.6825,0.473841,Idle
1634203048,59.6825,0.506441,Idle
1634469381,59.6825,0.437394,Idle
1634736468,17.7568,1,Idle
1635003447,17.7568,0.26627,Idle
1635268496,17.7568,0.114215,Idle
1635518914,53.6226,0.706459,Idle
1635768973,53.6226,0.279824,Idle
1636034536,75.903,0.883121,Idle
1636284938,75.903,0.139767,Idle
1636535146,75.903,0.947328,Idle
1636785698,75.903,0.925083,Idle
1637035755,75.903,0.698016,Idle
1637302345,75.903,0.310399,Idle
1637568682,75.903,0.523045,Idle
1637819006,75.903,0.127431,Idle
1638085721,75.903,0.126149,Idle
1638336206,75.903,0.106015,Idle
1638602879,24.1866,0.670821,Idle
1638869523,24.1866,0.798206,Idle
1639137432,24.1866,0.686241,Idle
1639403119,24.1866,0.706637,Idle
1639669936,24.1866,0.944254,Idle
1639937123,24.1866,0.376438,Idle
1640201963,24.1866,0.442016,Idle
1640452260,24.1866,0.117982,Idle
1640719008,24.1866,0.576978,Idle
1640985601,24.1866,0.434897,Idle
1641235692,24.1866,0.118723,Idle
1641502337,24.1866,0.0814117,Idle
1641752367,24.1866,0.129482,Idle
1642003009,24.1866,0.107644,Idle
1642268759,24.1866,0.454458,Idle
1642536721,24.1866,0.233661,Idle
1642803105,14.1759,0.78722,Idle
1643070064,14.1759,0.984034,Idle
1643336999,14.1759,0.340416,Idle
1643601980,48.9241,0.558451,Idle
1643870408,48.9241,0.337358,Idle
1644136620,48.9241,0.408249,Idle
1644403014,48.9241,0.427792,Idle
1644669765,48.9241,0.168543,Idle
1644937468,48.9241,0.144049,Idle
1645204374,48.9241,0.117304,Idle
1645468694,48.9241,0.183178,Idle
1645736842,24.2047,0.98594,Idle
1646002900,24.2047,0.524911,Idle
1646269332,52.1254,0.799498,Idle
1646536465,52.1254,0.384454,Idle
1646803771,52.1254,0.128906,Idle
1647070251,52.1254,0.0975565,Idle
1647337312,53.7973,0.653269,Idle
1647603272,53.7973,0.740736,Idle
1647870098,53.7973,0.145409,Idle
1648138945,53.7973,0.403464,Idle
1648403901,53.7973,0.788378,Idle
1648669347,53.7973,0.814374,Idle
1648936636,53.7973,0.898187,Idle
1649202986,53.7973,0.318132,Idle
1649470328,53.7973,0.234023,Idle
1649736263,53.7973,0.721039,Idle
1650004104,53.7973,0.722318,Idle
1650269431,53.7973,0.888313,Idle
1650536376,53.7973,0.338092,Idle
1650803295,17.166,0.851471,Idle
1651069204,17.166,0.614144,Idle
1651337500,17.166,0.321666,Idle
1651603527,43.2052,0.353971,Idle
1651869984,43.2052,0.108304,Idle
1652137401,43.2052,0.0910281,Idle
1652402569,43.2052,0.0963156,Idle
1652668639,43.2052,0.101534,Idle
1652937420,35.0078,0.819718,Idle
1653203097,35.0078,0.810136,Idle
1653470114,35.0078,0.97832,Idle
1653739652,35.0078,0.878524,Idle
1654002890,35.0078,1,Idle
1654270011,35.0078,0.242474,Idle
1654536375,40.0735,0.271601,Idle
1654803470,40.0735,0.282019,Idle
1655070148,40.0735,0.132365,Idle
1655336389,40.0735,1,Idle
1655602595,51.7754,0.678828,Idle
1655870543,29.0751,1,Idle
1656135266,29.0751,0.9836,Idle
1656385386,29.0751,0.354143,Idle
1656635749,29.0751,0.151177,Idle
1656902140,29.0751,0.194315,Idle
1657168619,22.7744,0.242705,Idle
1657418762,22.7744,0.668395,Idle
1657670218,22.7744,0.942155,Idle
1657936954,22.7744,0.20704,Idle
1658202828,22.7744,0.122459,Idle
1658469851,22.7744,0.105885,Idle
1658736624,22.7744,0.282554,Idle
1659004029,22.7744,0.301133,Idle
1659269822,20.8064,0.550817,Idle
1659536828,20.8064,0.710449,Idle
1659803159,20.8064,0.409332,Idle
1660069485,20.8064,0.119513,Idle
1660335242,20.8064,0.725581,Idle
1660585755,38.809,0.267373,Idle
1660852007,16.6091,0.6671,Idle
1661102154,16.6091,1,Idle
1661368707,16.6091,0.487956,Idle
1661618992,16.6091,0.762114,Idle
1661869324,16.6091,0.661188,Idle
1662136720,16.6091,0.791307,Idle
1662403159,17.217,0.821251,Idle
1662669522,17.217,1,Idle
1662936097,17.217,0.732288,Idle
1663203579,17.217,0.819638,Idle
1663468881,17.217,0.811589,Idle
1663735959,17.217,0.471467,Idle
1664003305,19.0561,0.245943,Idle
1664270621,19.0561,0.766741,Idle
1664536730,19.0561,0.700796,Idle
1664803168,19.0561,0.949572,Idle
1665069418,19.0561,0.62771,Idle
1665337221,31.8514,0.853098,Idle
1665603591,31.8514,0.638774,Idle
1665869996,31.8514,0.72799,Idle
1666136866,31.8514,0.431275,Idle
1666402450,31.8514,0.133354,Idle
1666669942,31.8514,0.111609,Idle
1666936711,24.3122,0.719065,Idle
1667203013,24.3122,0.893334,Idle
1667469758,24.3122,0.163126,Idle
1667736177,24.3122,0.790991,Idle
1668001979,24.3122,0.636322,Idle
1668252289,24.3122,0.837133,Idle
1668519093,24.3122,0.85683,Idle
1668785403,24.3122,0.412427,Idle
1669035570,22.0117,0.753173,Idle
1669301953,22.0117,0.445023,Idle
1669569050,22.0117,0.989369,Idle
1669835414,22.0117,0.606982,Idle
1670085629,22.0117,0.476115,Idle
1670336168,22.0117,0.310211,Idle
1670603534,22.0117,0.363935,Idle
1670869684,22.0117,0.181802,Idle
1671135951,22.0117,0.765274,Idle
1671402884,22.0117,1,Idle
1671669445,22.0117,0.914499,Idle
1671936536,22.0117,0.362524,Idle
1672203709,22.0117,0.315998,Idle
1672470330,22.0117,0.794802,Idle
1672736912,22.0117,0.155205,Idle
1673003442,12.2167,0.758181,Idle
1673269849,12.2167,0.755231,Idle
1673536403,12.2167,0.714994,Idle
1673803007,12.2167,0.764478,Idle
1674069838,12.2167,0.480464,Idle
1674337317,12.2167,0.307113,Idle
1674602701,12.2167,0.472948,Idle
1674869932,12.2167,0.170502,Idle
1675136356,22.8579,0.759511,Idle
1675403610,22.8579,0.421416,Idle
1675670758,22.8579,0.339638,Idle
1675936943,22.8579,0.0987552,Idle
1676202440,22.8579,0.108199,Idle
1676452510,22.8579,0.17441,Idle
1676719087,23.5463,0.314293,Idle
1676985540,23.5463,0.829081,Idle
1677235766,23.5463,0.23815,Idle
1677501502,50.5147,0.644235,Idle
1677752078,50.5147,0.203103,Idle
1678003016,50.5147,0.871969,Idle
1678269628,50.5147,0.954624,Idle
1678536241,50.5147,0.370166,Idle
1678802970,37.046,0.822095,Idle
1679069829,37.046,0.729195,Idle
1679336346,37.046,1,Idle
1679604013,37.046,0.591984,Idle
1679870305,37.046,0.783143,Idle
1680136532,37.046,0.251361,Idle
1680402763,30.0023,0.747218,Idle
1680670327,30.0023,0.292049,Idle
1680936776,30.0023,0.17915,Idle
1681202867,30.0023,0.132132,Idle
1681470297,30.0023,0.124491,Idle
1681736466,25.7489,1,Idle
1682002181,25.7489,0.600807,Idle
1682252290,25.7489,0.677131,Idle
1682518422,25.7489,0.606533,Idle
1682769045,25.7489,0.974374,Idle
1683035685,25.7489,0.150921,Idle
1683302334,25.7489,0.11328,Idle
1683568617,25.7489,0.13938,Idle
1683835356,16.2791,0.900425,Idle
1684101936,16.2791,0.741841,Idle
1684352219,16.2791,0.770999,Idle
1684604342,16.2791,0.990406,Idle
1684870539,16.2791,0.645941,Idle
1685137305,16.2791,0.46603,Idle
1685403365,16.2791,0.291627,Idle
1685670353,16.2791,0.9693,Idle
1685936396,16.2791,1,Idle
1686202660,16.2791,0.855457,Idle
1686470217,16.2791,0.621424,Idle
1686737038,16.2791,0.492747,Idle
1687003745,16.2791,0.947403,Idle
1687270082,16.2791,0.662409,Idle
1687536634,16.2791,0.108874,Idle
1687802761,12.0372,0.46574,Idle
1688069005,12.0372,0.264295,Idle
1688336404,12.0372,0.197932,Idle
1688602758,12.0372,0.123638,Idle
1688869930,12.0372,0.164898,Idle
1689136236,12.0372,0.122294,Idle
1689403347,26.8966,0.224123,Idle
1689668769,67.626,0.790256,Idle
1689918995,67.626,0.810215,Idle
1690185702,67.626,0.903745,Idle
1690452309,67.626,0.882601,Idle
1690702430,67.626,0.481024,Idle
1690969014,67.626,0.677003,Idle
1691235654,67.626,0.683609,Idle
1691501777,67.626,0.460169,Idle
1691769096,67.626,0.437858,Idle
1692035785,67.626,0.117687,Idle
1692301828,67.626,0.135923,Idle
1692568911,67.626,0.142653,Idle
1692819006,67.626,0.168712,Idle
1693070256,67.626,0.150679,Idle
1693336582,13.3845,0.675094,Idle
1693602632,13.3845,0.877079,Idle
1693870046,13.3845,0.846707,Idle
1694137331,13.3845,0.248994,Idle
1694402576,29.1009,0.699839,Idle
1694652581,29.1009,0.242639,Idle
1694918919,29.1009,0.629102,Idle
1695185578,29.1009,0.905124,Idle
1695452418,29.1009,0.999739,Idle
1695719036,29.1009,0.847029,Idle
1695969101,29.1009,0.506531,Idle
1696235176,29.1009,0.542985,Idle
1696485639,32.7286,0.242601,Idle
1696737326,29.1009,0.354655,Idle
1697003372,29.1009,0.144391,Idle
1697269424,21.2196,0.836106,Idle
1697536720,21.2196,0.484679,Idle
1697802169,21.2196,0.719371,Idle
1698052430,21.2196,0.599739,Idle
1698302439,21.2196,0.632116,Idle
1698568959,21.2196,0.327685,Idle
1698835457,21.2196,0.306355,Idle
1699102407,21.2196,0.110837,Idle
1699369116,21.2196,0.123806,Idle
1699634678,21.2196,0.451198,Idle
1699885504,21.2196,0.746188,Idle
1700136586,21.2196,0.254472,Idle
1700403778,21.2196,0.661615,Idle
1700670698,21.2196,0.451964,Idle
1700936206,21.2196,0.440775,Idle
1701203747,21.2196,1,Idle
1701468713,21.2196,0.647051,Idle
1701718796,21.2196,0.860423,Idle
1701968919,21.2196,0.284557,Idle
1702235745,16.7833,1,Idle
1702502030,16.7833,0.922104,Idle
1702752045,16.7833,0.206602,Idle
1703002806,16.7833,0.0981659,Idle
1703270045,31.3723,1,Idle
1703537317,31.3723,0.898804,Idle
1703803317,31.3723,0.21676,Idle
1704069529,54.0189,0.784865,Idle
1704336916,54.0189,0.734248,Idle
1704603476,54.0189,0.144471,Idle
1704868939,54.0189,0.110985,Idle
1705136755,31.4188,0.600758,Idle
1705403163,31.4188,0.921236,Idle
1705670420,31.4188,0.74603,Idle
1705937298,31.4188,0.520138,Idle
1706203608,31.4188,0.236564,Idle
1706470394,31.4188,0.739344,Idle
1706737182,31.4188,0.591584,Idle
1707003472,31.4188,0.487734,Idle
1707271071,31.4188,0.657033,Idle
1707536863,16.6704,0.50121,Idle
1707803662,16.6704,0.184205,Idle
1708069913,16.6704,0.118109,Idle
1708336822,16.6704,0.117876,Idle
1708601985,16.6704,0.10837,Idle
1708869393,16.6704,0.215116,Idle
1709137359,16.6704,0.264208,Idle
1709402686,16.6704,0.124924,Idle
1709669698,16.6704,0.119418,Idle
1709935509,16.6704,0.105477,Idle
1710202936,16.6704,0.116763,Idle
1710469543,16.1305,0.316768,Idle
1710736286,16.1305,0.738002,Idle
1711002453,31.5869,0.287624,Idle
1711269362,36.5111,0.61554,Idle
1711535806,36.5111,1,Idle
1711802741,36.5111,0.707663,Idle
1712068591,36.5111,0.601867,Idle
1712318813,36.5111,0.106011,Idle
1712585543,36.5111,0.125713,Idle
1712835588,36.5111,0.097508,Idle
1713085625,36.5111,0.111831,Idle
1713336104,36.5111,0.0954723,Idle
1713602244,36.5111,0.0911187,Idle
1713852392,36.5111,0.138731,Idle
1714118934,36.5111,0.659194,Idle
1714369078,14.6897,0.762254,Idle
1714634481,14.6897,0.780877,Idle
1714902393,14.6897,0.221755,Idle
1715167605,14.6897,0.345471,Idle
1715418691,34.8154,1,Idle
1715669330,34.8154,0.14982,Idle
1715936540,34.8154,0.120174,Idle
1716202330,34.8154,0.13264,Idle
1716468986,34.8154,0.097234,Idle
1716719005,34.8154,0.0900539,Idle
1716969069,20.7119,0.802188,Idle
1717235749,20.7119,0.751122,Idle
1717501371,52.323,0.36198,Idle
1717752268,52.323,1,Idle
1718002560,52.323,1,Idle
1718269160,52.323,0.110535,Idle
1718535761,52.323,0.0952705,Idle
1718802655,43.2768,1,Idle
1719069421,43.2768,0.52252,Idle
1719335542,43.2768,0.121499,Idle
1719602571,43.2768,0.0928225,Idle
1719868448,52.7698,0.910492,Idle
1720135554,52.7698,0.862429,Idle
1720385660,52.7698,0.837581,Idle
1720652059,52.7698,1,Idle
1720902337,52.7698,0.636466,Idle
1721167864,52.7698,0.866336,Idle
1721418240,52.7698,0.49641,Idle
1721669287,52.7698,0.862636,Idle
1721936417,52.7698,1,Idle
1722202823,52.7698,0.923325,Idle
1722469539,52.7698,0.81437,Idle
1722736236,52.7698,0.918671,Idle
1723002659,52.7698,0.96574,Idle
1723268601,52.7698,0.888637,Idle
1723519064,52.7698,0.331052,Idle
1723785837,15.9146,0.563211,Idle
1724052257,15.9146,0.814886,Idle
1724319015,15.9146,0.62682,Idle
1724569059,42.8275,0.772863,Idle
1724835682,42.8275,0.965134,Idle
1725101068,42.8275,1,Idle
1725351442,42.8275,1,Idle
1725602176,42.8275,0.965384,Idle
1725852379,42.8275,0.490437,Idle
1726118780,28.1343,1,Idle
1726385478,28.1343,0.564099,Idle
1726651939,28.1343,0.380887,Idle
1726917855,28.1343,0.24178,Idle
1727168459,34.9684,0.510013,Idle
1727419071,34.9684,1,Idle
1727684842,34.9684,1,Idle
1727935573,34.9684,0.655862,Idle
1728202631,34.9684,0.726137,Idle
1728469315,29.5879,1,Idle
1728736141,29.5879,1,Idle
1729002410,29.5879,0.788946,Idle
1729269880,29.5879,1,Idle
1729535861,29.5879,0.762877,Idle
1729802014,29.5879,1,Idle
1730052225,29.5879,0.965863,Idle
1730319028,29.5879,0.77212,Idle
1730585720,29.5879,0.48657,Idle
1730852067,17.2695,0.762211,Idle
1731118590,17.2695,0.867611,Idle
1731368907,17.2695,0.792955,Idle
1731618979,17.2695,0.983818,Idle
1731869271,17.2695,0.611676,Idle
1732135806,44.6122,0.871251,Idle
1732402382,44.6122,0.926546,Idle
1732669209,70.1896,0.867245,Idle
1732936400,70.1896,0.703136,Idle
1733203381,70.1896,0.899024,Idle
1733469447,70.1896,0.572193,Idle
1733736500,47.5964,0.814541,Idle
1734001864,47.5964,1,Idle
1734252057,47.5964,0.895021,Idle
1734518305,47.5964,0.905582,Idle
1734768497,47.5964,0.968184,Idle
1735035219,47.5964,0.653821,Idle
1735285733,47.5964,0.33701,Idle
1735535863,47.5964,0.324886,Idle
1735802203,47.5964,0.392124,Idle
1736052353,47.5964,0.143479,Idle
1736318610,39.9528,0.111274,Idle
1736569028,39.9528,0.128603,Idle
1736835835,21.5542,0.564307,Idle
1737102391,21.5542,0.342436,Idle
1737369034,40.4279,0.516607,Idle
1737634523,21.5542,1,Idle
1737885763,21.5542,0.74692,Idle
1738152340,21.5542,1,Idle
1738418967,21.5542,0.554659,Idle
1738670252,21.5542,0.187947,Idle
1738936138,21.5542,0.717433,Idle
1739203145,21.5542,0.898094,Idle
1739472852,21.5542,0.227955,Idle
1739736320,18.6189,0.946765,Idle
1740002497,18.6189,1,Idle
1740268942,18.6189,0.785171,Idle
1740536222,18.6189,0.874325,Idle
1740802187,18.6189,0.395148,Idle
1741052440,18.6189,0.109962,Idle
1741318994,18.6189,0.665751,Idle
1741585630,18.6189,0.988404,Idle
1741852392,18.6189,1,Idle
1742118418,18.6189,0.387143,Idle
1742369026,18.6189,0.948891,Idle
1742635692,18.6189,0.463014,Idle
1742901954,18.6189,0.114503,Idle
1743152249,18.6189,0.774024,Idle
1743402468,18.6189,0.385587,Idle
1743669113,18.6189,0.871833,Idle
1743935805,18.6189,0.951448,Idle
1744202497,18.6189,0.908209,Idle
1744469808,18.6189,0.132389,Idle
1744736386,14.5839,0.957397,Idle
1745002414,14.5839,0.171145,Idle
1745268977,55.8076,0.964128,Idle
1745535795,55.8076,0.568793,Idle
1745802341,106.489,0.899635,Idle
1746069598,106.489,0.810493,Idle
1746335882,106.489,0.765347,Idle
1746603291,106.489,0.934588,Idle
1746869990,106.489,0.880571,Idle
1747136113,106.489,0.971248,Idle
1747402371,106.489,0.869995,Idle
1747668996,106.489,0.909052,Idle
1747935780,106.489,0.575014,Idle
1748202230,65.9155,0.569967,Idle
1748452369,65.9155,0.305554,Idle
1748717973,65.9155,1,Idle
1748985714,92.9173,0.427406,Idle
1749252368,92.9173,0.424844,Idle
1749518746,92.9173,0.78736,Idle
1749769089,92.9173,0.183399,Idle
1750035655,92.9173,0.12927,Idle
1750300988,92.9173,0.124965,Idle
1750551113,92.9173,0.267903,Idle
1750802664,92.9173,0.767536,Idle
1751069008,92.9173,0.129857,Idle
1751336747,92.9173,0.0832471,Idle
1751603067,92.9173,0.114524,Idle
1751868979,92.9173,0.580906,Idle
1752119018,92.9173,0.84133,Idle
1752369060,92.9173,0.68583,Idle
1752635434,92.9173,0.243492,Idle
1752885509,12.3656,0.784856,Idle
1753151335,12.3656,0.933868,Idle
1753403148,12.3656,0.682114,Idle
1753669308,12.3656,0.813326,Idle
1753935657,12.3656,0.882735,Idle
1754185757,12.3656,1,Idle
1754452281,12.3656,0.133515,Idle
1754718880,31.9778,0.959045,Idle
1754985682,31.9778,0.365061,Idle
1755252335,78.0887,0.325202,Idle
1755519013,78.0887,0.881183,Idle
1755785674,78.0887,0.107568,Idle
1756052180,46.7765,0.838389,Idle
1756318996,46.7765,1,Idle
1756585695,46.7765,0.618941,Idle
1756851991,46.7765,0.635046,Idle
1757118567,46.7765,0.571548,Idle
1757385239,46.7765,0.60375,Idle
1757652063,46.7765,0.149328,Idle
1757918959,46.7765,0.403661,Idle
1758185707,23.8837,0.905852,Idle
1758452293,23.8837,0.705834,Idle
1758718589,23.8837,0.556924,Idle
1758968673,23.8837,0.762899,Idle
1759219012,23.8837,0.995762,Idle
1759469960,23.8837,0.219299,Idle
1759736730,23.8837,0.445834,Idle
1760002484,30.3615,0.936637,Idle
1760269159,30.3615,0.422653,Idle
1760535981,30.3615,1,Idle
1760803148,30.3615,0.894174,Idle
1761069711,30.3615,0.886501,Idle
1761335913,30.3615,0.834644,Idle
1761602179,30.3615,0.687973,Idle
1761869073,30.3615,0.146236,Idle
1762136869,30.6859,1,Idle
1762402980,30.6859,1,Idle
1762669307,30.6859,0.711642,Idle
1762936521,30.6859,0.180984,Idle
1763203119,30.6859,0.0711436,Idle
1763468726,30.6859,0.0903183,Idle
1763718835,30.6859,1,Idle
1763985629,30.6859,1,Idle
1764252318,30.6859,0.397361,Idle
1764502361,27.8,1,Idle
1764768604,27.8,0.740674,Idle
1765018840,27.8,0.56676,Idle
1765269007,27.8,0.22345,Idle
1765519029,35.712,0.584001,Idle
1765785653,35.712,0.224483,Idle
1766035710,35.712,0.81412,Idle
1766302212,35.712,0.916277,Idle
1766567932,35.712,0.799239,Idle
1766819002,35.712,0.813215,Idle
1767069239,35.712,1,Idle
1767336696,35.712,0.173101,Idle
1767602763,22.8584,0.853843,Idle
1767868970,22.8584,0.903367,Idle
1768119049,22.8584,0.977184,Idle
1768385764,22.8584,0.654413,Idle
1768652376,22.8584,0.825402,Idle
1768919017,22.8584,0.616164,Idle
1769185703,22.8584,0.107887,Idle
1769452364,22.8584,0.104215,Idle
1769718997,21.0521,0.758968,Idle
1769985523,21.0521,0.978996,Idle
1770235664,21.0521,1,Idle
1770485751,21.0521,0.264397,Idle
1770736128,21.0521,0.185063,Idle
1771002960,47.2181,0.786106,Idle
1771269175,47.2181,0.87954,Idle
1771536600,47.2181,0.894215,Idle
1771802801,47.2181,0.850721,Idle
1772069574,47.2181,0.93617,Idle
1772335614,47.2181,0.956998,Idle
1772602365,47.2181,0.905214,Idle
1772852366,47.2181,0.898416,Idle
1773102373,47.2181,0.156589,Idle
1773368935,47.2181,0.879754,Idle
1773635232,34.9709,0.891856,Idle
1773901865,34.9709,0.168938,Idle
1774168721,21.2771,1,Idle
1774434565,21.2771,1,Idle
1774685540,21.2771,0.778157,Idle
1774936615,21.2771,0.363109,Idle
1775202110,31.6099,0.952182,Idle
1775469386,31.6099,0.99869,Idle
1775735736,31.6099,0.830844,Idle
1776002736,31.6099,1,Idle
1776270000,31.6099,0.749853,Idle
1776535855,30.6775,0.552564,Idle
1776802817,30.6775,0.371566,Idle
1777069915,30.6775,0.597679,Idle
1777336598,30.6775,0.565279,Idle
1777602934,38.1403,1,Idle
1777869059,38.1403,1,Idle
1778136162,38.1403,0.853223,Idle
1778402526,38.1403,0.195899,Idle
1778669729,38.1403,0.292004,Idle
1778935938,30.6915,0.55175,Idle
1779203043,41.6966,1,Idle
1779469801,41.6966,0.448973,Idle
1779735659,41.6966,0.196196,Idle
1780002849,41.6966,0.987426,Idle
1780269092,41.6966,0.745317,Idle
1780536652,38.066,0.527141,Idle
1780802677,38.066,0.538671,Idle
1781069953,38.066,0.449469,Idle
1781335684,31.2353,0.904928,Idle
1781585712,31.2353,1,Idle
1781851570,31.2353,0.429704,Idle
1782102205,31.2353,0.499968,Idle
1782368600,31.2353,0.790643,Idle
1782619027,31.2353,0.628653,Idle
1782869444,39.4514,0.611009,Idle
1783135906,39.4514,0.263305,Idle
1783403108,39.4514,0.335788,Idle
1783669206,30.376,0.619097,Idle
1783935980,30.376,0.322495,Idle
1784203606,79.5598,0.558958,Idle
1784468605,79.5598,0.324595,Idle
1784719017,79.5598,0.216574,Idle
1784985658,79.5598,0.409531,Idle
1785252379,52.3874,0.240941,Idle
1785518910,52.3874,0.164164,Idle
1785785657,52.3874,0.118076,Idle
1786052419,52.3874,0.206681,Idle
1786318983,40.6639,1,Idle
1786584317,40.6639,0.991587,Idle
1786835639,40.6639,0.794125,Idle
1787085711,40.6639,0.782781,Idle
1787336252,40.6639,0.948925,Idle
1787602332,38.5868,0.992603,Idle
1787868876,40.6639,0.8193,Idle
1788136696,40.6639,0.828033,Idle
1788402635,40.6639,0.965291,Idle
1788670135,40.6639,1,Idle
1788936386,40.6639,1,Idle
1789202861,40.6639,0.844329,Idle
1789469624,40.6639,0.815276,Idle
1789736076,40.6639,0.697125,Idle
1790002575,40.6639,0.242591,Idle
1790269842,15.1955,1,Idle
1790536706,15.1955,1,Idle
1790801998,56.0913,1,Idle
1791052207,56.0913,1,Idle
1791317875,56.0913,0.995512,Idle
1791568306,56.0913,0.738403,Idle
1791835253,56.0913,0.854832,Idle
1792102392,56.0913,0.996367,Idle
1792368996,56.0913,0.218547,Idle
1792635639,23.4564,0.658609,Idle
1792902062,23.4564,0.861356,Idle
1793167967,23.4564,0.809661,Idle
1793418117,23.4564,0.806708,Idle
1793669709,23.4564,0.115245,Idle
1793936008,23.4564,0.265393,Idle
1794202904,23.4564,0.590219,Idle
1794469142,23.8419,0.390183,Idle
1794736228,23.8419,0.727487,Idle
1795002590,65.3368,0.772686,Idle
1795268882,65.3368,0.727346,Idle
1795536124,65.3368,0.80372,Idle
1795802091,65.3368,0.684013,Idle
1796052372,36.0191,0.758332,Idle
1796319040,36.0191,0.208052,Idle
1796585262,36.0191,0.482439,Idle
1796852231,50.3994,0.817677,Idle
1797118410,50.3994,0.260523,Idle
1797368849,46.9172,1,Idle
1797618997,46.9172,0.93923,Idle
1797869165,46.9172,0.122801,Idle
1798136913,46.9172,0.356558,Idle
1798402769,52.0821,1,Idle
1798668995,52.0821,0.566273,Idle
1798936116,52.0821,0.540084,Idle
1799202923,56.5643,0.736592,Idle
1799469056,56.5643,0.454566,Idle
1799735458,56.5643,0.19595,Idle
1800002894,56.5643,0.297936,Idle
1800269537,49.6708,0.614357,Idle
1800536894,43.6234,0.985785,Idle
1800802108,54.4744,1,Idle
1801052354,54.4744,1,Idle
1801318858,54.4744,1,Idle
1801585440,58.5735,0.794069,Idle
1801852207,58.5735,1,Idle
1802102382,58.5735,0.850907,Idle
1802368754,58.5735,0.905774,Idle
1802635066,58.5735,0.427639,Idle
1802901065,36.8905,1,Idle
1803151662,36.8905,1,Idle
1803403092,36.8905,0.687752,Idle
1803669738,33.341,0.937627,Idle
1803936244,35.8056,0.57591,Idle
1804202905,35.8056,0.576551,Idle
1804468924,35.8056,0.686353,Idle
1804735962,49.0103,0.724567,Idle
1805002771,49.0103,0.657839,Idle
1805269359,49.0103,0.576631,Idle
1805536245,56.8328,1,Idle
1805802403,56.8328,0.228432,Idle
1806070093,41.1406,0.451521,Idle
1806336348,41.1406,0.241828,Idle
1806602795,41.1406,0.857554,Idle
1806868942,41.1406,0.604535,Idle
1807118967,41.1406,0.623047,Idle
1807385118,39.3955,0.586395,Idle
1807635347,39.3955,0.510989,Idle
1807885715,74.3823,0.403831,Idle
1808135939,74.3823,1,Idle
1808402480,73.6846,1,Idle
1808670503,73.6846,1,Idle
1808937508,73.6846,1,Idle
1809203958,73.6846,1,Idle
1809469515,43.5621,1,Idle
1809735739,43.5621,1,Idle
1810002867,43.5621,1,Idle
1810269942,43.5621,1,Idle
1810536198,43.5621,1,Idle
1810802627,43.5621,1,Idle
1811069421,43.5621,1,Idle
1811336810,43.5621,0.707228,Idle
1811602987,43.5621,1,Idle
1811868965,43.5621,1,Idle
1812136168,43.5621,1,Idle
1812402844,43.5621,0.473055,Idle
1812669841,26.6588,0.967324,Idle
1812935820,26.6588,0.850694,Idle
1813203520,26.6588,0.267491,Idle
1813469034,67.9375,0.849376,Idle
1813735203,67.9375,1,Idle
1813985652,67.9375,0.354242,Idle
1814251912,53.9743,1,Idle
1814502029,53.9743,1,Idle
1814768978,24.0093,1,Idle
1815018993,24.0093,0.968672,Idle
1815284802,24.0093,1,Idle
1815536605,24.0093,0.557786,Idle
1815803242,46.7491,1,Idle
1816069914,24.0093,0.836771,Idle
1816336196,23.2512,0.353616,Idle
1816602378,32.9813,1,Idle
1816870174,32.9813,0.937603,Idle
1817136149,32.9813,1,Idle
1817402373,32.9813,1,Idle
1817669341,32.9813,1,Idle
1817936487,32.9813,1,Idle
1818203603,32.9813,1,Idle
1818469151,32.9813,1,Idle
1818735524,32.9813,0.784044,Idle
1818985684,32.9813,0.813812,Idle
1819235702,45.991,0.775641,Idle
1819502312,32.9813,0.60204,Idle
1819768564,32.9813,0.443192,Idle
1820018952,32.9813,0.423944,Idle
1820269151,20.7513,1,Idle
1820535946,20.7513,0.670636,Idle
1820802410,58.3337,0.853891,Idle
1821069515,58.3337,1,Idle
1821335650,58.3337,1,Idle
1821602969,62.4663,1,Idle
1821869486,62.4663,1,Idle
1822135988,62.4663,1,Idle
1822402265,62.4663,0.757577,Idle
1822669769,50.7783,0.744943,Idle
1822936324,37.7687,0.613302,Idle
1823202351,37.7687,0.655075,Idle
1823469989,37.7687,0.253333,Idle
1823736839,48.0891,0.534475,Idle
1824001867,48.0891,0.610119,Idle
1824252264,43.1487,0.905084,Idle
1824518610,43.1487,0.782995,Idle
1824785646,98.3166,0.735099,Idle
1825051953,98.3166,0.923336,Idle
1825318634,98.3166,0.623043,Idle
1825568719,98.3166,0.710435,Idle
1825834763,98.3166,0.60989,Idle
1826085153,77.0002,0.606919,Idle
1826335611,77.0002,0.483524,Idle
1826602798,77.0002,0.607937,Idle
1826869000,77.0002,0.582895,Idle
1827136514,77.0002,0.281548,Idle
1827402311,77.0002,0.173315,Idle
1827669440,77.0002,0.18495,Idle
1827936224,77.0002,0.229053,Idle
1828202936,77.0002,0.288321,Idle
1828469323,77.0002,0.197745,Idle
1828736275,77.0002,0.792585,Idle
1829002314,77.0002,0.816565,Idle
1829269769,77.0002,0.325925,Idle
1829535672,77.0002,0.804827,Idle
1829803165,77.0002,0.927361,Idle
1830069238,77.0002,0.633403,Idle
1830336776,77.0002,0.248307,Idle
1830602729,77.0002,0.204561,Idle
1830870074,77.0002,0.183801,Idle
1831135398,77.0002,0.245643,Idle
1831385527,77.0002,0.161597,Idle
1831651781,77.0002,0.302886,Idle
1831902392,77.0002,0.168026,Idle
1832152398,77.0002,0.181925,Idle
1832402667,77.0002,0.302604,Idle
1832669090,77.0002,0.231474,Idle
1832936072,77.0002,0.208062,Idle
1833203109,77.0002,0.928596,Idle
1833469185,77.0002,0.74525,Idle
1833736216,21.3453,0.755338,Idle
1834002742,21.3453,0.365297,Idle
1834271863,21.3453,0.344354,Idle
1834535672,21.3453,0.750419,Idle
1834802368,21.3453,1,Idle
1835070188,6.65457,1,Idle
1835336361,6.65457,0.916847,Idle
1835602403,6.65457,0.409327,Idle
1835869738,55.9978,1,Idle
1836136802,55.9978,0.950042,Idle
1836403312,68.3046,1,Idle
1836669842,68.3046,0.736987,Idle
1836936411,68.3046,0.96303,Idle
1837202777,51.0656,0.622737,Idle
1837469162,51.0656,0.689543,Idle
1837735598,51.0656,0.464535,Idle
1837985672,51.0656,0.279059,Idle
1838251425,51.0656,0.388184,Idle
1838501964,35.0735,1,Idle
1838752408,35.0735,1,Idle
1839003161,47.9995,1,Idle
1839269683,35.0735,0.890211,Idle
1839536158,35.0735,0.161016,Idle
1839802317,36.8616,0.147706,Idle
1840069543,36.8616,0.230587,Idle
1840336045,36.8616,0.389355,Idle
1840602473,41.3458,1,Idle
1840869170,42.1103,0.841074,Idle
1841136399,42.1103,1,Idle
1841401869,42.1103,0.516623,Idle
1841652243,76.8099,0.774583,Idle
1841918972,76.8099,0.441359,Idle
1842185392,68.2606,1,Idle
1842435651,68.2606,0.585383,Idle
1842701987,68.2606,0.367321,Idle
1842952308,68.2606,1,Idle
1843202500,68.2606,0.755123,Idle
1843469841,68.2606,0.530457,Idle
1843736799,68.2606,0.507388,Idle
1844002489,68.2606,0.221991,Idle
1844268935,68.2606,0.169878,Idle
1844519032,68.2606,0.184368,Idle
1844784564,68.2606,0.133654,Idle
1845035676,68.2606,0.204685,Idle
1845302098,68.2606,0.179972,Idle
1845552118,16.5092,0.678196,Idle
1845802774,16.5092,0.832294,Idle
1846070014,16.5092,1,Idle
1846335698,16.5092,1,Idle
1846602869,16.5092,1,Idle
1846869074,16.5092,0.274207,Idle
1847136121,16.5092,1,Idle
1847403531,16.5092,1,Idle
1847669131,16.5092,1,Idle
1847934621,16.5092,0.988652,Idle
1848185766,16.5092,0.828587,Idle
1848452408,16.5092,0.766034,Idle
1848718720,16.5092,0.568517,Idle
1848985463,16.5092,0.243243,Idle
1849235640,15.7982,0.247134,Idle
1849502347,31.1916,0.518437,Idle
1849768601,65.9977,0.725905,Idle
1850019044,65.9977,1,Idle
1850269394,65.9977,0.820354,Idle
1850536257,65.9977,1,Idle
1850803530,81.3911,1,Idle
1851070013,65.9977,1,Idle
1851336077,65.9977,0.813215,Idle
1851603195,65.9977,1,Idle
1851869824,65.9977,1,Idle
1852136334,19.8651,0.752021,Idle
1852403026,19.8651,0.629504,Idle
1852669426,16.3023,1,Idle
1852935689,16.3023,0.75136,Idle
1853202828,16.3023,1,Idle
1853469674,16.3023,1,Idle
1853736684,16.3023,0.390373,Idle
1854003044,20.0023,0.595053,Idle
1854268998,20.0023,0.600045,Idle
1854519022,64.4014,0.580629,Idle
1854785716,64.4014,0.278254,Idle
1855051831,64.4014,0.185579,Idle
1855301975,64.4014,0.215697,Idle
1855552112,64.4014,0.179242,Idle
1855802600,31.5969,0.214718,Idle
1856069736,36.3371,1,Idle
1856336603,36.3371,0.958191,Idle
1856602426,36.3371,1,Idle
1856869149,36.3371,0.293195,Idle
1857136244,36.3371,0.124432,Idle
1857401943,36.3371,0.196792,Idle
1857669870,36.3371,0.676915,Idle
1857935821,36.3371,1,Idle
1858203622,36.3371,0.89179,Idle
1858469553,23.4387,0.966167,Idle
1858736500,23.4387,0.125612,Idle
1859002760,23.4387,1,Idle
1859269005,23.4387,1,Idle
1859536226,23.4387,1,Idle
1859803174,23.4387,0.298461,Idle
1860069189,23.4387,0.276086,Idle
1860336392,23.4387,0.197615,Idle
1860602178,29.6676,1,Idle
1860868563,29.6676,0.402337,Idle
1861118834,64.8795,1,Idle
1861385228,64.8795,0.943731,Idle
1861635702,64.8795,0.762291,Idle
1861885708,64.8795,0.215522,Idle
1862136126,64.8795,0.199509,Idle
1862402954,64.8795,0.143349,Idle
1862669779,31.4914,0.791255,Idle
1862935727,31.4914,1,Idle
1863202787,31.4914,0.878713,Idle
1863471113,31.4914,0.251149,Idle
1863736773,31.4914,0.247353,Idle
1864003286,31.4914,0.316577,Idle
1864270877,31.4914,0.1431,Idle
1864537036,31.4914,0.139415,Idle
1864802095,31.4914,0.216031,Idle
1865070828,31.4914,0.199043,Idle
1865337473,31.4914,0.996929,Idle
1865603572,20.1409,1,Idle
1865869699,20.1409,0.784319,Idle
1866136803,20.1409,0.928511,Idle
1866402676,20.1409,1,Idle
1866670191,20.1409,1,Idle
1866936161,20.1409,1,Idle
1867202707,20.1409,0.37395,Idle
1867469700,20.1409,0.334395,Idle
1867736382,20.1409,0.180603,Idle
1868002750,20.1409,0.837877,Idle
1868269656,22.8845,1,Idle
1868535790,22.8845,0.733006,Idle
1868802911,22.8845,1,Idle
1869070306,22.8845,0.602848,Idle
1869335496,41.9202,0.835136,Idle
1869585710,41.9202,1,Idle
1869851431,41.9202,0.827389,Idle
1870102379,41.9202,0.189209,Idle
1870368545,41.9202,0.166696,Idle
1870619085,41.9202,0.174572,Idle
1870870013,29.7196,0.307009,Idle
1871135358,29.7196,0.198544,Idle
1871403038,29.7196,0.31739,Idle
1871669672,29.7196,0.180673,Idle
1871936621,29.7196,0.241289,Idle
1872202706,29.7196,0.159668,Idle
1872470476,29.7196,0.241902,Idle
1872736336,29.7196,0.172718,Idle
1873002569,29.7196,0.168072,Idle
1873269814,29.7196,0.19622,Idle
1873536113,23.2179,0.170746,Idle
1873802447,23.2179,0.251942,Idle
1874069879,23.2179,0.227591,Idle
1874336641,48.2251,0.29681,Idle
1874602074,48.2251,1,Idle
1874852363,48.2251,1,Idle
1875118805,48.2251,1,Idle
1875368947,48.2251,0.754516,Idle
1875619073,40.8808,0.916585,Idle
1875869810,40.8808,1,Idle
1876135863,40.8808,0.943956,Idle
1876404824,40.8808,0.962806,Idle
1876669355,40.8808,0.268843,Idle
1876936070,40.8808,0.948266,Idle
1877203537,40.8808,1,Idle
1877469892,40.8808,1,Idle
1877736745,40.8808,1,Idle
1878003595,40.8808,1,Idle
1878269626,48.3617,1,Idle
1878536462,18.5688,1,Idle
1878803441,18.5688,0.779641,Idle
1879069468,46.1372,0.701999,Idle
1879320300,82.0418,1,Idle
1879585359,82.0418,0.393793,Idle
1879852368,82.0418,0.984621,Idle
1880119051,82.0418,0.922126,Idle
1880385031,82.0418,0.769602,Idle
1880635465,82.0418,0.699428,Idle
1880901628,82.0418,0.564856,Idle
1881152071,82.0418,0.245407,Idle
1881402489,82.0418,0.267365,Idle
1881669777,82.0418,0.260835,Idle
1881936558,62.5876,0.610971,Idle
1882203353,82.0418,0.298815,Idle
1882470424,48.3252,0.21391,Idle
1882735373,48.3252,0.316567,Idle
1882985659,48.3252,0.385157,Idle
1883235698,48.3252,0.405604,Idle
1883502322,72.013,0.19809,Idle
1883769074,72.013,0.180589,Idle
1884035269,72.013,0.284458,Idle
1884301203,72.013,0.153053,Idle
1884552002,72.013,0.248064,Idle
1884819112,72.013,0.165378,Idle
1885069660,59.1636,0.163692,Idle
1885337222,59.1636,0.219439,Idle
1885602897,59.1636,0.129426,Idle
1885869371,75.6077,0.159685,Idle
1886135809,75.6077,0.132227,Idle
1886403490,62.1299,0.626612,Idle
1886670178,62.1299,0.283396,Idle
1886935431,62.1299,0.361651,Idle
1887185586,62.1299,0.829234,Idle
1887435813,62.1299,0.869896,Idle
1887702121,62.1299,0.638714,Idle
1887968785,35.5912,0.630437,Idle
1888235180,35.5912,0.40096,Idle
1888502012,68.538,0.681943,Idle
1888768594,68.538,0.176855,Idle
1889019037,80.2397,0.790932,Idle
1889269752,80.2397,0.312239,Idle
1889536693,80.2397,0.31348,Idle
1889802696,80.2397,0.167022,Idle
1890070392,80.2397,0.191258,Idle
1890335993,80.2397,0.165199,Idle
1890602996,72.4342,0.470091,Idle
1890869805,72.4342,0.301741,Idle
1891136083,32.8975,0.436558,Idle
1891402813,32.8975,0.187687,Idle
1891668978,32.8975,0.124748,Idle
1891936474,32.8975,0.161466,Idle
1892203344,32.8975,0.284982,Idle
1892469582,32.8975,0.221731,Idle
1892735351,32.8975,0.288712,Idle
1892985764,32.8975,0.278071,Idle
1893252362,32.8975,0.183496,Idle
1893519076,32.8975,0.228239,Idle
1893785596,32.8975,0.180027,Idle
1894051910,32.8975,0.157739,Idle
1894301960,30.1482,0.155755,Idle
1894568650,30.1482,0.147267,Idle
1894819040,30.1482,1,Idle
1895069171,30.1482,1,Idle
1895337020,30.1482,1,Idle
1895603046,30.1482,1,Idle
1895870325,30.1482,0.569262,Idle
1896135319,30.1482,0.512249,Idle
1896385455,30.1482,0.730531,Idle
1896635741,30.1482,0.494786,Idle
1896901922,16.4452,1,Idle
1897167953,16.4452,0.21433,Idle
1897418464,94.8637,1,Idle
1897670630,94.8637,1,Idle
1897936687,94.8637,0.180307,Idle
1898202342,96.791,0.76409,Idle
1898469114,96.791,1,Idle
1898736320,96.791,1,Idle
1899002735,96.791,0.488862,Idle
1899269787,96.791,0.153797,Idle
1899536067,96.791,0.137444,Idle
1899802761,37.7132,0.860027,Idle
1900069609,37.7132,0.977352,Idle
1900336583,37.7132,0.395751,Idle
1900603148,37.7132,0.170863,Idle
1900869300,37.7132,0.170339,Idle
1901137019,37.7132,0.371938,Idle
1901403087,37.7132,0.884547,Idle
1901669540,37.7132,0.425557,Idle
1901936174,37.7132,0.108822,Idle
1902203315,45.9725,0.115278,Idle
1902470324,29.8658,0.285832,Idle
1902736804,21.0722,1,Idle
1903003260,21.0722,0.471873,Idle
1903269220,79.7779,1,Idle
1903535989,79.7779,0.989441,Idle
1903802556,79.7779,0.918825,Idle
1904068755,79.7779,0.831423,Idle
1904318827,79.7779,0.54174,Idle
1904584940,79.7779,1,Idle
1904835584,79.7779,0.141436,Idle
1905101918,79.7779,0.161318,Idle
1905352356,79.7779,0.322863,Idle
1905603046,79.7779,1,Idle
1905870059,79.7779,1,Idle
1906136042,79.7779,1,Idle
1906403244,79.7779,0.14296,Idle
1906668532,42.93,1,Idle
1906918552,42.93,1,Idle
1907169006,42.93,0.373178,Idle
1907434324,42.93,0.114904,Idle
1907685280,42.93,0.165152,Idle
1907935728,42.93,0.141342,Idle
1908203536,42.93,0.115188,Idle
1908470484,22.3127,0.352967,Idle
1908735986,22.3127,0.872234,Idle
1909002853,22.3127,0.572376,Idle
1909270212,22.3127,0.151053,Idle
1909536765,22.3127,0.133653,Idle
1909802522,44.6709,0.680172,Idle
1910069063,44.6709,0.140739,Idle
1910336248,44.6709,1,Idle
1910602664,44.6709,0.819416,Idle
1910869756,44.6709,0.645094,Idle
1911135930,44.6709,0.354172,Idle
1911402487,44.6709,0.165826,Idle
1911669583,44.6709,0.190976,Idle
1911936493,44.6709,0.158863,Idle
1912202941,44.6709,0.142042,Idle
1912470114,22.994,1,Idle
1912737035,22.994,1,Idle
1913003164,22.994,0.274791,Idle
1913269151,22.994,0.158186,Idle
1913536993,36.8351,0.915362,Idle
1913802545,36.8351,0.441436,Idle
1914070378,36.8351,0.353246,Idle
1914336599,36.8351,0.140281,Idle
1914603257,36.8351,0.158028,Idle
1914869817,36.8351,0.144999,Idle
1915136758,36.8351,0.11927,Idle
1915402670,36.8351,0.125598,Idle
1915670102,23.5299,0.938627,Idle
1915935712,23.5299,1,Idle
1916201858,23.5299,0.905295,Idle
1916452072,23.5299,1,Idle
1916718305,23.5299,1,Idle
1916985680,23.5299,0.52094,Idle
1917252210,23.5299,0.617055,Idle
1917518787,32.6384,0.882544,Idle
1917785257,32.6384,0.434458,Idle
1918035355,67.5218,0.78224,Idle
1918301927,67.5218,0.618658,Idle
1918567733,67.5218,0.324641,Idle
1918818131,67.5218,0.831302,Idle
1919069395,67.5218,1,Idle
1919336299,67.5218,1,Idle
1919602701,67.5218,0.239247,Idle
1919869455,67.5218,0.119686,Idle
1920135774,67.5218,0.143722,Idle
1920402870,67.5218,0.128485,Idle
1920670411,67.5218,0.117338,Idle
1920937165,67.5218,0.194862,Idle
1921202629,67.5218,0.581858,Idle
1921469188,67.5218,0.479313,Idle
1921735731,67.5218,0.554536,Idle
1922002426,67.5218,0.429651,Idle
1922270254,67.5218,0.272375,Idle
1922536170,67.5218,0.653705,Idle
1922803416,67.5218,0.509088,Idle
1923070401,67.5218,0.469818,Idle
1923335948,67.5218,0.28617,Idle
1923603064,67.5218,0.173547,Idle
1923870382,67.5218,0.100332,Idle
1924135855,67.5218,0.16055,Idle
1924403028,55.6386,0.780862,Idle
1924669243,55.6386,0.737689,Idle
1924935670,55.6386,0.500535,Idle
1925185676,55.6386,0.239288,Idle
1925435708,55.6386,0.62907,Idle
1925701735,24.4493,0.525769,Idle
1925968372,24.4493,0.118247,Idle
1926218898,24.4493,0.115722,Idle
1926471989,24.4493,0.0896302,Idle
1926737108,30.4048,0.271061,Idle
1927002612,52.9957,0.186904,Idle
1927269259,52.9957,1,Idle
1927536322,52.9957,0.388671,Idle
1927803623,52.9957,0.250115,Idle
1928070512,52.9957,0.406284,Idle
1928336504,41.6426,0.525825,Idle
1928602688,41.6426,0.921516,Idle
1928869113,41.6426,0.379296,Idle
1929136602,77.8336,1,Idle
1929402923,77.8336,1,Idle
1929670498,77.8336,1,Idle
1929936314,77.8336,1,Idle
1930202968,77.8336,1,Idle
1930470464,64.7172,1,Idle
1930736823,77.8336,0.42337,Idle
1931003002,77.8336,0.879256,Idle
1931269587,77.8336,1,Idle
1931536061,77.8336,0.193396,Idle
1931786663,77.8336,0.60687,Idle
1932052368,48.7887,1,Idle
1932319064,48.7887,0.216652,Idle
1932584866,48.7887,0.126115,Idle
1932852337,48.7887,0.135281,Idle
1933118981,35.6904,0.813778,Idle
1933369026,35.6904,0.906622,Idle
1933634298,35.6904,0.849261,Idle
1933884465,35.6904,1,Idle
1934137070,35.6904,0.780148,Idle
1934403190,35.6904,0.955982,Idle
1934669757,35.6904,0.891988,Idle
1934936774,35.6904,1,Idle
1935203709,35.6904,0.901338,Idle
1935470355,35.6904,0.622079,Idle
1935737241,35.6904,0.832482,Idle
1936002619,35.6904,1,Idle
1936269373,35.6904,1,Idle
1936536678,35.6904,0.189991,Idle
1936803630,16.0884,0.542726,Idle
1937069754,16.0884,0.817023,Idle
1937337273,16.0884,0.785099,Idle
1937602769,16.0884,0.774754,Idle
1937869108,16.0884,0.796038,Idle
1938137138,49.7069,0.434567,Idle
1938402678,49.7069,0.813336,Idle
1938670391,49.7069,0.393449,Idle
1938936953,49.7069,0.363616,Idle
1939203879,49.7069,0.472129,Idle
1939470375,49.7069,0.923244,Idle
1939736388,49.7069,0.658803,Idle
1940003573,49.7069,0.767674,Idle
1940269106,49.7069,0.83235,Idle
1940536835,49.7069,0.671404,Idle
1940803467,35.7733,1,Idle
1941069492,35.7733,0.843336,Idle
1941336841,66.5787,0.786501,Idle
1941603673,66.5787,1,Idle
1941869685,66.5787,0.11057,Idle
1942136502,66.5787,0.177955,Idle
1942403294,66.5787,0.117154,Idle
1942669254,52.3228,0.765894,Idle
1942936021,52.3228,0.189328,Idle
1943202631,52.3228,0.205368,Idle
1943469727,52.3228,0.159225,Idle
1943736461,52.3228,0.124937,Idle
1944003019,42.9732,0.753293,Idle
1944270433,42.9732,0.992288,Idle
1944536785,70.344,0.812077,Idle
1944802653,70.344,0.977114,Idle
1945070161,70.344,0.852677,Idle
1945336234,70.344,0.923645,Idle
1945603253,70.344,1,Idle
1945869394,70.344,1,Idle
1946135701,70.344,0.218187,Idle
1946403360,28.5209,1,Idle
1946669649,28.5209,0.707397,Idle
1946935979,91.812,0.963023,Idle
1947202630,91.812,0.471554,Idle
1947469530,91.812,0.107885,Idle
1947736515,86.1013,1,Idle
1948003559,86.1013,0.725108,Idle
1948270005,86.1013,0.274825,Idle
1948536481,86.1013,0.119453,Idle
1948803058,86.1013,0.121165,Idle
1949069317,86.1013,0.0875207,Idle
1949336403,86.1013,0.133163,Idle
1949603819,33.4107,1,Idle
1949869855,33.4107,1,Idle
1950136915,33.4107,0.696996,Idle
1950402707,33.4107,0.275203,Idle
1950669499,33.4107,0.229206,Idle
1950936060,45.8437,0.15374,Idle
1951203278,33.8437,0.81377,Idle
1951469706,32.0829,1,Idle
1951736695,32.0829,1,Idle
1952002733,32.0829,0.964701,Idle
1952269537,32.0829,0.680066,Idle
1952536859,47.2453,1,Idle
1952803835,47.2453,1,Idle
1953069898,47.2453,1,Idle
1953337152,47.2453,1,Idle
1953603769,47.2453,1,Idle
1953869429,47.2453,0.915458,Idle
1954136433,40.4995,1,Idle
1954402654,40.4995,0.720006,Idle
1954669769,40.4995,0.129418,Idle
1954936892,40.4995,0.121657,Idle
1955203623,40.4995,0.0846948,Idle
1955470079,20.9205,0.468552,Idle
1955737180,20.9205,0.286968,Idle
1956003388,20.9205,0.130737,Idle
1956270089,20.9205,0.111258,Idle
1956537095,20.9205,0.105422,Idle
1956802607,20.9205,0.767953,Idle
1957069720,20.9205,1,Idle
1957336160,19.7612,1,Idle
1957602786,19.7612,0.954896,Idle
1957869427,19.7612,0.530588,Idle
1958136500,19.7612,0.900877,Idle
1958403226,19.7612,0.903531,Idle
1958669278,19.7612,0.613533,Idle
1958936047,19.7612,0.152004,Idle
1959202604,26.2327,0.942264,Idle
1959469836,26.2327,0.874219,Idle
1959736258,26.2327,0.229947,Idle
1960003901,26.2327,0.160752,Idle
1960269772,26.2327,0.165276,Idle
1960536244,26.2327,0.211162,Idle
1960802809,37.8539,0.955391,Idle
1961069682,37.8539,0.949359,Idle
1961336076,37.8539,0.882838,Idle
1961602570,37.8539,0.95705,Idle
1961870402,45.0637,0.821869,Idle
1962136984,37.8539,0.83617,Idle
1962402878,37.8539,0.461366,Idle
1962669468,34.5526,0.76399,Idle
1962936042,34.5526,0.635905,Idle
1963203333,34.5526,0.477644,Idle
1963469523,34.5526,0.164478,Idle
1963736896,36.7076,0.986678,Idle
1964004065,36.7076,0.301528,Idle
1964271540,36.7076,0.227752,Idle
1964537354,36.7076,0.155779,Idle
1964803527,50.6436,0.341172,Idle
1965069326,50.6436,0.455613,Idle
1965336320,50.6436,0.332565,Idle
1965603410,40.9613,0.947897,Idle
1965870582,40.9613,1,Idle
1966136932,40.9613,0.430567,Idle
1966402950,35.2133,0.340509,Idle
1966670045,35.2133,0.490712,Idle
1966936658,69.374,0.650075,Idle
1967203576,69.374,1,Idle
1967470290,69.374,1,Idle
1967736683,69.374,0.875949,Idle
1968003040,69.374,0.526787,Idle
1968270618,69.374,0.339419,Idle
1968536897,38.6509,0.965184,Idle
1968802497,38.6509,0.729012,Idle
1969069482,63.4343,0.459786,Idle
1969337174,54.6994,0.216733,Idle
1969603382,54.6994,0.2106,Idle
1969870643,44.8329,0.240456,Idle
1970136593,44.8329,0.233866,Idle
1970402855,44.8329,0.226802,Idle
1970669193,44.8329,0.300417,Idle
1970936530,54.7515,0.578869,Idle
1971202824,54.7515,1,Idle
1971469881,54.7515,1,Idle
1971738960,54.7515,0.288253,Idle
1972003922,32.612,1,Idle
1972270916,32.612,0.870713,Idle
1972536300,32.612,0.340375,Idle
1972803648,50.2569,1,Idle
1973069238,50.2569,0.695903,Idle
1973337320,50.2569,0.283516,Idle
1973603493,50.2569,0.963426,Idle
1973870584,50.2569,0.595968,Idle
1974136405,50.2569,0.644392,Idle
1974403558,50.2569,0.188788,Idle
1974669994,50.2569,0.165213,Idle
1974936114,50.2569,0.226244,Idle
1975202913,50.2569,0.148928,Idle
1975469354,50.2569,0.228734,Idle
1975736535,50.2569,0.136648,Idle
1976003009,15.6364,1,Idle
1976269978,15.6364,0.381505,Idle
1976536160,15.6364,1,Idle
1976803257,15.6364,0.595186,Idle
1977070277,15.6364,0.172267,Idle
1977335981,32.6915,0.828818,Idle
1977603488,32.6915,1,Idle
1977869644,32.6915,0.667542,Idle
1978136678,32.6915,0.225911,Idle
1978402801,32.6915,0.339321,Idle
1978669189,30.9276,1,Idle
1978936328,30.9276,1,Idle
1979202524,30.9276,1,Idle
1979470402,30.9276,0.884563,Idle
1979736111,30.9276,0.645911,Idle
1980003069,30.9276,0.151675,Idle
1980269263,30.9276,0.153356,Idle
1980536381,30.9276,0.210744,Idle
1980803614,30.9884,0.480166,Idle
1981069962,30.9884,0.428327,Idle
1981336871,30.9884,0.278197,Idle
1981603184,47.4703,0.888972,Idle
1981870061,47.4703,1,Idle
1982137165,52.6356,1,Idle
1982403490,52.6356,1,Idle
1982670414,52.6356,0.520978,Idle
1982936226,52.8346,0.719212,Idle
1983203143,52.8346,1,Idle
1983469706,52.8346,1,Idle
1983736356,52.8346,1,Idle
1984003161,52.8346,0.599009,Idle
1984269369,52.8346,0.540295,Idle
1984536464,52.8346,0.269435,Idle
1984803555,52.8346,0.429641,Idle
1985070814,52.8346,0.866669,Idle
1985336347,52.8346,0.89703,Idle
1985603160,52.8346,0.397987,Idle
1985869127,52.8346,0.144494,Idle
1986136156,42.3439,0.139625,Idle
1986403726,42.3439,0.14881,Idle
1986669089,42.3439,0.189324,Idle
1986937250,70.0678,0.256934,Idle
1987203216,70.0678,0.133904,Idle
1987469778,70.0678,0.123622,Idle
1987737246,41.9802,0.864464,Idle
1988003814,41.9802,0.831352,Idle
1988270569,41.9802,0.809432,Idle
1988536278,41.9802,1,Idle
1988803192,41.9802,0.618533,Idle
1989069731,41.9802,0.165507,Idle
1989337132,25.5973,0.22741,Idle
1989603911,25.5973,0.125384,Idle
1989869345,62.0407,1,Idle
1990135902,62.0407,0.926505,Idle
1990403978,55.855,0.311106,Idle
1990670310,96.2797,1,Idle
1990936397,99.2461,0.624417,Idle
1991203260,99.2461,0.768667,Idle
1991470132,99.2461,0.54018,Idle
1991736177,74.7064,1,Idle
1992003602,74.7064,0.254936,Idle
1992270451,74.7064,0.141219,Idle
1992536198,59.9966,1,Idle
1992803151,59.9966,0.883444,Idle
1993070338,59.9966,1,Idle
1993336025,59.9966,0.456812,Idle
1993602917,59.9966,1,Idle
1993868923,59.9966,0.153874,Idle
1994136789,59.9966,0.646336,Idle
1994403821,42.1649,0.832069,Idle
1994669636,42.1649,0.874616,Idle
1994936583,42.1649,1,Idle
1995203779,63.4753,1,Idle
1995469575,63.4753,0.669723,Idle
1995736938,63.4753,0.601856,Idle
1996004012,44.1482,0.9154,Idle
1996270470,44.1482,0.459167,Idle
1996536683,81.5181,0.822789,Idle
1996805504,81.5181,0.975623,Idle
1997070435,81.5181,0.737805,Idle
1997336497,81.5181,0.710622,Idle
1997603264,81.5181,1,Idle
1997869909,81.5181,1,Idle
1998136750,81.5181,0.243589,Idle
1998402697,81.5181,0.158119,Idle
1998669548,81.5181,0.208459,Idle
1998935641,36.9745,0.179728,Idle
1999203211,36.9745,0.321865,Idle
1999469751,36.9745,0.139683,Idle
1999737115,36.9745,0.145123,Idle
2000002645,32.5036,1,Idle
2000269533,32.5036,1,Idle
2000537171,32.5036,1,Idle
2000803587,32.5036,0.705493,Idle
2001070034,56.0539,1,Idle
2001335714,56.0539,0.634499,Idle
2001603396,56.0539,0.873996,Idle
2001870023,56.0539,0.344838,Idle
2002136871,56.0539,0.349972,Idle
2002403387,56.0539,0.556807,Idle
2002670053,56.0539,1,Idle
2002937393,56.0539,0.935266,Idle
2003202689,28.7989,1,Idle
2003470364,28.7989,1,Idle
2003736321,28.7989,1,Idle
2004004031,28.7989,1,Idle
2004270270,28.7989,0.571108,Idle
2004536832,28.7989,0.310441,Idle
2004804087,28.7989,0.311686,Idle
2005070256,31.358,0.249403,Idle
2005337561,31.358,0.207899,Idle
2005603509,61.8389,0.334837,Idle
2005870213,58.4346,1,Idle
2006136968,58.4346,0.302612,Idle
2006403401,84.439,0.746427,Idle
2006670359,84.439,0.746995,Idle
2006937095,84.439,0.333322,Idle
2007202879,84.439,0.185612,Idle
2007469286,86.2982,0.330761,Idle
2007736876,86.2982,0.38171,Idle
2008003635,86.2982,0.278879,Idle
2008269628,86.2982,0.258404,Idle
2008537073,75.9131,0.292616,Idle
2008803460,75.9131,0.376927,Idle
2009069283,75.9131,0.243003,Idle
2009335467,75.9131,0.161103,Idle
2009604006,75.9131,0.999655,Idle
2009869393,75.9131,0.300866,Idle
2010136442,75.9131,0.227691,Idle
2010403528,75.9131,1,Idle
2010670481,75.9131,1,Idle
2010937095,75.9131,0.250131,Idle
2011203215,75.9131,0.594741,Idle
2011470682,75.9131,0.400137,Idle
2011736911,30.8812,1,Idle
2012003884,30.8812,0.603271,Idle
2012270538,48.5502,1,Idle
2012537800,48.5502,0.82539,Idle
2012803519,48.5502,0.795998,Idle
2013069676,48.5502,0.723495,Idle
2013337046,48.5502,0.318007,Idle
2013603654,48.5502,0.207192,Idle
2013869302,48.5502,0.28419,Idle
2014135442,33.3909,1,Idle
2014385683,33.3909,0.794104,Idle
2014651238,33.3909,0.330211,Idle
2014902301,33.3909,0.24717,Idle
2015168662,50.2225,0.831256,Idle
2015419031,50.2225,0.678445,Idle
2015669868,50.2225,0.584468,Idle
2015937082,50.2225,0.241224,Idle
2016203553,43.378,0.24157,Idle
2016470352,39.8272,1,Idle
2016736356,39.8272,0.538612,Idle
2017002499,39.8272,1,Idle
2017270275,39.8272,0.452941,Idle
2017537498,47.6515,1,Idle
2017803476,47.6515,1,Idle
2018069788,47.6515,1,Idle
2018335850,47.6515,1,Idle
2018603788,47.6515,0.749627,Idle
2018869121,47.6515,0.15733,Idle
2019136933,47.6515,0.262319,Idle
2019402877,47.6515,0.142774,Idle
2019669850,47.6515,0.157047,Idle
2019936433,47.6515,1,Idle
2020203849,47.6515,0.162047,Idle
2020469506,20.4285,1,Idle
2020737017,20.4285,0.639471,Idle
2021003292,20.4285,1,Idle
2021269697,20.4285,1,Idle
2021537482,20.4285,1,Idle
2021803686,20.4285,1,Idle
2022070527,20.4285,1,Idle
2022336728,26.2581,1,Idle
2022603411,26.2581,1,Idle
2022870591,26.2581,1,Idle
2023137249,26.2581,1,Idle
2023402855,26.2581,1,Idle
2023669738,26.2581,1,Idle
2023935874,26.2581,1,Idle
2024203809,26.2581,0.88758,Idle
2024470111,26.2581,0.201169,Idle
2024736064,23.3016,0.120136,Idle
2025003835,23.3016,0.124329,Idle
2025269201,56.5211,0.254124,Idle
2025536727,52.3947,1,Idle
2025802846,52.3947,1,Idle
2026070676,52.3947,0.324402,Idle
2026337216,72.0522,1,Idle
2026602391,72.0522,0.911423,Idle
2026869744,72.0522,1,Idle
2027137256,60.6067,0.979747,Idle
2027403487,60.6067,1,Idle
2027670016,60.6067,1,Idle
2027936031,60.6067,1,Idle
2028203344,60.6067,1,Idle
2028470644,60.6067,1,Idle
2028736172,60.6067,0.58413,Idle
2029004017,60.6067,0.830625,Idle
2029270907,60.6067,0.595961,Idle
2029536916,60.6067,0.530645,Idle
2029803736,60.6067,0.124849,Idle
2030070061,60.6067,0.145068,Idle
2030337185,60.6067,0.141375,Idle
2030603462,17.2403,0.534628,Idle
2030870475,17.2403,1,Idle
2031136918,17.2403,0.691775,Idle
2031402855,17.2403,0.317983,Idle
2031670285,39.9787,0.406224,Idle
2031936130,39.9787,0.445357,Idle
2032203077,39.9787,0.590806,Idle
2032470152,39.9787,0.764003,Idle
2032737250,39.9787,0.288164,Idle
2033003030,39.9787,0.184982,Idle
2033269798,30.0678,0.895286,Idle
2033537255,30.0678,0.753323,Idle
2033803529,30.0678,1,Idle
2034070378,30.0678,1,Idle
2034336689,30.0678,0.576227,Idle
2034602779,35.0547,1,Idle
2034869868,35.0547,1,Idle
2035136966,35.0547,1,Idle
2035402910,35.0547,0.814046,Idle
2035669125,38.6209,1,Idle
2035936592,38.6209,1,Idle
2036202406,38.6209,1,Idle
2036470155,70.8105,0.877755,Idle
2036736298,70.8105,1,Idle
2037002826,70.8105,0.783071,Idle
2037270283,77.4766,0.60839,Idle
2037536148,77.4766,1,Idle
2037802351,77.4766,1,Idle
2038052369,77.4766,0.633734,Idle
2038317977,77.4766,0.699445,Idle
2038585200,77.4766,0.156793,Idle
2038835585,77.4766,0.118125,Idle
2039100992,51.9291,0.764503,Idle
2039352036,51.9291,0.522891,Idle
2039603622,51.9291,0.544106,Idle
2039869830,51.9291,0.116646,Idle
2040136885,51.9291,0.147464,Idle
2040403192,51.9291,0.19388,Idle
2040669675,51.9291,0.975317,Idle
2040936157,51.9291,0.901661,Idle
2041203228,51.9291,0.448773,Idle
2041470127,51.9291,0.14656,Idle
2041736493,22.387,1,Idle
2042002808,22.387,0.889958,Idle
2042270406,57.4455,0.437244,Idle
2042536982,57.4455,0.510255,Idle
2042803775,57.4455,1,Idle
2043069393,57.4455,0.13299,Idle
2043336886,57.4455,0.114976,Idle
2043603665,57.4455,0.120763,Idle
2043870512,39.2593,0.518053,Idle
2044136875,39.2593,0.184634,Idle
2044403529,117.026,1,Idle
2044669943,117.026,0.29689,Idle
2044937347,108.361,0.666905,Idle
2045203058,108.361,0.508286,Idle
2045470248,108.361,0.169642,Idle
2045736118,108.361,0.204179,Idle
2046003416,52.8121,1,Idle
2046270520,52.8121,1,Idle
2046537017,52.8121,1,Idle
2046803606,52.8121,1,Idle
2047070488,52.8121,0.854007,Idle
2047336831,52.8121,0.532689,Idle
2047603071,52.8121,0.6832,Idle
2047869836,32.495,1,Idle
2048136444,32.495,0.276657,Idle
2048403197,32.495,0.133194,Idle
2048670621,52.3524,1,Idle
2048937132,52.3524,0.98267,Idle
2049203392,67.0693,0.879819,Idle
2049470422,52.3524,0.815155,Idle
2049736483,41.9963,1,Idle
2050002901,41.9963,1,Idle
2050269484,41.9963,1,Idle
2050537285,41.9963,0.886636,Idle
2050803132,41.9963,0.47983,Idle
2051069471,42.2198,0.919492,Idle
2051337151,42.2198,0.442845,Idle
2051603274,42.2198,0.200554,Idle
2051870130,62.41,0.88637,Idle
2052137065,62.41,1,Idle
2052403826,62.41,0.845149,Idle
2052670719,62.41,0.466492,Idle
2052935312,62.41,0.28731,Idle
2053185586,38.4828,1,Idle
2053452319,38.4828,0.459183,Idle
2053719022,38.4828,0.15573,Idle
2053969041,38.4828,0.177397,Idle
2054234528,54.924,0.859441,Idle
2054485676,54.924,0.505513,Idle
2054736831,54.924,0.148339,Idle
2055002862,54.924,0.136818,Idle
2055269715,54.924,0.27326,Idle
2055537296,54.924,0.218011,Idle
2055803092,54.924,0.292162,Idle
2056070060,54.924,0.242835,Idle
2056337582,54.924,0.935186,Idle
2056603440,54.924,1,Idle
2056870524,22.5494,1,Idle
2057137871,22.5494,1,Idle
2057390049,22.5494,1,Idle
2057643581,22.5494,1,Idle
2057896947,22.5494,0.985598,Idle
2058152716,22.5494,1,Idle
2058419305,22.5494,1,Idle
2058686034,22.5494,0.877807,Idle
2058952569,22.5494,1,Idle
2059202678,22.5494,1,Idle
2059469289,22.5494,1,Idle
2059735864,22.5494,1,Idle
2059985963,39.1795,0.96625,Idle
2060252639,22.5494,0.243931,Idle
2060519196,16.7007,1,Idle
2060769238,16.7007,1,Idle
2061035808,16.7007,1,Idle
2061296535,16.7007,1,Idle
2061553500,16.7007,1,Idle
2061819203,16.7007,0.508935,Idle
2062085787,40.9631,1,Idle
2062352486,40.9631,1,Idle
2062602521,40.9631,1,Idle
2062869155,40.9631,0.948078,Idle
2063135761,40.9631,0.249773,Idle
2063385822,48.9767,0.732686,Idle
2063652382,48.9767,1,Idle
2063919066,48.9767,1,Idle
2064169067,48.9767,1,Idle
2064435717,48.9767,1,Idle
2064685774,48.9767,0.944309,Idle
2064952358,35.8179,1,Idle
2065202386,35.8179,1,Idle
2065452779,35.8179,1,Idle
2065702836,35.8179,0.844562,Idle
2065969470,35.8179,0.124779,Idle
2066236087,53.026,0.993773,Idle
2066502287,53.026,1,Idle
2066752325,53.026,0.343662,Idle
2067002356,65.9935,0.220608,Idle
2067252748,65.9935,0.180427,Idle
2067518951,62.2153,0.942117,Idle
2067769384,62.2153,0.217986,Idle
2068019394,62.2153,0.127514,Idle
2068285578,62.2153,0.100893,Idle
2068552206,43.7866,1,Idle
2068802678,43.7866,0.531101,Idle
2069052696,43.7866,0.116413,Idle
2069318809,66.2212,0.153903,Idle
2069568888,66.2212,0.132061,Idle
2069835550,66.2212,0.285871,Idle
2070102223,66.2212,1,Idle
2070368820,66.2212,1,Idle
2070635465,66.2212,1,Idle
2070885639,66.2212,0.906751,Idle
2071135802,66.2212,0.160217,Idle
2071392239,66.2212,0.101962,Idle
2071643159,66.2212,0.135188,Idle
2071896539,21.7439,1,Idle
2072157246,21.7439,1,Idle
2072410591,21.7439,0.75921,Idle
2072663941,21.7439,0.886322,Idle
2072923218,37.2985,0.54459,Idle
2073177232,37.2985,1,Idle
2073435428,37.2985,0.206423,Idle
2073702054,58.3115,0.899078,Idle
2073968679,58.3115,0.185843,Idle
2074235359,58.3115,0.226782,Idle
2074502002,58.3115,0.295439,Idle
2074768593,40.3676,1,Idle
2075035273,40.3676,1,Idle
2075301903,40.3676,0.594391,Idle
2075551932,40.3676,0.268706,Idle
2075818604,40.3676,0.134599,Idle
2076090140,40.3676,0.246366,Idle
2076351932,40.3676,0.183526,Idle
2076601941,40.3676,0.139311,Idle
2076868607,40.3676,0.128264,Idle
2077118615,40.3676,0.533585,Idle
2077385211,40.3676,0.392391,Idle
2077635212,40.3676,0.115681,Idle
2077901833,40.3676,0.127351,Idle
2078168517,40.3676,0.133713,Idle
2078418520,40.3676,0.0912111,Idle
2078687412,40.3676,0.10258,Idle
2078951842,36.9721,0.101978,Idle
2079201865,36.9721,0.605505,Idle
2079468415,74.5071,0.428014,Idle
2079718498,74.5071,0.131441,Idle
2079985299,74.5071,0.136028,Idle
2080251814,55.2361,0.664547,Idle
2080501916,55.2361,1,Idle
2080751982,55.2361,0.196728,Idle
2081002010,66.3313,0.542717,Idle
2081252018,66.3313,0.125849,Idle
2081518418,66.3313,0.119295,Idle
2081785060,66.3313,0.0851487,Idle
2082035080,66.3313,0.0916127,Idle
2082301708,66.3313,0.120057,Idle
2082568402,66.3313,0.149998,Idle
2082835250,66.3313,0.122467,Idle
2083085477,66.3313,0.495961,Idle
2083351603,66.3313,0.949848,Idle
2083601633,22.7496,1,Idle
2083851687,22.7496,0.982058,Idle
2084118301,22.7496,0.404261,Idle
2084368320,22.7496,0.354094,Idle
2084634978,22.7496,0.145368,Idle
2084901558,22.7496,0.966943,Idle
2085151604,22.7496,0.366676,Idle
2085401650,22.7496,0.127375,Idle
2085651664,28.7166,1,Idle
2085918297,28.7166,0.829225,Idle
2086184877,28.7166,1,Idle
2086451568,28.7166,0.559804,Idle
2086701574,28.7166,0.141877,Idle
2086968194,28.7166,0.13557,Idle
2087235160,36.01,0.889996,Idle
2087501461,36.01,0.304904,Idle
2087768337,36.01,0.145749,Idle
2088034728,36.01,0.995233,Idle
2088284800,36.01,0.423149,Idle
2088551427,36.01,0.224233,Idle
2088801482,36.01,0.0923704,Idle
2089068108,36.01,0.113625,Idle
2089334743,36.01,0.0880582,Idle
2089601457,36.01,0.142603,Idle
2089868057,29.0761,0.830899,Idle
2090118093,29.0761,0.261028,Idle
2090384691,60.8181,1,Idle
2090651302,60.8181,1,Idle
2090917955,60.8181,1,Idle
2091184595,60.8181,1,Idle
2091434639,60.8181,0.588582,Idle
2091684662,60.8181,0.44216,Idle
2091951233,39.0048,0.650606,Idle
2092217942,39.0048,0.904593,Idle
2092484628,39.0048,0.127214,Idle
2092751280,62.8259,0.329475,Idle
2093017912,62.8259,0.581837,Idle
2093284574,62.8259,0.11021,Idle
2093551239,107.281,0.837898,Idle
2093817840,107.281,1,Idle
2094084491,107.281,1,Idle
2094334493,107.281,1,Idle
2094584510,107.281,1,Idle
2094834516,86.4025,0.458825,Idle
2095101153,107.281,1,Idle
2095351195,107.281,1,Idle
2095617833,107.281,0.110943,Idle
2095884492,25.2432,1,Idle
2096134495,25.2432,0.167565,Idle
2096401153,25.2432,0.109384,Idle
2096651161,25.2432,0.0899538,Idle
2096917778,56.6079,0.939459,Idle
2097167792,56.6079,0.185863,Idle
2097434427,100.545,0.855928,Idle
2097701025,100.545,0.14189,Idle
2097967632,100.545,1,Idle
2098217677,100.545,1,Idle
2098467716,100.545,0.213588,Idle
2098734279,44.4685,1,Idle
2098984319,44.4685,1,Idle
2099234328,44.4685,1,Idle
2099484346,44.4685,0.985326,Idle
2099751011,44.4685,0.781217,Idle
2100017689,44.4685,0.434806,Idle
2100284307,44.4685,0.938247,Idle
2100534324,44.4685,0.34948,Idle
2100784375,44.4685,0.602929,Idle
2101050999,44.4685,0.971141,Idle
2101317628,44.4685,0.381781,Idle
2101584293,44.4685,0.125638,Idle
2101850949,44.4685,0.128122,Idle
2102117594,44.4685,0.115621,Idle
2102384253,16.7305,1,Idle
2102650849,16.7305,1,Idle
2102900895,16.7305,0.953777,Idle
2103167563,16.7305,0.66339,Idle
2103434235,16.7305,0.148378,Idle
2103700871,48.8492,0.281276,Idle
2103967529,48.8492,0.557533,Idle
2104217529,48.8492,0.59752,Idle
2104484154,55.0734,0.62728,Idle
2104750756,55.0734,1,Idle
2105000764,55.0734,1,Idle
2105250833,55.0734,0.73703,Idle
2105517436,61.9155,0.353286,Idle
2105784066,52.2965,1,Idle
2106050690,52.2965,1,Idle
2106317336,52.2965,1,Idle
2106567343,52.2965,1,Idle
2106817408,52.2965,1,Idle
2107084001,52.2965,1,Idle
2107350657,52.2965,1,Idle
2107600674,52.2965,0.243281,Idle
2107850684,52.2965,0.14073,Idle
2108117286,23.1406,1,Idle
2108383935,23.1406,1,Idle
2108634010,41.7181,0.129324,Idle
2108900527,74.1924,1,Idle
2109150563,74.1924,1,Idle
2109400585,74.1924,0.14652,Idle
2109667241,95.5604,0.207687,Idle
2109917275,95.5604,0.548658,Idle
2110183876,95.5604,1,Idle
2110450534,95.5604,1,Idle
2110717190,95.5604,1,Idle
2110967198,77.834,1,Idle
2111217232,95.5604,0.24792,Idle
2111483868,33.7903,0.169194,Idle
2111750513,33.7903,0.886433,Idle
2112000514,61.2097,0.94368,Idle
2112267165,61.2097,0.415556,Idle
2112533812,61.2097,0.431268,Idle
2112800431,61.2097,1,Idle
2113067102,61.2097,0.8833,Idle
2113317108,61.2097,0.53348,Idle
2113567145,61.2097,0.0991872,Idle
2113833799,61.2097,0.0902841,Idle
2114100394,61.2097,1,Idle
2114350427,61.2097,0.991541,Idle
2114617043,61.2097,1,Idle
2114867087,18.4411,1,Idle
2115133687,18.4411,1,Idle
2115383739,18.4411,0.765102,Idle
2115650364,18.4411,1,Idle
2115917011,18.4411,1,Idle
2116167046,18.4411,0.815253,Idle
2116417059,18.4411,0.4936,Idle
2116683698,18.4411,0.0990019,Idle
2116933706,18.4411,0.122664,Idle
2117200340,23.8643,1,Idle
2117466943,23.8643,1,Idle
2117716976,23.8643,0.170509,Idle
2117983573,44.6336,1,Idle
2118233618,44.6336,0.400494,Idle
2118483618,44.6336,0.861384,Idle
2118750285,44.6336,0.407113,Idle
2119000300,68.3241,0.881451,Idle
2119266897,68.3241,0.142564,Idle
2119533468,62.8819,1,Idle
2119783495,62.8819,1,Idle
2120050168,62.8819,1,Idle
2120316782,62.8819,1,Idle
2120583425,62.8819,1,Idle
2120833459,62.8819,0.251815,Idle
2121083487,62.8819,0.620895,Idle
2121350092,33.3127,1,Idle
2121616705,33.3127,1,Idle
2121866740,33.3127,0.251097,Idle
2122116815,85.3373,0.628961,Idle
2122383417,85.3373,1,Idle
2122650105,85.3373,0.538445,Idle
2122916668,85.3373,0.281614,Idle
2123183319,74.3853,1,Idle
2123433367,74.3853,0.860192,Idle
2123700040,74.3853,0.458844,Idle
2123950042,74.3853,0.505076,Idle
2124216628,74.3853,1,Idle
2124466643,73.4445,0.931112,Idle
2124733305,74.3853,1,Idle
2124983333,74.3853,0.464087,Idle
2125249986,74.3853,1,Idle
2125516601,74.3853,0.968458,Idle
2125783267,74.3853,1,Idle
2126049913,74.3853,1,Idle
2126299920,74.3853,0.936442,Idle
2126549928,74.3853,0.174595,Idle
2126799935,74.3853,0.123254,Idle
2127066563,50.1645,1,Idle
2127333179,13.1007,1,Idle
2127599839,13.1007,1,Idle
2127866510,92.4627,1,Idle
2128133167,92.4627,1,Idle
2128383175,92.4627,0.596982,Idle
2128649849,92.4627,0.135037,Idle
2128899849,89.0438,0.619317,Idle
2129166500,89.0438,0.123475,Idle
2129433078,83.5042,1,Idle
2129683122,83.5042,0.835297,Idle
2129949757,83.5042,0.391666,Idle
2130199798,83.5042,0.161444,Idle
2130466494,83.5042,0.116449,Idle
2130733114,83.5042,0.113574,Idle
2130999774,83.5042,0.122346,Idle
2131266415,83.5042,0.10013,Idle
2131516436,83.5042,0.157329,Idle
2131783071,83.5042,0.977344,Idle
2132049733,83.5042,0.851512,Idle
2132316398,83.5042,0.150586,Idle
2132583054,71.9523,0.854967,Idle
2132849681,71.9523,0.623158,Idle
2133116385,71.9523,0.194002,Idle
2133383042,71.9523,0.132543,Idle
2133649676,71.9523,0.137343,Idle
2133916295,16.1457,0.936944,Idle
2134166329,16.1457,0.398868,Idle
2134416392,16.1457,0.12304,Idle
2134682938,16.1457,0.128833,Idle
2134932942,16.1457,0.120115,Idle
2135199627,16.1457,0.134507,Idle
2135466281,16.1457,0.130016,Idle
2135732936,16.1457,0.0970087,Idle
2135999531,14.9726,0.97606,Idle
2136249583,14.9726,0.947516,Idle
2136516245,14.9726,0.292115,Idle
2136782866,14.9726,0.278617,Idle
2137049477,42.4866,0.575418,Idle
2137299528,42.4866,0.105115,Idle
2137566196,61.5257,0.564791,Idle
2137832796,61.5257,0.905482,Idle
2138099475,61.5257,0.250644,Idle
2138366114,61.5257,0.44468,Idle
2138632781,61.5257,0.10006,Idle
2138882795,61.5257,0.107252,Idle
2139149439,61.5257,0.112246,Idle
2139416112,61.5257,0.136863,Idle
2139682782,61.5257,0.414135,Idle
2139949427,61.5257,0.410275,Idle
2140216082,61.5257,0.279351,Idle
2140482748,61.5257,0.223015,Idle
2140749354,61.5257,0.516608,Idle
2141016021,61.5257,0.513572,Idle
2141282618,61.5257,0.565131,Idle
2141532619,14.0944,0.796308,Idle
2141799269,14.0944,1,Idle
2142049323,14.0944,1,Idle
2142315946,14.0944,1,Idle
2142565970,32.7114,0.93818,Idle
2142816007,32.7114,0.137732,Idle
2143070580,32.7114,0.926685,Idle
2143332887,32.7114,0.950372,Idle
2143582983,32.7114,0.415975,Idle
2143833050,32.7114,0.781396,Idle
2144083054,32.7114,0.153941,Idle
2144333659,32.7114,0.894329,Idle
2144599444,32.7114,0.95782,Idle
2144849473,21.8573,0.917349,Idle
2145099521,21.8573,0.692551,Idle
2145443967,127.53,0.783608,Idle
2145701475,127.53,0.128486,Idle
2145957759,127.53,0.105914,Idle
2146216764,127.53,0.686288,Idle
2146470079,127.53,0.160494,Idle
2146732862,87.8068,0.804536,Idle
2146999362,87.8068,0.241483,Idle
2147249467,87.8068,0.50904,Idle
2147515959,87.8068,0.117676,Idle
2147766071,87.8068,0.104086,Idle
2148032644,32.3995,1,Idle
2148282736,32.3995,0.129766,Idle
2148549438,32.3995,0.752229,Idle
2148816504,32.3995,0.340493,Idle
2149082665,32.3995,0.372057,Idle
2149349279,32.3995,0.122505,Idle
2149599331,32.3995,0.103325,Idle
2149865967,32.3995,0.105806,Idle
2150115969,32.3995,0.114308,Idle
2150366020,26.602,1,Idle
2150616027,26.602,1,Idle
2150882933,26.602,0.677534,Idle
2151149259,26.602,1,Idle
2151415739,26.602,1,Idle
2151665833,26.602,0.483672,Idle
2151915880,32.1592,0.944364,Idle
2152182590,32.1592,1,Idle
2152449096,32.1592,1,Idle
2152699127,32.1592,1,Idle
2152965815,32.1592,0.802978,Idle
2153215988,37.5432,0.959963,Idle
2153483062,37.5432,1,Idle
2153749823,37.5432,1,Idle
2154015848,37.5432,1,Idle
2154282520,35.6447,1,Idle
2154549190,35.6447,1,Idle
2154816273,35.6447,1,Idle
2155082416,65.246,0.750062,Idle
2155332425,65.246,0.505915,Idle
2155582462,58.3771,1,Idle
2155849084,58.3771,1,Idle
2156115757,58.3771,1,Idle
2156365794,58.3771,0.910709,Idle
2156632339,58.3771,0.712738,Idle
2156882357,36.5844,1,Idle
2157132366,36.5844,0.883442,Idle
2157382574,36.5844,0.340812,Idle
2157649064,36.5844,0.93981,Idle
2157915732,36.5844,1,Idle
2158182313,36.5844,1,Idle
2158448953,36.5844,1,Idle
2158715528,36.5844,0.951141,Idle
2158965616,36.5844,0.943404,Idle
2159216011,33.9311,1,Idle
2159482418,33.9311,0.283166,Idle
2159749171,33.9311,0.130869,Idle
2160016043,33.9311,0.292826,Idle
2160282963,19.5011,1,Idle
2160549476,19.5011,0.221486,Idle
2160816609,63.3922,1,Idle
2161082669,63.3922,1,Idle
2161349676,63.3922,1,Idle
2161616064,63.3922,1,Idle
2161882334,63.3922,0.99462,Idle
2162148983,63.3922,0.715293,Idle
2162415585,60.7459,0.419053,Idle
2162682946,60.7459,1,Idle
2162949447,60.7459,0.526918,Idle
2163216533,60.7459,0.894871,Idle
2163482699,43.2197,0.456735,Idle
2163748800,60.7459,0.143653,Idle
2164016067,60.7459,0.13375,Idle
2164282932,58.4681,0.165131,Idle
2164548902,58.4681,0.124986,Idle
2164815843,100.02,0.149666,Idle
2165082318,64.7626,0.615234,Idle
2165349081,64.7626,0.321803,Idle
2165616424,64.7626,0.897586,Idle
2165882711,82.4937,0.787197,Idle
2166148998,86.6399,0.898156,Idle
2166415901,86.6399,1,Idle
2166683102,86.6399,1,Idle
2166949058,86.6399,0.680911,Idle
2167215885,86.6399,1,Idle
2167482386,86.6399,1,Idle
2167749126,86.6399,0.883584,Idle
2168015807,86.6399,1,Idle
2168282427,86.6399,1,Idle
2168549166,86.6399,0.517442,Idle
2168816182,86.6399,0.162453,Idle
2169082961,35.9065,0.152163,Idle
2169349362,35.9065,0.11218,Idle
2169616291,15.6757,1,Idle
2169882412,15.6757,0.590543,Idle
2170149553,36.5155,0.748286,Idle
2170415765,36.5155,0.213587,Idle
2170682903,52.3946,1,Idle
2170949743,52.3946,0.98841,Idle
2171215597,52.3946,0.443105,Idle
2171483031,68.9836,0.949918,Idle
2171748963,68.9836,1,Idle
2172016366,68.9836,1,Idle
2172282807,68.9836,1,Idle
2172549649,49.0982,0.93709,Idle
2172816157,49.0982,0.284334,Idle
2173083105,49.0982,0.1223,Idle
2173349691,49.0982,0.15092,Idle
2173615673,49.0982,0.106302,Idle
2173882681,47.3801,1,Idle
2174149152,47.3801,1,Idle
2174415865,47.3801,1,Idle
2174682953,47.3801,1,Idle
2174949086,47.3801,0.772582,Idle
2175215482,47.3801,0.653208,Idle
2175482510,47.3801,1,Idle
2175749770,31.0205,1,Idle
2176015829,31.0205,0.358667,Idle
2176282778,31.0205,0.663223,Idle
2176549638,31.0205,0.930321,Idle
2176815970,31.0205,0.855002,Idle
2177082684,31.0205,0.495248,Idle
2177349327,31.0205,0.890772,Idle
2177616072,31.0205,1,Idle
2177882844,31.0205,0.203805,Idle
2178149373,31.0205,0.116081,Idle
2178415687,31.0205,0.113177,Idle
2178682909,25.8241,0.73328,Idle
2178949471,25.8241,0.676359,Idle
2179215631,25.8241,0.983949,Idle
2179482519,25.8241,0.124993,Idle
2179749169,25.8241,0.130561,Idle
2180015572,29.4693,1,Idle
2180282500,29.4693,1,Idle
2180549592,29.4693,1,Idle
2180815983,29.4693,0.409992,Idle
2181082327,29.4693,0.959978,Idle
2181349743,29.4693,0.16237,Idle
2181616559,29.4693,0.10465,Idle
2181882275,39.295,0.569065,Idle
2182149244,30.8212,1,Idle
2182415637,30.8212,1,Idle
2182682392,30.8212,1,Idle
2182948912,30.8212,0.693903,Idle
2183216342,37.0123,0.349022,Idle
2183482466,37.0123,0.599026,Idle
2183749221,37.0123,0.146826,Idle
2184015734,37.0123,0.159394,Idle
2184283540,37.0123,0.854209,Idle
2184550047,37.0123,0.251129,Idle
2184816376,33.82,1,Idle
2185082943,33.82,0.930557,Idle
2185349274,33.82,0.227536,Idle
2185616228,38.4721,0.791131,Idle
2185882268,38.4721,1,Idle
2186149497,38.4721,0.371689,Idle
2186416112,38.4721,0.49216,Idle
2186682704,38.4721,0.110673,Idle
2186949620,38.4721,0.122406,Idle
2187216116,38.4721,0.133798,Idle
2187482572,38.4721,0.0983192,Idle
2187748980,38.4721,0.146181,Idle
2188016401,38.4721,0.672571,Idle
2188282289,38.4721,0.694874,Idle
2188549610,38.4721,0.765405,Idle
2188815996,38.4721,0.915259,Idle
2189082399,38.4721,0.133356,Idle
2189349162,38.4721,0.109716,Idle
2189616280,38.4721,0.100502,Idle
2189882601,38.4721,0.134155,Idle
2190148879,38.4721,0.1087,Idle
2190415860,38.4721,0.116785,Idle
2190682683,38.4721,0.0905381,Idle
2190949101,38.4721,0.142872,Idle
2191215694,38.4721,0.14149,Idle
2191482851,38.4721,0.860704,Idle
2191749287,9.77801,0.859245,Idle
2192015751,9.77801,1,Idle
2192282395,9.77801,0.134219,Idle
2192549496,9.77801,0.492564,Idle
2192815964,9.77801,0.13313,Idle
2193082600,9.77801,0.11416,Idle
2193349330,9.77801,0.104183,Idle
2193616241,9.77801,0.103264,Idle
2193882535,18.8055,1,Idle
2194149048,18.8055,0.627937,Idle
2194416130,18.8055,1,Idle
2194682400,43.6293,1,Idle
2194949096,43.6293,0.417316,Idle
2195216497,43.6293,0.404044,Idle
2195482852,43.6293,1,Idle
2195749068,43.6293,1,Idle
2196016291,43.6293,0.635862,Idle
2196282326,43.6293,0.936013,Idle
2196549410,43.6293,0.591038,Idle
2196815740,43.6293,0.129977,Idle
2197082577,17.8933,1,Idle
2197349168,17.8933,1,Idle
2197615860,17.8933,0.673009,Idle
2197883047,17.8933,0.129065,Idle
2198149516,72.9564,1,Idle
2198415742,72.9564,0.256261,Idle
2198682453,72.9564,1,Idle
2198949503,72.9564,1,Idle
2199216096,72.9564,0.902135,Idle
2199483102,72.9564,0.907525,Idle
2199748991,72.9564,1,Idle
2200016190,72.9564,0.645225,Idle
2200283357,72.9564,0.78549,Idle
2200549187,72.9564,0.894342,Idle
2200815767,72.9564,0.542515,Idle
2201082622,72.9564,1,Idle
2201348992,72.9564,0.207141,Idle
2201615768,72.9564,0.0865033,Idle
2201882749,72.9564,0.117403,Idle
2202149058,43.8921,0.446632,Idle
2202416081,43.8921,0.339883,Idle
2202682845,43.8921,0.379425,Idle
2202949401,43.8921,0.156041,Idle
2203216069,66.7278,0.139102,Idle
2203482533,35.5065,0.781882,Idle
2203749473,35.5065,0.480231,Idle
2204015838,35.5065,1,Idle
2204283105,35.5065,1,Idle
2204549242,35.5065,0.147864,Idle
2204815970,52.4784,0.760612,Idle
2205083105,52.4784,0.20697,Idle
2205349250,37.2097,1,Idle
2205615725,37.2097,1,Idle
2205882440,37.2097,0.135828,Idle
2206149021,62.3317,0.357147,Idle
2206415552,62.3317,0.221431,Idle
2206682950,62.3317,1,Idle
2206946979,62.3317,1,Idle
2207216357,62.3317,1,Idle
2207482417,62.3317,0.807377,Idle
2207746961,62.3317,0.386985,Idle
2208015646,62.3317,0.842854,Idle
2208282526,62.3317,0.143542,Idle
2208549298,62.3317,0.111424,Idle
2208816140,62.3317,0.115934,Idle
2209080171,62.3317,0.122768,Idle
2209330291,33.1351,0.309252,Idle
2209580370,33.1351,0.119986,Idle
2209846942,33.1351,0.257482,Idle
2210096979,33.1351,0.146643,Idle
2210363584,15.8772,1,Idle
2210630179,15.8772,0.498863,Idle
2210896948,15.8772,0.0970117,Idle
2211163533,58.1595,1,Idle
2211430154,58.1595,1,Idle
2211680177,58.1595,1,Idle
2211930207,58.1595,0.855543,Idle
2212196748,51.5466,1,Idle
2212446848,51.5466,0.300745,Idle
2212696859,51.5466,0.117859,Idle
2212963568,63.4508,0.266662,Idle
2213230135,72.7445,0.36205,Idle
2213496758,85.6791,0.564819,Idle
2213763447,85.6791,0.417465,Idle
2214030023,85.6791,0.225249,Idle
2214280102,85.6791,0.15187,Idle
2214546676,61.6535,0.571155,Idle
2214796790,61.6535,0.40193,Idle
2215063431,61.6535,0.594205,Idle
2215330096,48.4019,0.907139,Idle
2215596752,48.4019,0.520109,Idle
2215846936,48.4019,0.299896,Idle
2216097073,48.4019,0.413274,Idle
2216363411,48.4019,0.19355,Idle
2216613494,48.4019,0.131981,Idle
2216880101,48.4019,0.118456,Idle
2217146535,48.4019,1,Idle
2217396640,48.4019,0.944031,Idle
2217786814,48.4019,1,Idle
2218052138,48.4019,0.935627,Idle
2218306465,48.4019,0.962406,Idle
2218563655,48.4019,0.245396,Idle
2218816999,48.4019,0.51049,Idle
2219079859,48.4019,0.655829,Idle
2219346258,48.4019,0.36929,Idle
2219596328,48.4019,0.317428,Idle
2219862881,48.4019,0.446676,Idle
2220129590,48.4019,0.163337,Idle
2220396219,48.4019,0.0865356,Idle
2220662839,48.4019,0.112662,Idle
2220912882,48.4019,0.097553,Idle
2221179531,48.4019,0.110288,Idle
2221446119,48.4019,0.174239,Idle
2221696153,17.8412,0.127458,Idle
2221946403,17.8412,0.12098,Idle
2222212731,17.8412,0.124221,Idle
2222462868,17.8412,0.0894779,Idle
2222729412,17.8412,0.0948179,Idle
2222979900,17.8412,0.0976612,Idle
2223246069,17.8412,0.149402,Idle
2223496544,17.8412,0.14698,Idle
2223746555,17.8412,0.125678,Idle
2224012706,17.8412,0.102658,Idle
2224279416,17.8412,0.122495,Idle
2224546079,17.8412,0.170471,Idle
2224812602,17.8412,0.193719,Idle
2225062644,17.8412,0.0946611,Idle
2225312657,17.8412,0.11551,Idle
2225562668,17.8412,0.121523,Idle
2225829297,20.6328,0.119036,Idle
2226079299,20.6328,0.561518,Idle
2226345962,20.6328,0.144799,Idle
2226612615,20.6328,0.222945,Idle
2226879247,29.8231,0.799553,Idle
2227129253,29.8231,0.878576,Idle
2227395909,29.8231,0.939182,Idle
2227645918,29.8231,0.292669,Idle
2227912525,29.8231,1,Idle
2228179227,29.8231,0.801017,Idle
2228445821,29.8231,1,Idle
2228712439,29.8231,1,Idle
2228962460,29.8231,1,Idle
2229212501,14.6815,0.861574,Idle
2229462522,14.6815,0.526382,Idle
2229729172,14.6815,0.113857,Idle
2229995817,14.6815,0.154024,Idle
2230262431,40.6372,1,Idle
2230512482,40.6372,0.709073,Idle
2230779106,40.6372,0.329563,Idle
2231029134,74.3553,0.498109,Idle
2231295726,69.0947,0.94223,Idle
2231562421,69.0947,0.695006,Idle
2231829076,69.0947,0.38812,Idle
2232095693,69.0947,0.427084,Idle
2232362321,69.0947,1,Idle
2232628950,69.0947,1,Idle
2232879007,69.0947,0.621775,Idle
2233145653,69.0947,0.748833,Idle
2233395715,57.4816,0.607906,Idle
2233662333,57.4816,0.634118,Idle
2233928966,102.218,0.552603,Idle
2234195629,102.218,0.263631,Idle
2234445635,102.218,0.396455,Idle
2234695651,67.7373,0.515016,Idle
2234962280,67.7373,0.637294,Idle
2235228943,67.7373,0.616455,Idle
2235495611,67.7373,0.32988,Idle
2235762265,24.4371,0.571043,Idle
2236028872,24.4371,0.505677,Idle
2236278875,54.5064,0.453006,Idle
2236545524,54.5064,0.62083,Idle
2236812190,54.5064,0.567228,Idle
2237062239,54.5064,0.48298,Idle
2237328875,54.5064,0.337912,Idle
2237595506,54.5064,0.636442,Idle
2237862163,54.5064,0.350694,Idle
2238128798,25.6841,0.568197,Idle
2238395455,25.6841,0.563932,Idle
2238662117,25.6841,0.549881,Idle
2238928764,25.6841,0.585721,Idle
2239195486,25.6841,0.2626,Idle
2239462119,25.6841,0.0916844,Idle
