timestampMicros,label,intensity
3748043,P1_synthetic,0.806413
3748043,P2_synthetic,0
3831130,P1_detected,0.2
3831130,P2_detected,0.2
5324399,P1_fallback,0.317672
5710910,P2_fallback,0.2
6311310,P1_fallback,0.312942
6350905,P2_fallback,0.835523
7311420,P1_fallback,0.323745
7472156,P2_fallback,0.218126
8324403,P1_fallback,0.586901
8578534,P2_fallback,1
8591108,P1_fallback,0.304789
9311022,P1_fallback,0.371031
10310986,P1_fallback,0.251731
10405028,P1_fallback,0.220164
11310941,P1_fallback,0.529795
11405339,P1_fallback,0.945435
11898672,P1_fallback,1
11937684,P2_detected,1
12430989,P2_detected,0.896058
12604980,P1_detected,0.634878
12937953,P2_detected,0.275842
13444892,P2_detected,0.685428
13938016,P2_detected,0.322655
14124592,P1_fallback,0.6
14484100,P2_fallback,0.33898
14510895,P1_fallback,0.486888
15084138,P2_detected,1
15897670,P2_detected,0.80758
16031483,P1_fallback,0.389716
16110802,P1_fallback,0.685236
16444419,P2_detected,0.403822
17031612,P2_detected,0.383181
17604772,P2_detected,0.396795
17632047,P1_fallback,0.2
18164758,P2_fallback,0.574428
18902682,P1_fallback,0.2
19501217,P2_fallback,0.358106
19984458,P1_fallback,0.318936
20537622,P2_fallback,1
20584336,P1_fallback,0.270596
21451023,P1_fallback,0.480488
22417783,P1_fallback,0.798382
22717658,P2_fallback,1
23034233,P1_fallback,0.599984
23984287,P1_fallback,0.6
24134264,P1_fallback,1
24217616,P2_fallback,1
25134193,P1_fallback,0.212947
25234240,P2_fallback,1
25750814,P2_detected,1
26650841,P1_detected,0.534158
26684203,P1_fallback,0.288923
27034207,P2_detected,1
27584186,P2_detected,1
27684082,P1_detected,0.44434
28167417,P2_detected,1
28750788,P1_detected,0.841789
29883975,P1_detected,1
30684002,P1_detected,0.406635
31283972,P1_detected,1
32134090,P1_detected,1
32217228,P2_detected,0.462952
33650734,P1_detected,0.6
34133977,P1_fallback,0.695971
34467195,P2_fallback,1
34983906,P2_detected,0.683161
35650428,P1_fallback,0.6
36667203,P1_fallback,0.27641
36850378,P2_fallback,1
37300349,P1_fallback,0.33839
37767091,P2_fallback,1
37850429,P1_fallback,1
38567043,P1_detected,0.46279
38833691,P2_detected,1
39367070,P2_detected,1
39900380,P2_detected,1
40083953,P1_fallback,0.2
40933554,P1_fallback,0.2
41750319,P2_fallback,1
41817156,P1_fallback,0.2
42250322,P2_fallback,1
42483770,P1_fallback,0.395048
42766926,P2_fallback,1
43100241,P1_fallback,0.2
43566855,P1_fallback,0.313271
44928177,P1_fallback,0.502166
44928177,P2_fallback,1
44928177,P2_fallback,1
45319311,P1_fallback,0.291261
46031133,P1_fallback,0.273289
46630741,P1_fallback,0.209131
47043980,P1_fallback,0.309487
47537791,P2_fallback,1
47911027,P1_fallback,0.2
48790654,P1_fallback,0.2
49149778,P2_fallback,1
49649637,P1_fallback,0.270241
50532962,P1_fallback,0.265991
50599615,P1_fallback,0.377388
51399590,P1_fallback,0.223157
51932907,P2_fallback,1
52266213,P1_fallback,0.231908
53149501,P1_fallback,0.441498
53999452,P1_fallback,0.397549
54882757,P1_fallback,0.553394
55082753,P2_fallback,1
55282768,P1_fallback,1
55899378,P1_fallback,0.431603
56166056,P2_fallback,1
56616972,P1_fallback,0.59987
57016011,P2_fallback,1
57482637,P1_fallback,0.499466
57765995,P2_fallback,0.845008
58365976,P1_fallback,0.456974
58599246,P2_fallback,0.950969
59015971,P1_fallback,0.55171
59515927,P1_fallback,0.833613
59749193,P2_fallback,1
60315884,P2_detected,1
60582547,P1_detected,0.877136
62099131,P1_detected,0.475445
62982488,P2_fallback,1
63265761,P1_fallback,0.233808
63549156,P2_fallback,1
63699118,P1_fallback,0.327578
64315767,P2_fallback,1
64432395,P1_fallback,0.294393
65582397,P1_fallback,0.599978
66749038,P1_fallback,0.6
67515577,P2_fallback,1
67915579,P1_fallback,0.571602
68782287,P1_fallback,1
69398851,P1_fallback,0.469469
70297729,P2_fallback,0.914754
70377719,P1_fallback,0.830447
70798840,P2_fallback,1
70982075,P1_fallback,0.599934
71315416,P2_fallback,1
71615485,P1_fallback,0.6
72781982,P1_fallback,0.6
72932220,P2_fallback,1
73848687,P2_fallback,1
73948678,P1_fallback,0.59889
75115316,P1_fallback,0.555804
75965240,P1_fallback,0.355576
75965240,P2_fallback,1
76581856,P1_fallback,0.599671
77448550,P1_fallback,0.6
78598573,P1_fallback,0.285019
78981856,P2_fallback,0.983686
79515174,P2_fallback,0.913016
79765130,P1_fallback,0.2
80015153,P2_fallback,0.46195
80798445,P2_fallback,1
80931781,P1_fallback,0.2
81331758,P2_fallback,0.84746
81865113,P2_fallback,1
82098405,P1_fallback,0.2
82498374,P2_fallback,1
83248348,P1_fallback,0.484402
84248314,P2_fallback,1
84414966,P1_fallback,0.404792
85148290,P2_fallback,1
85598265,P1_fallback,0.2
86748168,P1_fallback,0.547131
87914819,P1_fallback,0.463474
88231474,P2_fallback,1
89081463,P1_fallback,0.320889
89714779,P2_fallback,0.586859
90248064,P1_fallback,0.206132
90248064,P2_fallback,0.377681
90798071,P2_fallback,0.361911
91398094,P1_fallback,0.290751
92564652,P1_fallback,0.419266
93731253,P1_fallback,0.298777
94897905,P1_fallback,0.2
95164492,P2_fallback,0.390157
95697899,P2_fallback,0.343006
95764519,P1_fallback,0.210611
96331170,P2_fallback,1
96381176,P1_fallback,0.201091
97231157,P1_fallback,0.390844
97231157,P2_fallback,1
97864438,P2_fallback,0.561985
98364452,P2_fallback,1
98397774,P1_fallback,0.264549
98997779,P2_fallback,0.563868
99547659,P1_fallback,0.244116
99881028,P2_fallback,1
100414347,P2_fallback,0.606899
100714310,P1_fallback,0.203271
100964337,P2_fallback,0.72479
101314306,P1_fallback,0.2866
101914289,P1_fallback,0.2
102897573,P2_fallback,1
103047525,P1_fallback,0.2
103397538,P2_fallback,1
103547547,P1_fallback,0.362381
104197510,P1_fallback,0.2
104230881,P2_fallback,1
104980776,P2_fallback,0.46149
105364093,P1_fallback,0.253626
106530721,P1_fallback,0.233347
107214048,P2_fallback,1
107697386,P1_fallback,0.222327
108647332,P2_fallback,1
108863943,P1_fallback,0.2
109580610,P2_fallback,1
110030619,P1_fallback,0.2
110497225,P2_fallback,1
111197206,P1_fallback,0.2
111397224,P2_fallback,1
112297221,P2_fallback,1
112347186,P1_fallback,0.2
112630504,P1_fallback,0.240015
113230508,P2_fallback,1
113513808,P1_fallback,0.2
113647172,P1_fallback,0.241911
113747185,P2_fallback,1
114763735,P2_detected,0.889934
115163739,P1_fallback,0.225229
117180331,P2_fallback,0.990747
117263657,P1_fallback,0.250293
118146971,P2_fallback,1
119363608,P1_fallback,0.2
119580242,P2_fallback,0.466273
120113546,P2_fallback,0.910463
121480144,P1_fallback,0.2
121896800,P1_fallback,0.255494
122246801,P2_fallback,0.605881
123580092,P1_fallback,0.2
123896723,P1_fallback,0.2
125329979,P2_fallback,0.343277
125696622,P1_fallback,0.2
125863293,P2_fallback,0.536175
126379950,P2_fallback,0.51084
126896583,P2_fallback,0.607667
127079898,P1_fallback,0.264486
127446523,P2_fallback,0.567841
127796556,P1_fallback,0.2
128013215,P2_fallback,0.492049
128079794,P1_fallback,0.237394
128813173,P2_detected,0.505524
129597131,P1_detected,0.2
129713802,P2_fallback,0.566272
130530412,P2_fallback,0.845624
131080323,P2_fallback,0.552613
131130319,P1_fallback,0.223957
131747009,P1_fallback,0.2
131963629,P2_fallback,0.542922
133296953,P1_fallback,0.2
134163545,P2_fallback,0.605046
134330203,P1_fallback,0.278346
134946888,P2_fallback,0.787591
135130189,P1_fallback,0.2
135496841,P2_fallback,0.557666
136980095,P1_fallback,0.2
137213435,P2_fallback,0.645816
137796745,P2_fallback,0.555506
138830017,P1_fallback,0.2
139563311,P2_fallback,0.689742
140146636,P2_fallback,0.559211
140679955,P1_fallback,0.2
141479882,P1_fallback,0.284484
142513207,P1_fallback,0.347321
142946542,P2_fallback,0.695441
143496471,P2_detected,0.468722
143546506,P1_detected,0.2
145063100,P1_fallback,0.2
146629703,P1_fallback,0.2
146779708,P2_fallback,0.339312
147646358,P2_fallback,0.454476
148213022,P1_fallback,0.2
148229674,P2_fallback,0.468196
148596298,P1_fallback,0.215585
149112958,P2_fallback,0.739789
149712959,P2_fallback,0.644249
149796284,P1_fallback,0.2
150529571,P2_fallback,0.335507
151096218,P2_fallback,0.619475
151379542,P1_fallback,0.2
152262862,P2_fallback,0.435828
152846164,P2_fallback,0.516367
152962799,P1_fallback,0.2
153429438,P2_fallback,0.467544
153996096,P2_fallback,0.92475
154546078,P1_fallback,0.29747
155762722,P1_fallback,0.265361
156379306,P1_fallback,0.48412
156529300,P1_fallback,0.480432
157245942,P2_detected,0.428001
157329274,P1_detected,0.516036
158362563,P2_detected,0.431086
158845876,P1_detected,0.6
160095811,P1_fallback,0.6
160645862,P1_fallback,1
161245822,P1_fallback,1
161479102,P2_detected,0.509192
162079096,P2_detected,0.337102
162662420,P2_detected,0.359092
162745772,P1_detected,0.56368
163262422,P2_fallback,0.356881
163812440,P1_fallback,0.463062
164462354,P1_fallback,0.242291
164495692,P2_fallback,0.357663
165062342,P1_fallback,0.30328
165145691,P1_fallback,0.22175
165412298,P2_detected,0.659083
165795623,P1_detected,0.267688
166012247,P2_detected,0.419279
166395617,P1_detected,0.528285
167212233,P2_detected,0.366846
167912238,P1_detected,0.6
168728825,P1_fallback,0.599122
169528841,P1_fallback,0.6
170012207,P1_fallback,0.207642
170028813,P2_fallback,0.338036
170628736,P1_fallback,0.462989
171162045,P1_fallback,0.599365
171795383,P2_fallback,1
171978715,P1_fallback,0.6
172445348,P2_fallback,1
172795338,P1_fallback,0.599236
173595273,P1_fallback,0.6
174428611,P1_fallback,0.6
174595314,P2_fallback,0.325852
175228581,P1_fallback,0.2
175395270,P2_fallback,0.411421
175845247,P1_fallback,0.541818
176045223,P1_fallback,0.238265
176861868,P1_fallback,0.2
177011860,P1_fallback,0.240143
177145185,P2_fallback,0.707844
177678498,P1_fallback,0.208193
177745174,P2_fallback,0.341441
178311821,P1_fallback,0.256193
178911804,P1_fallback,0.2
179261784,P2_fallback,0.539832
179278452,P1_fallback,0.2
180111769,P2_detected,0.384828
180261728,P1_detected,0.202393
180711720,P2_detected,0.533924
181145055,P1_detected,0.907541
182511641,P2_detected,0.374161
182661649,P1_fallback,0.6
183128304,P1_fallback,0.60425
184178212,P1_detected,0.2
185428197,P1_detected,0.40744
185428197,P2_detected,1
186944790,P1_fallback,0.6
187878102,P1_fallback,1
188478071,P1_fallback,0.6
188878065,P2_fallback,0.86048
189311382,P1_fallback,0.6
190394661,P1_fallback,0.452884
190694643,P2_fallback,1
190927971,P1_fallback,1
191494584,P2_detected,1
191977266,P2_detected,1
192444000,P1_detected,0.462179
192560663,P2_fallback,0.819229
192727279,P1_fallback,0.212694
193127253,P2_detected,0.334142
193777234,P2_detected,0.979786
194243910,P1_fallback,0.2
194510595,P2_fallback,1
195410521,P1_fallback,0.358298
195643850,P2_fallback,0.481484
196593825,P1_fallback,0.332617
197027133,P1_fallback,0.379357
197160476,P2_fallback,0.702087
197777085,P1_fallback,0.333504
197860438,P2_fallback,0.529631
198943724,P1_fallback,0.2
199193731,P2_fallback,0.62456
200093703,P2_fallback,0.906737
200127010,P1_fallback,0.2
201310293,P1_fallback,0.2
202293573,P1_fallback,0.21021
202910234,P1_fallback,0.2
203193521,P2_fallback,0.322267
203660198,P1_fallback,0.319203
203676883,P2_fallback,1
203693516,P1_fallback,0.558894
204160197,P2_fallback,1
204826799,P1_fallback,0.598725
205360185,P2_fallback,1
206010145,P1_fallback,0.589992
206343464,P2_fallback,1
207193429,P1_fallback,0.254302
207760070,P2_fallback,0.929182
208293368,P2_fallback,0.448578
208359998,P1_fallback,0.269334
209210009,P2_fallback,0.998173
209543280,P1_fallback,0.259787
209809969,P2_fallback,0.878638
210676605,P2_fallback,1
210726572,P1_fallback,0.2
211526570,P2_fallback,0.477514
211909883,P1_fallback,0.211213
212209876,P2_fallback,0.500718
212776550,P1_fallback,0.301116
212959845,P2_fallback,1
213393143,P1_fallback,0.2
213576461,P2_fallback,0.781144
214243082,P1_fallback,0.202883
214459765,P2_fallback,0.868741
215442995,P1_fallback,0.2025
215442995,P2_fallback,1
216026393,P2_fallback,1
216609661,P1_fallback,0.297808
216893020,P2_fallback,1
217792963,P1_fallback,0.487124
218959603,P1_fallback,0.321813
220142883,P1_fallback,0.316506
220142883,P2_fallback,0.938388
220726196,P2_fallback,0.655056
221326185,P1_fallback,0.314647
222142836,P2_fallback,0.579539
222492778,P1_fallback,0.2
222726105,P2_fallback,1
223659413,P2_fallback,0.649762
223676075,P1_fallback,0.2
224259354,P2_fallback,0.830537
224859372,P1_fallback,0.2
224859372,P2_fallback,0.894127
226026001,P1_fallback,0.2
226525975,P2_fallback,1
227025889,P2_fallback,1
227209248,P1_fallback,0.537768
228392532,P1_fallback,0.599069
228509205,P1_fallback,0.455401
228742553,P2_fallback,1
229575830,P1_fallback,0.249366
230042490,P2_fallback,0.423632
230509108,P1_fallback,0.654138
231109144,P1_fallback,0.222014
231409112,P2_fallback,0.857087
231492403,P1_fallback,0.2
232559010,P2_detected,0.932443
232842338,P1_detected,1
233159010,P2_detected,0.508384
233575608,P1_detected,0.2
233792344,P2_detected,0.437358
234458930,P2_detected,0.601847
235075589,P1_detected,0.2
235225634,P2_fallback,0.691173
235692245,P2_fallback,0.906363
236325569,P1_fallback,0.2
236608914,P2_fallback,0.442562
237242206,P2_fallback,0.664999
237592213,P1_fallback,0.2
237608842,P1_fallback,0.243279
237892186,P2_fallback,0.650532
238508820,P2_fallback,0.55873
238592142,P1_fallback,0.2
239108759,P2_detected,0.648266
239708736,P2_detected,0.53215
240108750,P1_fallback,0.2
240308744,P2_fallback,0.50899
240892083,P1_fallback,1
240925393,P2_fallback,0.778916
241508697,P1_fallback,0.226778
241792029,P1_fallback,1
242725296,P2_detected,0.463423
243308684,P1_fallback,0.6
243341975,P2_fallback,0.688767
243958621,P2_fallback,1
244558578,P1_fallback,0.245314
245158514,P1_fallback,0.263866
245858479,P1_fallback,0.599174
247141778,P1_fallback,0.6
247491801,P2_fallback,0.689017
248058488,P2_fallback,0.570566
248408423,P1_fallback,0.2
248775084,P1_fallback,0.396974
249691700,P1_fallback,0.582216
249758361,P2_fallback,0.618571
250141646,P1_fallback,0.31569
250341678,P2_fallback,0.535148
250941648,P2_fallback,0.657558
250974969,P1_fallback,0.4749
251524963,P2_fallback,0.558065
252258316,P1_fallback,0.550641
252408408,P2_fallback,1
253341588,P2_fallback,1
253541599,P1_fallback,0.208576
253924892,P2_fallback,0.512879
254391581,P1_fallback,0.362323
254524889,P2_fallback,0.627602
254991525,P1_fallback,0.2
255108223,P2_fallback,0.538717
255708203,P1_fallback,0.2
255741523,P2_fallback,0.450565
256308173,P1_fallback,0.2
256324755,P1_fallback,0.222736
256324755,P2_fallback,0.575598
256924796,P2_detected,0.423499
257508065,P2_detected,0.709328
257841403,P1_fallback,0.2
258674738,P2_fallback,0.748909
259024694,P1_fallback,0.2
259258019,P2_fallback,0.439219
259591326,P1_fallback,0.2
259841330,P2_fallback,0.614518
260224667,P1_fallback,0.2
260441296,P2_fallback,0.599261
261057960,P2_fallback,0.66921
261241298,P1_fallback,0.287073
261841269,P1_fallback,0.2
262241227,P1_fallback,0.308714
262274576,P2_fallback,0.676393
263091172,P2_detected,0.595123
263757802,P1_fallback,0.2
264675463,P2_fallback,0.23287
265074453,P1_fallback,0.2
265307747,P1_fallback,0.241343
265424461,P2_fallback,1
266191065,P2_fallback,1
266324379,P1_fallback,0.2
267840995,P1_fallback,0.2
268457636,P2_fallback,0.253849
269207619,P1_fallback,0.2
269390960,P1_fallback,0.257704
270540885,P2_fallback,0.661589
270574204,P1_fallback,0.2
271940846,P1_fallback,0.229499
272157510,P2_fallback,1
273307448,P1_fallback,0.599573
273874094,P1_fallback,0.203825
274674080,P1_fallback,0.215892
275624058,P1_fallback,0.228129
275624058,P2_fallback,0.608388
276174036,P2_fallback,0.64845
276240657,P1_fallback,0.2
276957341,P1_fallback,0.260123
277307323,P2_fallback,0.773108
277557298,P1_fallback,0.2
277773908,P2_fallback,1
277873942,P1_fallback,0.680238
279373880,P1_detected,0.6
279473892,P1_fallback,1
280373841,P2_detected,0.806681
280690401,P1_detected,1
281907071,P2_detected,1
282190421,P1_detected,0.598579
282673746,P2_fallback,1
283557066,P1_fallback,0.6
283740345,P2_fallback,1
284940329,P1_fallback,0.533855
285206958,P2_fallback,1
286306916,P1_fallback,0.515095
287173536,P1_fallback,0.241603
287773522,P2_fallback,1
287790154,P1_fallback,0.37301
288306847,P2_fallback,0.787061
288423504,P1_fallback,0.255292
289073499,P1_fallback,0.530681
289123489,P2_fallback,0.882138
289856775,P1_fallback,0.564676
290456761,P1_fallback,0.272582
290973456,P2_fallback,0.401995
291140063,P1_fallback,0.401731
291823426,P1_fallback,0.599795
292156706,P2_fallback,1
292773346,P1_fallback,0.438126
292940039,P2_fallback,1
293389955,P1_fallback,0.597939
294573259,P1_fallback,0.6
295939882,P1_fallback,0.424703
296423185,P2_fallback,1
297323132,P1_fallback,0.57115
298323083,P2_fallback,1
298706468,P1_fallback,0.590384
299089750,P1_fallback,0.395482
299089750,P2_fallback,1
299673081,P1_fallback,1
301189623,P1_detected,0.409193
301606362,P2_fallback,1
302389557,P1_fallback,0.525976
302556345,P2_fallback,1
303339502,P2_fallback,1
303589534,P1_fallback,0.420365
304122822,P1_fallback,1
304990548,P1_fallback,0.508471
305689470,P2_fallback,0.67738
306189450,P1_fallback,0.541355
306256162,P1_fallback,0.226056
306356099,P2_fallback,0.800607
307376247,P1_fallback,0.599487
308589345,P1_fallback,0.6
309306015,P2_fallback,1
309789276,P1_fallback,0.391048
310705925,P2_fallback,0.629864
310855941,P1_fallback,0.635015
311272614,P2_fallback,1
311472658,P1_fallback,0.332693
312189165,P1_fallback,0.499978
313039179,P2_fallback,1
313372494,P1_fallback,0.543168
313955845,P2_fallback,0.618286
313989517,P1_fallback,0.243742
314522504,P1_fallback,0.237073
315089112,P2_detected,0.748942
315639056,P2_detected,0.410392
316039068,P1_detected,0.353253
317272324,P1_fallback,0.599988
318188927,P1_fallback,0.302321
318422642,P2_fallback,0.904825
318705614,P1_fallback,0.584853
319222239,P2_detected,1
319238888,P1_detected,0.219443
320738869,P1_detected,0.572286
321572139,P1_fallback,0.303476
321688865,P1_fallback,0.321047
321722193,P2_fallback,0.791366
322288860,P1_fallback,0.684213
323288747,P2_detected,1
323805448,P1_fallback,0.588188
324638797,P1_fallback,0.391485
325488652,P1_fallback,0.2
325805303,P1_fallback,0.2
326071999,P2_fallback,0.539625
326405364,P1_fallback,0.2
326638666,P2_fallback,0.362127
326822004,P1_fallback,0.2
327205282,P2_fallback,0.458108
327788660,P2_detected,0.464704
327855239,P1_detected,0.2
328388504,P2_detected,0.281351
328870031,P1_detected,0.2
329005414,P2_detected,0.369163
330388473,P1_fallback,0.268118
331405093,P1_fallback,0.203227
331421769,P2_fallback,1
331855042,P1_fallback,0.2
332005030,P2_fallback,1
332471676,P1_fallback,0.2
332571761,P2_fallback,1
332838399,P1_fallback,0.2
333155071,P2_fallback,1
333721667,P2_detected,1
333838327,P1_detected,0.2
334271652,P2_detected,1
334838319,P1_detected,0.2
334854980,P2_detected,1
336021594,P2_detected,1
336354861,P1_detected,0.44822
337438187,P1_fallback,0.306784
337854896,P2_fallback,1
337888196,P1_fallback,0.216627
338471489,P2_fallback,1
338521461,P1_fallback,0.2
339588113,P1_fallback,0.250683
339638145,P2_fallback,1
339888129,P1_fallback,0.2
340221406,P2_fallback,1
340671398,P1_fallback,0.2
340904714,P1_fallback,0.218598
341154702,P2_fallback,1
341721327,P2_detected,1
341921345,P1_detected,0.200993
342221324,P2_detected,0.653786
342921609,P1_detected,0.314005
343088056,P2_detected,1
343937962,P1_detected,0.201258
345454510,P1_fallback,0.489254
345771170,P2_fallback,1
345787816,P1_fallback,0.207038
346987925,P1_detected,0.218329
348504379,P1_fallback,0.415642
348937724,P2_fallback,1
349654363,P2_fallback,1
349721403,P1_fallback,0.496399
350337684,P2_fallback,0.904885
350870989,P1_fallback,0.221555
351104377,P2_fallback,1
351487650,P1_fallback,0.2
351687601,P2_fallback,1
352154232,P1_fallback,0.366913
352704251,P2_fallback,1
353270876,P2_fallback,1
353387504,P1_fallback,0.479154
353587513,P1_fallback,1
353754207,P2_fallback,1
355150490,P2_fallback,1
355350385,P1_fallback,0.411161
355683343,P1_fallback,1
355737062,P2_fallback,1
356270014,P2_fallback,1
356483329,P1_fallback,1
356910000,P2_detected,0.821096
357176603,P1_detected,0.569766
357469989,P2_detected,1
357887544,P1_detected,0.611034
358522933,P2_detected,0.288736
359187246,P1_detected,0.351396
359187246,P2_detected,0.434964
359953906,P2_detected,0.260838
360703886,P1_fallback,0.2
360953914,P1_fallback,0.355619
362470459,P1_fallback,0.6
363287163,P2_fallback,0.577821
363587167,P1_fallback,0.452493
363770495,P1_fallback,0.242735
363787092,P2_fallback,1
364353830,P1_fallback,1
364820443,P2_detected,0.247526
364887092,P1_detected,0.249927
365387088,P2_detected,0.2466
366403719,P1_detected,0.362885
366487015,P2_fallback,1
367236945,P1_fallback,0.598588
367787003,P2_fallback,0.784814
368070259,P1_fallback,0.565222
368886920,P1_fallback,0.599991
369303609,P1_fallback,0.216
369353600,P2_fallback,0.775948
369836876,P1_fallback,0.2
369836876,P2_fallback,0.604522
371353407,P1_detected,0.6
372203467,P1_fallback,0.6
372503441,P2_fallback,0.72337
372520087,P1_fallback,0.254799
373136757,P1_fallback,0.598704
373420086,P2_fallback,0.888653
373436705,P1_fallback,0.29951
374936654,P2_detected,0.426243
374953341,P1_fallback,0.45662
374970003,P1_fallback,0.447493
376386626,P2_detected,0.85377
376486553,P1_fallback,0.6
377236542,P2_fallback,0.28601
377486589,P1_fallback,0.264051
378103153,P1_fallback,0.492397
378636476,P1_fallback,0.599501
379086487,P2_fallback,1
379736548,P1_fallback,0.315129
380803113,P1_fallback,0.599973
381903076,P1_fallback,0.329084
381936428,P1_fallback,0.282536
381936428,P2_fallback,1
382936355,P2_fallback,1
382953016,P1_fallback,0.444132
384469650,P1_fallback,0.6
384636310,P1_fallback,0.27309
384636310,P2_fallback,1
385986218,P1_detected,0.286767
387502825,P1_detected,0.6
388169486,P2_fallback,1
388919448,P1_fallback,0.6
389236089,P2_fallback,1
389486055,P1_fallback,0.2
390319390,P1_fallback,0.578329
391202701,P2_fallback,1
391419278,P1_fallback,0.2
391852724,P2_fallback,0.757891
392035930,P1_fallback,0.352455
392719302,P2_fallback,0.727973
392735943,P1_fallback,0.2
393252560,P2_fallback,1
393335869,P1_fallback,0.433524
394552538,P1_fallback,0.599999
394819224,P2_fallback,1
395502518,P2_fallback,0.659852
395769150,P1_fallback,0.350065
396369161,P1_fallback,0.6
396785819,P2_fallback,0.2
396902424,P1_fallback,0.232202
398052423,P2_detected,0.712394
398402384,P1_detected,0.582214
398619067,P2_fallback,0.459659
398635739,P1_fallback,0.27882
399119035,P2_detected,0.758755
399152340,P1_detected,0.395073
399835655,P2_detected,0.780059
399852337,P1_detected,0.222482
400518980,P1_detected,0.215784
400868946,P2_detected,0.276827
402018924,P1_detected,0.6
402868910,P1_fallback,0.6
403718870,P1_fallback,0.6
404068839,P1_fallback,0.2
404152199,P2_fallback,0.768722
404685481,P1_fallback,0.444707
404785508,P2_fallback,1
405402118,P1_fallback,0.59988
406252090,P1_fallback,0.6
406285437,P1_fallback,0.511094
406285437,P2_fallback,1
406935436,P1_fallback,0.201643
407135334,P2_detected,1
407918692,P1_detected,0.266754
408201956,P2_detected,0.554362
409435227,P1_detected,0.6
410418535,P1_fallback,0.6
410801904,P1_fallback,0.260785
410801904,P2_fallback,1
411418492,P1_fallback,0.6
411951861,P1_fallback,0.22598
412518518,P1_fallback,0.379079
414018440,P1_detected,0.6
414685090,P2_fallback,0.453022
414885083,P1_fallback,0.2
415335092,P2_fallback,1
415484995,P1_fallback,0.319282
415834969,P2_fallback,1
415868328,P1_fallback,0.495986
416785000,P1_fallback,0.348434
417701598,P1_fallback,0.599915
418584919,P2_fallback,1
418601608,P1_fallback,0.210632
419201560,P1_fallback,0.592151
419301564,P2_fallback,1
419534867,P1_fallback,0.570204
420451534,P1_fallback,0.599997
420751540,P2_fallback,1
420834840,P1_fallback,0.465168
421434828,P1_fallback,0.526765
422018154,P1_fallback,0.2
422234790,P2_fallback,0.872303
422634763,P1_fallback,0.281145
422801482,P1_fallback,0.239417
422818156,P2_fallback,1
423684674,P2_detected,0.685855
423984749,P1_detected,0.219676
424151357,P2_detected,0.286065
424967983,P1_detected,0.2
425317982,P2_detected,0.2
425917949,P2_detected,1
426484558,P1_fallback,0.429865
427601233,P1_fallback,0.2
427934539,P1_fallback,0.209676
428736202,P1_fallback,0.2
428736202,P2_fallback,1
428751197,P1_fallback,0.300681
429269189,P2_detected,1
430267817,P1_fallback,0.591884
431034449,P1_fallback,0.2
431167792,P2_fallback,1
432400973,P1_detected,0.323474
433167647,P1_detected,0.293014
433234377,P2_detected,1
434684275,P1_fallback,0.405223
435517595,P1_fallback,0.286199
436117514,P1_fallback,0.220776
436400929,P2_fallback,1
436900903,P1_fallback,0.2
438000849,P1_fallback,0.2
438000849,P2_fallback,1
438434177,P1_fallback,0.263683
438950820,P2_fallback,0.309012
439117464,P1_fallback,0.2
439484106,P1_fallback,0.2
439650780,P2_fallback,0.861909
440534104,P1_detected,0.2
441717297,P2_detected,0.474617
442050644,P1_fallback,0.2
442550615,P2_fallback,1
443300599,P1_fallback,0.2
443517273,P2_fallback,1
443617231,P1_fallback,0.2
444017259,P2_fallback,0.902431
444517233,P2_fallback,1
444567211,P1_fallback,0.2
444667202,P1_fallback,0.2
445017226,P2_fallback,1
445517209,P2_detected,0.91748
445700481,P1_detected,0.258532
446033778,P2_detected,0.442819
446583758,P2_detected,1
446767101,P1_detected,0.202768
447100427,P2_detected,1
447817081,P1_detected,0.2
448150357,P2_detected,1
448683719,P2_detected,0.921327
448867017,P1_detected,0.2
449267022,P2_detected,0.689433
449817023,P2_detected,0.731691
449916974,P1_detected,0.2
450400355,P2_detected,0.690666
450983622,P1_detected,0.2
451233610,P2_detected,0.982891
452066885,P1_detected,0.258188
452733525,P2_detected,1
453166882,P1_detected,0.207889
453283522,P2_detected,0.90873
453866808,P2_detected,1
454266808,P1_detected,0.2
455216791,P2_detected,0.906214
455350122,P1_detected,0.2
456066761,P2_detected,0.62359
456416732,P1_detected,0.2
456633390,P2_detected,1
457933372,P1_fallback,0.2
458500016,P1_fallback,0.259072
458566656,P2_fallback,1
459483288,P2_detected,0.512757
459533251,P1_detected,0.2
461049874,P1_detected,0.205242
461316525,P1_fallback,0.387457
461883814,P2_detected,0.720346
462417100,P1_detected,0.249216
462750423,P2_detected,0.846542
463933666,P1_detected,0.230194
463950342,P2_fallback,0.732463
465166945,P1_fallback,0.254129
465766955,P2_fallback,1
465966938,P1_fallback,0.268566
466583578,P1_fallback,0.2
466600265,P1_fallback,0.239261
467450190,P1_detected,0.462162
467500180,P2_detected,0.407849
468083492,P1_detected,0.321577
469366759,P1_detected,0.494071
469933428,P2_detected,0.911054
470883400,P1_fallback,0.213041
471833373,P1_fallback,0.2
472500025,P2_fallback,0.39913
472800042,P1_fallback,0.2
473316631,P1_fallback,0.2
473916640,P1_fallback,0.2
474449936,P1_fallback,0.231152
474983283,P2_fallback,0.763614
475566534,P1_detected,0.253573
476699788,P1_detected,0.205915
477799782,P1_detected,0.2
478283068,P2_detected,0.257751
478866404,P1_detected,0.228614
479183066,P2_detected,0.588216
479866355,P2_detected,0.374758
480216339,P1_detected,0.2
480499664,P2_detected,0.416973
481099639,P2_detected,0.390198
481682948,P2_detected,0.257012
481732970,P1_fallback,0.2
481882981,P1_fallback,0.202629
482182921,P2_detected,0.257307
482866258,P1_detected,0.228767
482932892,P2_detected,0.277108
483599560,P2_detected,0.274327
483866209,P1_detected,0.244054
484582852,P2_detected,0.34151
484899531,P1_detected,0.268544
485232823,P2_detected,0.357159
485866139,P2_detected,0.379373
486416168,P1_fallback,0.2
486532813,P2_fallback,0.325684
487016131,P1_fallback,0.231066
487216163,P2_fallback,0.30567
487916051,P2_detected,0.250709
488082723,P1_detected,0.223023
488566026,P2_detected,0.476162
489165991,P2_detected,0.257653
489599350,P1_fallback,0.201799
489766028,P2_fallback,0.376965
490715966,P2_fallback,0.275144
490799298,P1_fallback,0.2
491215962,P1_fallback,0.204721
491582617,P2_fallback,0.739743
491999283,P1_fallback,0.2
492165949,P2_fallback,0.328628
492215937,P1_fallback,0.273129
492749189,P2_detected,0.440819
493215876,P1_detected,0.350566
493349217,P2_detected,0.409183
493965827,P2_detected,0.274608
494732501,P1_fallback,0.2
495315842,P1_fallback,0.2
495832416,P2_detected,0.470656
496432416,P1_detected,0.215767
496432416,P2_detected,0.35509
497582346,P1_detected,0.203215
498882290,P2_detected,0.40686
499098983,P1_fallback,0.2
500332263,P1_fallback,0.2
500665600,P2_fallback,0.378226
500898913,P1_fallback,0.237834
501232237,P2_fallback,0.359163
501582195,P1_fallback,0.2
501798887,P2_fallback,0.378522
502398852,P2_fallback,0.482589
502815495,P1_fallback,0.2
503032163,P2_fallback,0.466513
503048822,P1_fallback,0.237541
503748780,P2_fallback,0.395781
504065471,P1_fallback,0.2
505232093,P1_fallback,0.259094
505848724,P1_fallback,0.2
505882066,P2_fallback,0.636795
506332054,P1_fallback,0.2
506498698,P2_fallback,0.381397
507398666,P1_detected,0.2
508498600,P1_detected,0.2
509048584,P2_detected,0.529507
509581918,P1_detected,0.2
511098518,P1_fallback,0.2
511515188,P2_fallback,0.407939
512315144,P1_fallback,0.2
512781800,P1_fallback,0.2
513348410,P2_fallback,0.486453
513548442,P1_fallback,0.2
513848420,P1_fallback,0.2
513965068,P2_fallback,0.52159
515365004,P1_detected,0.2
515998319,P1_fallback,0.2
516364964,P2_fallback,0.412787
516948244,P2_detected,0.413095
517514924,P1_fallback,0.2
518098248,P1_fallback,0.2
519314825,P2_detected,0.466749
519614843,P1_fallback,0.2
520164808,P1_fallback,0.257341
521198132,P1_detected,0.2
521681415,P2_detected,0.580178
522298057,P2_detected,0.510367
522714682,P1_detected,0.2
524163982,P1_fallback,0.2
524347392,P1_fallback,0.2
525380679,P1_fallback,0.255327
525897296,P2_detected,0.293452
526413948,P1_detected,0.2
526530595,P2_detected,0.412253
527147246,P2_detected,0.288339
527480583,P1_detected,0.208649
527747218,P2_detected,0.232582
528397202,P2_detected,1
528530536,P1_detected,0.2146
529030529,P2_detected,0.324392
529597148,P1_detected,0.2
529680533,P2_detected,0.330526
530280456,P2_detected,0.28925
530897091,P2_detected,0.317657
531097087,P1_detected,0.212045
531513795,P2_fallback,0.468057
532113739,P2_fallback,0.467434
532263738,P1_fallback,0.2
532713706,P2_fallback,0.397616
532730364,P1_fallback,0.2
533297014,P2_fallback,0.59058
533413701,P1_fallback,0.2
533880349,P2_fallback,0.259165
534496986,P2_fallback,0.503064
534563633,P1_fallback,0.2
534763646,P1_fallback,0.259604
535096984,P2_fallback,0.468199
535680241,P2_fallback,0.342316
535730246,P1_fallback,0.2
535796909,P1_fallback,0.278208
536263580,P2_fallback,0.414534
536863502,P1_detected,0.25654
536863502,P2_detected,0.412084
537496819,P2_detected,0.625243
538113456,P2_detected,0.425446
538380154,P1_fallback,0.2
538713474,P2_fallback,0.453267
539346771,P2_fallback,0.29087
539630107,P1_fallback,0.2
540080083,P1_fallback,0.248374
540630070,P2_fallback,0.464187
540896751,P1_fallback,0.2
541130025,P1_fallback,0.293388
541230040,P2_fallback,0.322572
542196646,P1_detected,0.241781
543246586,P1_detected,0.213422
543646585,P2_detected,0.426088
544246615,P2_detected,0.383004
544296612,P1_detected,0.267318
545813217,P1_fallback,0.2
546963163,P1_fallback,0.2
547896432,P2_fallback,0.301185
548129778,P1_fallback,0.2
548329781,P1_fallback,0.227675
548579765,P2_fallback,0.387041
549263063,P2_fallback,0.298157
549296371,P1_fallback,0.2
549879741,P2_fallback,0.324432
550346335,P1_fallback,0.270383
550513002,P2_fallback,0.2
550946327,P1_fallback,0.2
551479638,P2_fallback,0.521894
551612949,P1_fallback,0.223517
552079588,P2_fallback,0.349495
552779586,P1_fallback,0.238471
552929563,P2_fallback,0.330234
553496224,P2_fallback,0.271482
553946219,P1_fallback,0.243573
554112879,P2_fallback,0.415283
554529507,P1_fallback,0.228382
555079493,P2_fallback,0.376879
555129494,P1_fallback,0.2
555696112,P2_fallback,0.290638
556262782,P1_fallback,0.2
556346128,P2_fallback,0.457181
556996055,P2_fallback,0.367099
557429347,P1_fallback,0.2
557662710,P1_fallback,0.238138
557946041,P2_fallback,0.490413
558596016,P1_fallback,0.2
558596016,P2_fallback,0.46074
559229334,P2_fallback,0.477181
559762619,P1_fallback,0.2
559845922,P2_fallback,0.433878
560662595,P2_fallback,0.771285
560912622,P1_fallback,0.256958
561645888,P2_fallback,0.454971
561762544,P1_fallback,0.304489
562245870,P2_fallback,0.50332
562379182,P1_fallback,0.218581
562762525,P1_fallback,0.251095
562829179,P2_fallback,0.633124
563762494,P1_detected,0.232376
564629104,P2_detected,0.438558
565245759,P2_detected,0.422283
565262406,P1_detected,0.217392
565762410,P1_fallback,0.272937
567178983,P2_detected,0.515751
567278969,P1_detected,0.252396
567812320,P2_fallback,0.646487
568845593,P1_fallback,0.214946
570245538,P1_fallback,0.269407
570828841,P2_fallback,0.357444
570862183,P1_fallback,0.233487
571778826,P1_fallback,0.327981
572378768,P1_fallback,0.2
572778779,P1_fallback,0.259202
573178749,P2_fallback,0.560032
574295372,P1_fallback,0.214104
575778647,P1_fallback,0.2
576728610,P2_fallback,0.299491
577261941,P1_fallback,0.241495
577345272,P2_fallback,0.449051
578311901,P2_fallback,0.428075
578745248,P1_fallback,0.241938
579361855,P1_fallback,0.20955
579511857,P2_fallback,0.833137
579761840,P1_fallback,0.313952
580111828,P2_fallback,0.416405
580961751,P2_detected,0.323345
581278441,P1_fallback,0.203713
581545103,P2_fallback,0.29797
582128429,P2_fallback,0.330281
582695053,P2_fallback,0.324785
582795048,P1_fallback,0.228205
583295030,P2_fallback,0.435432
583395052,P1_fallback,0.2
583878551,P2_fallback,0.289053
584311740,P1_fallback,0.217358
584461699,P2_fallback,0.254042
584794998,P1_fallback,0.233106
585078291,P2_fallback,0.30612
585711665,P2_fallback,0.474305
585828292,P1_fallback,0.2
586411661,P2_fallback,0.550062
586844855,P1_fallback,0.269161
587111574,P2_fallback,0.431077
587444907,P1_fallback,0.2
588311504,P2_fallback,0.510278
588878134,P1_fallback,0.2
589061473,P2_fallback,0.431588
589678172,P2_fallback,0.443062
590278074,P2_fallback,0.344378
590394781,P1_fallback,0.2
590894718,P1_fallback,0.225648
591494723,P2_fallback,0.330292
591911388,P1_fallback,0.2
592078048,P2_fallback,0.561316
592677998,P2_fallback,0.347944
592878015,P1_fallback,0.233583
593261309,P2_fallback,0.380746
593494634,P1_fallback,0.2
593861301,P2_fallback,0.4042
593894622,P1_fallback,0.2
594494566,P2_detected,0.477316
594944568,P1_detected,0.2
595761176,P2_detected,0.401053
596461208,P1_fallback,0.2
596994530,P2_fallback,0.334186
597611171,P2_fallback,0.411838
597894462,P1_fallback,0.2
598211163,P2_fallback,0.384873
598827760,P2_fallback,0.479491
599077751,P1_fallback,0.2
599427794,P2_fallback,0.36708
599694413,P1_fallback,0.2
600144392,P1_fallback,0.27946
600261055,P2_fallback,1
601177693,P1_detected,0.231149
601860960,P2_detected,0.312261
602694265,P1_detected,0.2
603110934,P2_fallback,0.463221
603294260,P1_fallback,0.200804
603727580,P2_fallback,0.303131
604810857,P1_fallback,0.2
604994177,P2_fallback,0.511204
605610829,P2_fallback,0.417809
606210834,P2_fallback,0.495005
606277469,P1_fallback,0.2
606377455,P1_fallback,0.2
606810781,P2_fallback,0.498029
607377444,P1_fallback,0.260528
607427462,P2_fallback,0.356995
608394010,P1_detected,0.240558
609410647,P1_detected,0.220308
610460629,P1_detected,0.229014
610460629,P2_detected,0.410534
611960542,P1_detected,0.2
612277221,P2_fallback,0.517582
612543873,P1_fallback,0.2
613593762,P1_detected,0.250843
614093837,P2_detected,0.334735
615110414,P1_detected,0.2
615727087,P1_fallback,0.213238
616793695,P1_detected,0.211888
617543597,P2_detected,0.424898
618160306,P2_detected,0.295828
618193640,P1_detected,0.2
618893611,P1_detected,0.2
618993620,P2_detected,0.308676
619576934,P2_detected,0.2
620176884,P2_detected,0.640994
620410221,P1_detected,0.2
620760220,P2_fallback,0.45481
621360232,P2_fallback,0.20589
621493551,P1_fallback,0.2
621943565,P2_fallback,0.314594
622010156,P1_fallback,0.2
622576819,P2_fallback,0.334878
622626805,P1_fallback,0.2
623410106,P1_fallback,0.2
623876771,P2_fallback,0.35275
624026765,P1_fallback,0.2
624126756,P1_fallback,0.2
624493404,P2_detected,0.2
625126674,P2_detected,0.285106
625176673,P1_detected,0.2
625759975,P2_detected,0.250935
626409988,P2_detected,0.283368
626693270,P1_detected,0.2
627043297,P2_fallback,0.478287
627259977,P1_fallback,0.2
627659857,P2_fallback,0.232266
628259813,P2_detected,0.373476
628776549,P1_fallback,0.2
628876517,P2_fallback,0.291773
629359876,P1_fallback,0.238993
629476536,P2_fallback,0.331664
630409775,P1_detected,0.214373
630426437,P2_detected,0.478491
631026422,P2_detected,0.366954
631459791,P1_detected,0.201374
631909753,P2_detected,0.260577
632526373,P2_detected,0.300898
632976370,P1_fallback,0.2
633193041,P2_fallback,0.490348
633826344,P2_fallback,0.336649
634176354,P1_fallback,0.2
634442994,P2_fallback,0.245902
634609616,P1_fallback,0.2
635076278,P2_fallback,0.312892
635376278,P1_fallback,0.2
635676308,P1_fallback,0.2
635709653,P2_fallback,0.233608
636359529,P2_detected,0.448166
636742871,P1_detected,0.2
636959559,P2_detected,0.360553
637809563,P1_detected,0.2
638726139,P2_detected,0.31495
638842843,P1_detected,0.232105
639909493,P1_detected,0.2493
639926073,P2_detected,0.301714
640976036,P1_detected,0.2
641126038,P2_detected,0.355348
642025986,P1_detected,0.220849
643025972,P2_detected,0.368817
643542642,P1_fallback,0.2
643642639,P2_fallback,0.309182
644259305,P2_fallback,0.318464
644625938,P1_fallback,0.2
645092596,P1_fallback,0.219496
645492591,P2_fallback,0.292801
645725849,P1_fallback,0.2
646109199,P1_fallback,0.2
647125775,P1_detected,0.2
648142444,P1_detected,0.2
648759062,P2_detected,0.28091
649325713,P2_detected,0.363679
649509032,P1_detected,0.2
649908987,P2_detected,0.362287
650225680,P1_detected,0.279919
650758989,P2_detected,0.264706
651292294,P1_detected,0.246569
651342369,P2_detected,0.25231
651925623,P2_detected,0.2
652525615,P2_detected,0.267016
652792233,P1_detected,0.2
653158930,P2_fallback,0.289064
653425590,P1_fallback,0.2
653825535,P2_fallback,0.337615
654458847,P2_detected,0.243054
654942190,P1_fallback,0.2
655075503,P2_fallback,0.279652
655508850,P1_fallback,0.2
655708841,P2_fallback,0.221093
656325446,P2_detected,0.275171
656542118,P1_detected,0.212495
656942081,P2_detected,0.353658
657542067,P2_detected,0.296599
657575402,P1_detected,0.250458
658142038,P2_detected,0.36937
658608696,P1_detected,0.2
658741999,P2_detected,0.33921
659341994,P2_detected,0.293597
659958617,P2_detected,0.317564
660108663,P1_detected,0.2
660558619,P2_fallback,0.318636
661175269,P2_fallback,0.369815
661241938,P1_fallback,0.2
661725242,P1_fallback,0.211536
661825239,P2_fallback,0.328942
662375234,P1_fallback,0.2
662475237,P2_fallback,0.308502
662758547,P1_fallback,0.2
663125204,P2_fallback,0.607054
663741795,P2_detected,0.309843
663758483,P1_detected,0.24413
664358483,P2_detected,0.279306
664958430,P2_detected,0.329103
665275103,P1_fallback,0.2
665741757,P1_fallback,0.349193
666191712,P2_detected,0.493409
667108363,P1_detected,0.296466
667424975,P2_detected,0.360077
668124978,P1_detected,0.228394
669208273,P2_detected,0.392241
669624934,P1_detected,0.2
669808242,P2_fallback,0.6758
670741563,P2_fallback,0.566838
670858203,P1_fallback,0.209443
671308189,P2_fallback,0.961729
672091502,P1_fallback,0.241858
672691445,P2_fallback,0.614178
673308107,P1_fallback,0.215657
673741450,P2_fallback,0.32401
674541437,P1_fallback,0.2
674874698,P1_fallback,0.2
675758151,P1_fallback,0.2
676191380,P1_fallback,0.2
676341381,P2_fallback,0.415039
676807922,P1_fallback,0.2
677807857,P1_detected,0.243443
678874526,P1_detected,0.2
679257819,P2_detected,0.36223
679974409,P1_detected,0.267655
681441018,P1_detected,0.296543
682357685,P2_detected,1
682957682,P1_fallback,0.2
683607655,P2_fallback,0.282444
684107620,P1_fallback,0.2
684207624,P2_fallback,0.411137
684274295,P1_fallback,0.331828
685257553,P1_fallback,0.2
685307551,P1_fallback,0.257132
685457600,P2_fallback,0.636643
686074218,P2_detected,0.653133
686374197,P1_detected,0.230407
686674185,P2_detected,0.39209
687624130,P2_detected,0.429131
687707457,P1_detected,0.293605
688407460,P1_detected,0.268962
689474069,P2_detected,1
689924039,P1_detected,0.2
690257380,P1_fallback,0.488916
690690690,P2_detected,0.47627
691757263,P1_detected,0.6
692923898,P1_fallback,0.6
694090524,P1_fallback,0.6
694323865,P1_fallback,0.581825
694657159,P2_fallback,1
695257184,P1_fallback,0.6
695790463,P1_fallback,1
695940432,P2_fallback,1
696407164,P1_fallback,0.6
697273803,P1_fallback,1
697507159,P2_fallback,0.412605
697890436,P1_fallback,0.584562
698540433,P2_fallback,1
698740393,P1_fallback,0.599997
699107028,P1_fallback,0.354725
699906988,P1_fallback,0.6
700240351,P1_fallback,0.485913
700240351,P2_fallback,0.332578
700840309,P1_fallback,0.209399
700856940,P2_detected,0.245736
702356912,P1_fallback,0.6
703406850,P1_fallback,0.6
704456837,P1_fallback,0.6
705506864,P1_fallback,0.6
705723458,P1_fallback,0.563719
706556767,P1_fallback,0.593343
707256706,P1_fallback,0.2
707440064,P2_fallback,0.634812
707856682,P1_fallback,0.294687
708673276,P1_fallback,0.598436
708939974,P2_fallback,0.934054
709423277,P2_fallback,1
709673272,P1_fallback,0.283298
710289990,P1_fallback,0.6
710406565,P2_fallback,0.56851
710773204,P1_fallback,0.6
711639929,P1_fallback,0.29287
711639929,P2_fallback,0.2
712239860,P1_fallback,0.376204
712873167,P1_fallback,0.599378
713923142,P1_fallback,0.477019
713973138,P1_fallback,0.434058
714989739,P1_fallback,0.200026
716039712,P1_fallback,0.599937
717089691,P1_fallback,0.6
717956275,P2_fallback,0.78293
718139562,P1_fallback,0.6
719189592,P1_fallback,0.209042
719189592,P2_fallback,0.223849
719789468,P1_fallback,0.6
720239520,P1_fallback,0.6
721306174,P1_fallback,0.6
721489490,P1_fallback,0.521533
722356131,P1_fallback,0.6
722906109,P1_fallback,0.453646
723522713,P1_fallback,0.6
724039391,P1_fallback,0.482274
724039391,P2_fallback,0.252812
725555958,P1_fallback,0.6
726255936,P2_fallback,0.2
727172599,P1_fallback,0.6
728805852,P1_fallback,0.6
730422414,P1_fallback,0.6
730822551,P1_fallback,0.556461
732055829,P1_fallback,0.6
733372444,P1_fallback,0.450237
733972448,P1_fallback,0.6
734205807,P1_fallback,0.381245
734222461,P2_fallback,0.2
735722361,P1_fallback,0.6
735955665,P1_fallback,0.2
735972346,P2_fallback,0.204378
737472198,P1_fallback,0.6
739055562,P1_fallback,0.6
740638776,P1_fallback,0.599938
741188807,P1_fallback,0.400114
742222107,P1_fallback,0.6
742555416,P1_fallback,0.274519
743655358,P1_fallback,0.2
743655358,P2_fallback,0.26281
745155311,P1_detected,0.6
746671941,P1_fallback,0.6
748038620,P1_fallback,0.304473
748038620,P2_fallback,0.2
748638447,P1_fallback,0.238175
749721784,P1_fallback,0.599991
749955166,P2_fallback,0.322026
750521743,P1_fallback,0.336981
751238433,P1_fallback,0.6
751805113,P1_fallback,0.252489
752755045,P1_fallback,0.6
754288205,P1_fallback,0.6
754788250,P1_fallback,0.376473
754788250,P2_fallback,0.2
755804821,P1_fallback,0.599042
756188191,P1_fallback,0.841651
756738191,P2_fallback,0.348976
757188160,P1_fallback,0.236888
757554857,P2_fallback,0.2
758704770,P1_fallback,0.6
760171338,P1_fallback,0.6
761421327,P1_fallback,0.392065
762037946,P1_fallback,0.550343
763121241,P1_fallback,0.599999
764604547,P1_fallback,0.6
764921293,P1_fallback,0.378193
764921293,P2_fallback,0.2
766071135,P1_fallback,0.599861
767137754,P1_fallback,0.568093
767754396,P1_fallback,0.6
769021062,P1_fallback,0.6
769137670,P1_fallback,1
769804402,P1_fallback,0.686417
769804402,P2_fallback,0.326991
771320910,P1_fallback,0.6
771554299,P1_fallback,0.582135
772270856,P2_detected,0.537985
773070763,P1_detected,0.6
774370810,P1_fallback,0.329579
774970844,P1_fallback,0.576635
775737416,P1_fallback,0.503031
776337380,P1_fallback,0.538165
777370676,P1_fallback,0.599998
777520762,P1_fallback,0.30455
777520762,P2_fallback,0.227991
778803859,P1_fallback,0.6
779203996,P1_fallback,0.296309
779203996,P2_fallback,0.2
780237310,P1_fallback,0.6
781670544,P1_fallback,0.6
782387174,P1_fallback,0.211223
782403870,P2_fallback,0.315778
783020469,P1_fallback,0.651654
784270372,P1_detected,0.238155
784270372,P2_detected,0.208855
785787019,P1_fallback,0.6
785937037,P1_fallback,0.616759
786770330,P1_detected,0.45538
786770330,P2_detected,0.2
788270200,P1_detected,0.228237
788270200,P2_detected,0.2
789420215,P1_detected,0.292048
789420215,P2_detected,0.21058
790936838,P1_detected,0.6
791103493,P1_fallback,0.691612
791103493,P2_fallback,0.221075
792620105,P1_fallback,0.6
793903279,P1_fallback,0.467563
794469987,P1_fallback,0.244234
794486678,P2_fallback,0.2
795036637,P1_fallback,0.454419
796553196,P1_fallback,0.304529
796636601,P1_fallback,0.2
796653206,P2_fallback,0.269441
798153174,P1_fallback,0.367963
798436500,P1_fallback,0.721604
798436500,P2_fallback,0.256685
799519754,P1_detected,0.44577
799519754,P2_detected,0.252444
800786410,P1_detected,0.266759
802303096,P1_fallback,0.2
802336432,P1_fallback,0.378635
803853020,P1_fallback,0.6
804352943,P1_fallback,0.352243
805869483,P1_fallback,0.6
807052839,P1_fallback,0.506485
807069536,P2_fallback,0.252712
807669523,P1_fallback,0.338553
808719402,P1_fallback,0.599991
810136091,P1_fallback,0.6
810169393,P1_fallback,0.517317
810169393,P2_fallback,0.441317
810969322,P1_fallback,0.386016
810986006,P2_fallback,0.428561
812485935,P1_detected,0.6
813885894,P1_fallback,0.6
815285793,P1_fallback,0.511254
816685757,P1_fallback,0.599999
817685819,P1_fallback,0.2
817685819,P2_fallback,0.296931
818285722,P1_fallback,0.329764
818769069,P1_fallback,0.590733
820285620,P1_fallback,0.6
821802242,P1_fallback,0.543497
823318875,P1_fallback,0.6
823768775,P1_fallback,0.879178
824835468,P1_fallback,0.6
825435491,P1_fallback,1
826352061,P1_fallback,0.6
827852018,P1_fallback,0.6
828635321,P1_fallback,0.535779
829368611,P1_fallback,0.599303
830885198,P1_fallback,0.599336
832418460,P1_fallback,0.6
832885131,P2_fallback,0.2
833735170,P1_fallback,0.481891
833751817,P2_fallback,0.3488
834351788,P1_fallback,0.426119
835451736,P1_fallback,0.599997
836401726,P1_fallback,0.67785
837001629,P1_fallback,0.6
838468211,P1_fallback,0.6
838518207,P1_fallback,1
838518207,P2_fallback,0.84423
839468207,P1_fallback,0.789481
839468207,P2_fallback,0.357377
840801491,P1_detected,0.32764
840801491,P2_detected,0.22475
842318034,P1_fallback,0.6
843718030,P1_fallback,0.283522
844318026,P1_fallback,0.2
844534692,P1_fallback,0.410258
844534692,P2_fallback,0.2
846051265,P1_fallback,0.6
846067958,P1_fallback,0.633048
846067958,P2_fallback,0.245471
847584541,P1_fallback,0.6
849001125,P1_fallback,0.6
849401140,P1_fallback,0.402849
849401140,P2_fallback,0.2
850417737,P1_fallback,0.598186
850651072,P1_fallback,1
851834381,P1_fallback,0.599653
851984406,P1_fallback,0.200103
851984406,P2_fallback,0.2
853267615,P1_fallback,0.579671
854150963,P2_fallback,0.31385
854684179,P1_fallback,0.599997
856100920,P1_fallback,0.553258
857517449,P1_fallback,0.599997
858817430,P1_fallback,0.310346
859417361,P1_fallback,0.6
859700784,P2_fallback,0.230951
859834045,P1_fallback,0.93039
860750630,P1_detected,0.247599
860750630,P2_detected,0.2
862267308,P1_fallback,0.6
863067283,P1_fallback,1
863083952,P2_fallback,0.370047
863683915,P1_fallback,0.6
864883837,P1_fallback,0.471917
864883837,P2_fallback,0.478545
866200343,P1_fallback,0.6
867333745,P2_fallback,0.457707
867500310,P1_fallback,0.6
867766976,P1_fallback,0.464016
868333617,P2_fallback,0.216223
868816871,P1_fallback,0.599972
870133565,P1_fallback,0.6
870366864,P1_fallback,0.255099
870366864,P2_fallback,0.2
871100175,P1_fallback,0.390541
872600042,P1_detected,0.6
873966728,P1_fallback,0.6
874283383,P2_fallback,0.248846
875333395,P1_fallback,0.227613
875833302,P1_fallback,0.422112
875833302,P2_fallback,0.210867
876686233,P1_fallback,0.56742
878050669,P1_fallback,0.6
879418367,P1_fallback,0.272823
880752036,P1_fallback,0.251147
880768888,P2_fallback,0.207384
881368630,P1_fallback,0.2
881535325,P1_fallback,0.315638
881552014,P2_fallback,0.205109
882885546,P1_detected,0.39831
884302344,P1_detected,0.28444
884952370,P1_detected,1
886469813,P1_fallback,0.6
887551853,P1_fallback,0.440763
888635767,P1_fallback,0.2
888718638,P1_fallback,0.294648
889069128,P2_fallback,0.336342
889735693,P1_fallback,0.292372
890802286,P1_fallback,0.970117
891418706,P1_fallback,0.592636
891901544,P1_fallback,0.599942
892988705,P1_fallback,0.6
894085347,P1_fallback,0.593117
894918522,P2_fallback,0.208664
895168912,P1_fallback,0.548239
896269846,P1_fallback,0.299313
897352040,P1_fallback,0.299933
898435670,P1_fallback,0.226834
898552347,P1_fallback,0.684488
899118665,P1_fallback,0.362546
899736354,P1_detected,0.37894
901255119,P1_fallback,0.6
901768717,P1_fallback,0.877027
903285321,P1_fallback,0.6
903702435,P1_fallback,0.527754
903718569,P2_fallback,0.415618
905219065,P1_detected,0.6
905740470,P1_fallback,0.225434
905754563,P2_fallback,0.2
907269325,P1_fallback,0.6
908634924,P1_fallback,0.546384
908701961,P1_fallback,0.333194
908718593,P2_fallback,0.2
910001964,P1_fallback,0.570834
910403078,P1_fallback,0.519717
911385289,P1_fallback,0.545232
911922418,P1_fallback,0.668274
912752379,P1_fallback,0.599972
912856543,P1_fallback,0.331784
914388935,P1_fallback,0.6
914518234,P1_fallback,0.808334
914518234,P2_fallback,0.390255
916034297,P1_fallback,0.6
917452198,P1_fallback,0.6
918055439,P2_fallback,0.245072
918869023,P1_fallback,0.532393
919256366,P1_fallback,0.419507
919256366,P2_fallback,0.229575
919722618,P1_fallback,0.340154
919735536,P2_fallback,0.229963
921234722,P1_fallback,0.6
922270801,P1_fallback,0.6
923302189,P1_fallback,0.6
924335956,P1_fallback,0.2
925102006,P1_fallback,0.326106
925102006,P2_fallback,0.2
925702256,P1_fallback,0.222009
926402533,P1_fallback,0.298171
927435617,P1_fallback,0.2
928485101,P1_fallback,0.2
929069260,P1_fallback,0.26124
929069260,P2_fallback,0.224276
929668291,P1_fallback,0.222
930552076,P1_fallback,0.599933
931003243,P1_fallback,0.289293
931003243,P2_fallback,0.2
931603049,P1_fallback,0.599999
931651706,P1_fallback,1
932055510,P2_detected,0.366731
933168665,P1_detected,0.6
934369049,P1_fallback,0.6
934551838,P1_fallback,0.593996
934551838,P2_fallback,0.201312
935568135,P1_fallback,0.599771
936135353,P1_fallback,0.348576
936135353,P2_fallback,0.200628
936655100,P1_fallback,0.84127
937351925,P1_detected,0.66609
938868959,P1_fallback,0.6
939218884,P1_fallback,1
940736559,P1_fallback,0.6
941768666,P1_fallback,0.6
942801950,P1_fallback,0.6
943419011,P1_fallback,0.386309
943419011,P2_fallback,0.217663
944018987,P1_fallback,0.6
944535817,P1_fallback,0.271722
944535817,P2_fallback,0.210199
945187998,P1_detected,0.477394
945187998,P2_detected,0.293291
946702304,P1_fallback,0.6
947189091,P1_fallback,0.290202
948685756,P1_detected,0.6
949603057,P1_fallback,0.25742
949603057,P2_fallback,0.2
950203830,P1_fallback,0.673764
950218722,P2_fallback,0.852067
950855533,P1_detected,0.333737
952351716,P1_detected,0.236004
952368956,P2_detected,0.215182
953056039,P1_detected,0.292113
953902321,P1_detected,0.316501
953902321,P2_detected,0.2
955418697,P1_fallback,0.6
956285712,P1_fallback,0.262147
956318660,P1_fallback,0.378836
956318660,P2_fallback,0.255236
957169069,P1_fallback,0.572535
958055400,P1_fallback,0.599996
958936297,P1_fallback,0.6
959802536,P1_fallback,0.351817
959802536,P2_fallback,0.2
960322186,P1_fallback,0.91489
961835731,P1_fallback,0.6
962768945,P1_fallback,0.599
963702034,P1_fallback,0.6
964635721,P1_fallback,0.6
965569007,P1_fallback,0.6
966518058,P1_fallback,0.6
967451898,P1_fallback,0.6
968385328,P1_fallback,0.6
969336194,P1_fallback,0.599535
969418744,P1_fallback,0.2
969567611,P2_fallback,0.2
970269367,P1_fallback,0.597231
970868634,P1_fallback,0.323968
970885166,P2_fallback,0.25087
971468975,P1_fallback,0.599992
972135304,P1_fallback,0.6
973068547,P1_fallback,0.6
974019054,P1_fallback,0.6
974135526,P1_fallback,0.821449
974602271,P2_fallback,0.425511
974951791,P1_fallback,0.6
975885736,P1_fallback,0.6
975951163,P1_fallback,0.696196
975951163,P2_fallback,0.219446
976834999,P1_fallback,0.6
977767849,P1_fallback,0.449677
978701152,P1_fallback,0.2
979085682,P1_fallback,0.2
979085682,P2_fallback,0.2
979685647,P1_fallback,0.222219
980455441,P1_fallback,0.614479
980988715,P1_fallback,0.659954
980988715,P2_fallback,0.2
981902223,P1_detected,0.875378
981902223,P2_detected,0.336188
982721712,P1_detected,0.234201
982721712,P2_detected,0.2
984068501,P1_detected,0.461259
984068501,P2_detected,0.2
985584311,P1_detected,0.6
985901985,P1_fallback,1
987418595,P1_detected,0.6
987902138,P1_fallback,0.372713
987921531,P2_fallback,0.2
989418929,P1_fallback,0.6
989435238,P2_fallback,0.276212
990721856,P1_fallback,0.6
992034910,P1_fallback,0.6
993352399,P1_fallback,0.6
994469045,P1_fallback,0.261023
994469045,P2_fallback,0.2
995085554,P1_fallback,0.543639
995335875,P1_fallback,1
996851669,P1_fallback,0.6
997302395,P1_fallback,0.591453
998285625,P1_detected,0.555371
998302332,P2_detected,0.261915
998819037,P1_detected,0.336915
1000335294,P1_detected,0.6
1000568851,P1_fallback,0.555176
1000568851,P2_fallback,0.286166
1001321460,P1_detected,0.466885
1001321460,P2_detected,0.2
1002651978,P1_detected,0.2
1004169030,P1_fallback,0.6
1005056477,P1_fallback,0.291367
1005070114,P2_fallback,0.2
1005657360,P1_fallback,0.362972
1006235521,P1_fallback,0.223135
1006255970,P2_fallback,0.210894
1006855586,P2_detected,0.2
1007752007,P1_fallback,0.6
1008952141,P1_fallback,0.559412
1010085734,P1_fallback,0.244016
1010255367,P2_fallback,0.495631
1010702284,P1_fallback,0.292917
1011368999,P1_fallback,0.599598
1012589025,P1_fallback,0.6
1012835621,P1_fallback,0.271481
1013634545,P1_fallback,0.2
1014602277,P1_detected,0.614042
1015455349,P1_detected,0.327572
1016968255,P1_fallback,0.2
1016984604,P1_fallback,0.2
1018501663,P1_fallback,0.6
1019669847,P1_fallback,0.6
1020388911,P1_fallback,0.616002
1020988877,P1_fallback,0.368703
1021901027,P1_fallback,0.331168
1022254794,P2_fallback,0.233483
1022502005,P1_fallback,0.576809
1023188288,P1_fallback,0.598378
1023219048,P1_fallback,0.619271
1023235014,P2_fallback,0.366009
1024369087,P1_fallback,0.599994
1025368968,P1_fallback,0.635222
1025368968,P2_fallback,0.276625
1025968867,P1_fallback,0.6
1026701667,P1_fallback,0.6
1026851470,P2_fallback,0.2
1027202258,P1_fallback,0.92741
1027885716,P1_fallback,0.6
1028435688,P1_fallback,0.234627
1029055284,P1_fallback,0.6
1030235739,P1_fallback,0.475214
1030435704,P1_fallback,0.2
1030435704,P2_fallback,0.2
1030968609,P1_fallback,0.67653
1032485569,P1_fallback,0.464987
1032752334,P1_fallback,0.442569
1034255426,P1_detected,0.6
1035435592,P1_fallback,0.560186
1036152351,P1_fallback,0.402037
1036152351,P2_fallback,0.288273
1036752356,P1_fallback,0.261388
1036969030,P1_fallback,0.433465
1037619038,P1_detected,0.345401
1038435727,P1_detected,0.782051
1039952338,P1_detected,0.6
1040902184,P1_fallback,0.274155
1041834359,P1_fallback,0.2
1042084765,P1_fallback,0.233066
1042752005,P1_fallback,0.331086
1043321766,P1_detected,0.297806
1043321766,P2_detected,0.204345
1044002183,P1_detected,0.355877
1045318663,P1_detected,0.414514
1045318663,P2_detected,0.2
1046837217,P1_fallback,0.6
1047702229,P1_fallback,0.595821
1047884495,P1_fallback,0.369159
1047884495,P2_fallback,0.220408
1048589307,P1_fallback,0.57193
1049451734,P1_fallback,0.599995
1050335527,P1_fallback,0.379288
1050368189,P2_fallback,0.2
1051202137,P1_fallback,0.599916
1051569043,P1_fallback,0.338233
1051588841,P2_fallback,0.363355
1052188809,P1_fallback,0.599998
1052952192,P1_fallback,0.6
1053785331,P1_fallback,0.321614
1053785331,P2_fallback,0.2
1054388410,P1_fallback,0.6
1054702346,P1_fallback,0.6
1055588630,P1_fallback,0.6
1055588630,P1_fallback,0.363903
1055588630,P2_fallback,0.308198
1056455342,P1_fallback,0.6
1056602392,P1_fallback,0.581636
1058118612,P1_detected,0.6
1059469235,P1_fallback,0.6
1060802167,P1_fallback,0.6
1062152186,P1_fallback,0.262464
1063502391,P1_fallback,0.2
1064834638,P1_fallback,0.2
1064855477,P1_fallback,0.250282
1064855477,P2_fallback,0.2
1065568831,P1_fallback,0.423083
1067085509,P1_fallback,0.246142
1067721833,P1_fallback,0.304169
1067721833,P2_fallback,0.2
1069235772,P1_fallback,0.253846
1070255535,P1_fallback,0.235982
1070269043,P2_fallback,0.326005
1070869007,P1_fallback,0.222027
1072051563,P1_fallback,0.599997
1073121840,P1_fallback,0.256616
1073121840,P2_fallback,0.221077
1073718689,P1_fallback,0.414395
1074588916,P1_fallback,0.301008
1074588916,P2_fallback,0.2
1075202229,P1_fallback,0.364429
1076285625,P1_fallback,0.599995
1077702345,P1_fallback,0.6
1078552377,P1_fallback,0.318886
1078552377,P2_fallback,0.303041
1079152058,P1_fallback,0.560656
1080518708,P1_fallback,0.6
1081935363,P1_fallback,0.6
1082335263,P1_fallback,0.81857
1083152358,P1_fallback,0.411095
1083855177,P1_detected,0.87671
1084768370,P1_detected,0.316315
1084768370,P2_detected,0.251593
1085885687,P1_detected,0.405736
1085902357,P2_detected,0.396218
1087203440,P1_detected,0.490039
1088721610,P1_detected,0.382858
1089869076,P1_fallback,0.599028
1091035213,P1_fallback,0.6
1092185035,P1_fallback,0.211777
1093351848,P1_fallback,0.599643
1093935890,P1_fallback,0.292691
1094551168,P1_fallback,0.599999
1094651337,P1_fallback,0.801991
1095885661,P1_detected,0.792301
1095902443,P2_detected,0.328985
1097135554,P1_detected,0.453774
1097152406,P2_detected,0.218355
1098055152,P1_detected,0.898692
1099567860,P1_detected,0.335069
1100122781,P1_fallback,0.31951
1100136913,P2_fallback,0.2
1101635720,P1_detected,0.6
1102885301,P1_fallback,0.332112
1103522505,P1_fallback,0.316482
1104152394,P1_fallback,0.275296
1105152149,P1_fallback,0.325769
1105167685,P2_fallback,0.2
1105635374,P1_fallback,1
1106918705,P1_detected,0.415979
1106918705,P2_detected,0.248059
1107668673,P1_detected,0.238738
1107685739,P2_detected,0.235115
1108855288,P1_detected,0.2
1108855288,P2_detected,0.2
1110369032,P1_fallback,0.6
1111351774,P1_fallback,0.6
1112368687,P1_fallback,0.6
1113369003,P1_fallback,0.2
1114189293,P2_fallback,0.547963
1114368316,P1_fallback,0.571682
1115367855,P1_fallback,0.512922
1115552448,P1_fallback,0.213855
1115552448,P2_fallback,0.2
1116369058,P1_fallback,0.575783
1117369019,P1_fallback,0.599983
1118388565,P1_fallback,0.6
1119387892,P1_fallback,0.6
1120151684,P1_fallback,0.42008
1120151684,P2_fallback,0.210047
1120752099,P1_fallback,0.539279
1121388186,P1_fallback,0.325107
1122118714,P1_fallback,0.578761
1122722563,P1_fallback,0.598236
1123385287,P1_fallback,0.599998
1124385347,P1_fallback,0.6
1124769088,P2_fallback,0.374469
1125389150,P1_fallback,0.6
1125435460,P1_fallback,0.394482
1126402055,P1_fallback,0.6
1126435690,P1_fallback,1
1127951838,P1_detected,0.6
1128835290,P1_fallback,0.243458
1128835290,P2_fallback,0.211779
1129484725,P1_fallback,0.381589
1131035224,P1_fallback,0.519495
1132569055,P1_fallback,0.6
1134118732,P1_fallback,0.247872
1134135477,P2_fallback,0.2
1134721716,P1_fallback,0.456813
1135652062,P1_fallback,0.599985
1136789141,P1_fallback,0.331236
1136801907,P2_fallback,0.2
1137402369,P1_fallback,0.506082
1137935954,P1_fallback,0.290714
1138635634,P1_fallback,0.241889
1140151944,P1_fallback,0.6
1140252123,P1_fallback,0.485675
1140252123,P2_fallback,0.212768
1141317715,P1_detected,1
1142735681,P1_detected,0.379105
1142735681,P2_detected,0.2
1144256686,P1_fallback,0.6
1145535935,P1_fallback,0.2
1146835713,P1_fallback,0.2
1148118702,P1_fallback,0.2
1149085341,P1_fallback,0.341906
1149085341,P2_fallback,0.22672
1149701983,P1_fallback,0.222
1150721742,P1_fallback,0.599986
1152018824,P1_fallback,0.6
1152918406,P1_fallback,0.220751
1153536034,P1_fallback,0.6
1154618663,P1_fallback,0.6
1155918116,P1_fallback,0.6
1156385599,P1_fallback,0.321479
1156419018,P2_fallback,0.313714
1157188778,P1_fallback,0.372257
1157668878,P1_detected,1
1158618598,P1_detected,0.487234
1159122201,P1_detected,0.402868
1159603077,P1_detected,0.35438
1160518914,P1_detected,0.30172
1162018605,P1_detected,0.527908
1162736371,P1_fallback,0.582018
1163468576,P1_fallback,0.599986
1164169144,P1_fallback,0.2
1164169144,P2_fallback,0.21976
1164785599,P1_fallback,0.577783
1164902316,P1_fallback,0.593725
1165434921,P1_fallback,0.311595
1165434921,P2_fallback,0.239586
1166035138,P1_fallback,0.540539
1166351993,P1_fallback,0.597479
1166902200,P1_fallback,0.2
1166921670,P2_fallback,0.2
1167501992,P1_fallback,0.599988
1167788260,P1_fallback,0.504945
1167918721,P1_fallback,0.232728
1168485649,P1_detected,0.431288
1168485649,P2_detected,0.298802
1170003012,P1_fallback,0.6
1170868802,P1_fallback,0.6
1171735623,P1_fallback,0.6
1172602590,P1_fallback,0.6
1173167711,P1_fallback,0.2
1173768799,P1_fallback,0.6
1174335478,P1_fallback,0.6
1174669357,P1_fallback,0.2
1175234999,P1_fallback,0.437311
1175234999,P2_fallback,0.331145
1176752055,P1_detected,0.59768
1176968993,P1_fallback,0.213699
1176968993,P2_fallback,0.2
1177968735,P1_detected,0.542192
1179485628,P1_fallback,0.6
1180521607,P1_fallback,0.6
1181551393,P1_fallback,0.6
1182588577,P1_fallback,0.6
1183055519,P2_fallback,0.2
1183619567,P1_fallback,0.6
1184655151,P1_fallback,0.6
1185685174,P1_fallback,0.214832
1186721503,P1_fallback,0.599963
1187521765,P1_fallback,1
1188135668,P1_fallback,0.6
1188785596,P1_fallback,0.6
1189818061,P1_fallback,0.6
1190855157,P1_fallback,0.6
1191885339,P1_fallback,0.235943
1192419036,P1_fallback,0.356938
1192435712,P2_fallback,0.29668
1192922099,P1_fallback,0.32681
1192922099,P2_fallback,0.248382
1193602408,P2_detected,0.278903
1194435540,P1_fallback,0.266827
1195469002,P1_fallback,0.2
1195685657,P1_fallback,0.238466
1196502348,P1_fallback,0.548938
1197552459,P1_fallback,0.599998
1198124267,P1_fallback,0.300195
1198735675,P1_fallback,0.6
1199535936,P1_fallback,0.318899
1200152353,P1_fallback,0.394792
1200654851,P1_fallback,0.598694
1201702010,P1_fallback,0.6
1202735936,P1_fallback,0.214159
1203368951,P1_fallback,0.37414
1203989245,P1_fallback,0.222065
1204801760,P1_fallback,0.599898
1205019075,P1_fallback,0.453902
1205019075,P2_fallback,0.288306
1205851497,P1_fallback,0.35153
1205885681,P1_fallback,0.272314
1205902366,P2_fallback,0.2
1206552172,P1_detected,0.248131
1208069951,P1_fallback,0.6
1208285713,P1_fallback,0.363057
1209052017,P1_detected,0.402973
1209052017,P2_detected,0.217992
1210551747,P1_detected,0.6
1211202224,P1_fallback,0.3314
1212719065,P1_fallback,0.6
1213902281,P1_fallback,0.6
1214935337,P1_fallback,0.582446
1215551825,P1_fallback,0.6
1216122239,P1_fallback,0.880952
1216122239,P2_fallback,0.392063
1216736651,P1_fallback,0.59944
1217485688,P1_fallback,0.6
1218669715,P1_fallback,0.6
1219869426,P1_fallback,0.6
1220102295,P1_fallback,0.526791
1221068229,P1_fallback,0.6
1221702354,P1_fallback,0.275905
1221702354,P2_fallback,0.2
1222302338,P1_fallback,0.6
1222385177,P1_fallback,0.704546
1223902059,P1_fallback,0.6
1224735727,P1_fallback,0.350604
1224752426,P2_fallback,0.2
1225217875,P1_fallback,0.842335
1225217875,P2_fallback,0.377635
1226736519,P1_detected,0.6
1227685532,P1_fallback,0.6
1228635325,P1_fallback,0.6
1229585497,P1_fallback,0.6
1230518935,P1_fallback,0.481191
1231468963,P1_fallback,0.2
1232418258,P1_fallback,0.2
1232589327,P1_fallback,0.240597
1233368644,P1_fallback,0.529956
1234322154,P1_fallback,0.2
1235269708,P1_fallback,0.2
1235818750,P1_fallback,0.223508
1235835264,P2_fallback,0.2
1236319020,P1_fallback,0.793507
1236336288,P2_fallback,0.360873
1237536332,P1_detected,0.330819
1237551076,P2_detected,0.2
1238122210,P1_detected,0.668612
1239185362,P1_detected,0.336106
1240685659,P1_detected,0.6
1241585692,P1_fallback,0.541849
1242468748,P1_fallback,0.539863
1242484385,P2_fallback,0.242279
1243085724,P1_fallback,0.244967
1243401705,P1_fallback,0.58495
1244302375,P1_fallback,0.348355
1245218011,P1_fallback,0.599956
1246118015,P1_fallback,0.6
1247035255,P1_fallback,0.401195
1247269100,P1_fallback,0.279239
1247269100,P2_fallback,0.222236
1247935982,P1_fallback,0.508809
1248655186,P1_fallback,0.296349
1249251930,P1_fallback,0.599922
1249551982,P1_fallback,0.393368
1249551982,P2_fallback,0.322607
1251052293,P1_detected,0.299586
1251185344,P1_fallback,0.221606
1251202947,P2_fallback,0.246697
1252702364,P1_fallback,0.6
1252869015,P1_fallback,0.54072
1253852040,P1_detected,1
1253852040,P2_detected,0.906392
1255352483,P1_detected,0.6
1256588763,P1_fallback,0.6
1257852310,P1_fallback,0.6
1259085713,P1_fallback,0.6
1260335646,P1_fallback,0.6
1261585165,P1_fallback,0.571611
1261918351,P1_fallback,0.471515
1261918351,P2_fallback,0.303373
1262818239,P1_fallback,0.58712
1262952441,P1_fallback,0.347872
1264468793,P1_fallback,0.6
1265851039,P1_fallback,0.237751
1267252333,P1_fallback,0.587721
1267985673,P1_fallback,0.221022
1268003254,P2_fallback,0.231411
1268652265,P1_fallback,0.405187
1269368661,P1_fallback,0.270863
1269384370,P2_fallback,0.223222
1270035484,P1_fallback,0.455261
1271434749,P1_fallback,0.593105
1271852324,P1_fallback,0.576982
1272834517,P1_fallback,0.599997
1273034793,P1_fallback,0.725693
1273818861,P1_fallback,0.382771
1275318651,P1_detected,0.6
1276069024,P1_fallback,0.341906
1277585707,P1_fallback,0.6
1278968672,P1_fallback,0.6
1280385703,P1_fallback,0.6
1281785662,P1_fallback,0.6
1283202229,P1_fallback,0.548081
1283802107,P1_fallback,0.2
1283852038,P2_fallback,0.208724
1284602790,P1_fallback,0.280553
1284785668,P1_fallback,0.410655
1284785668,P2_fallback,0.290614
1285368270,P1_detected,0.874768
1286885284,P1_fallback,0.6
1287951594,P1_fallback,0.6
1288868685,P1_fallback,0.305207
1288868685,P2_fallback,0.2
1289469662,P1_fallback,0.320941
1290085740,P1_fallback,0.599381
1291168615,P1_fallback,0.6
1291418107,P1_fallback,0.3885
1291418107,P2_fallback,0.270975
1291936207,P1_fallback,0.697246
1293452346,P1_fallback,0.6
1294451912,P1_fallback,0.596628
1294652032,P1_fallback,0.294517
1294652032,P2_fallback,0.2
1295218635,P1_fallback,0.576978
1295235009,P2_fallback,0.361994
1296702364,P2_detected,0.216795
1296735463,P1_fallback,0.6
1297669893,P1_fallback,0.6
1298119068,P1_fallback,0.412528
1298135801,P2_fallback,0.358604
1298736230,P1_fallback,0.495083
1299569041,P1_fallback,0.599975
1300518988,P1_fallback,0.6
1301252035,P1_fallback,0.239832
1301268894,P2_fallback,0.20059
1301868931,P1_fallback,0.397016
1302402363,P1_fallback,0.480774
1303352154,P1_fallback,0.598684
1304302004,P1_fallback,0.6
1305252393,P1_fallback,0.308649
1305602809,P1_fallback,0.255477
1305602809,P2_fallback,0.2
1306218717,P1_fallback,0.242745
1306352410,P1_fallback,0.668083
1307018883,P1_detected,0.821092
1308536555,P1_fallback,0.206881
1308952423,P1_fallback,0.61909
1308952423,P2_fallback,0.233361
1310469327,P1_fallback,0.6
1311084693,P1_fallback,0.557037
1311084693,P2_fallback,0.302898
1312602175,P1_detected,0.512448
1312951485,P2_fallback,0.335306
1313918756,P1_fallback,0.599964
1315235669,P1_fallback,0.572769
1315235669,P1_fallback,0.302088
1316552411,P1_fallback,0.539693
1317869029,P1_fallback,0.231863
1318285764,P2_fallback,0.408216
1319184712,P1_fallback,0.5999
1319768592,P1_fallback,0.752483
1320502352,P1_fallback,0.6
1320569066,P1_fallback,0.699899
1321218584,P1_detected,0.46014
1321617653,P2_detected,0.325018
1321985733,P1_detected,1
1322202632,P2_detected,0.277335
1322802381,P1_detected,0.469191
1323735584,P1_detected,0.451335
1324835703,P1_detected,0.474973
1324835703,P2_detected,0.207713
1325384838,P1_detected,0.696676
1326751759,P1_detected,1
1328269378,P1_fallback,0.6
1329168637,P1_fallback,0.556588
1329785265,P1_fallback,0.564751
1330402576,P1_fallback,0.596658
1330985662,P1_fallback,0.59999
1331885270,P1_fallback,0.6
1332685424,P1_fallback,0.445982
1332685424,P2_fallback,0.211413
1333285743,P1_fallback,0.6
1333702218,P1_fallback,0.6
1334618909,P1_fallback,0.293605
1335536476,P1_fallback,0.598378
1335817652,P1_fallback,0.355681
1335835681,P2_fallback,0.241652
1336469934,P1_fallback,0.599915
1337318928,P1_fallback,0.417096
1337318928,P2_fallback,0.2
1337918970,P1_fallback,0.6
1337936138,P1_fallback,0.892332
1337936138,P2_fallback,0.33597
1339451953,P1_fallback,0.448218
1339901222,P1_fallback,0.329455
1339917997,P2_fallback,0.2
1341418722,P1_fallback,0.6
1341852416,P1_fallback,0.234744
1341852416,P2_fallback,0.250918
1343352367,P1_detected,0.6
1344252407,P1_fallback,0.766439
1344869995,P1_fallback,0.6
1346018437,P1_fallback,0.277497
1346035727,P2_fallback,0.248484
1346635734,P1_fallback,0.234537
1347486389,P1_fallback,0.25595
1348869989,P1_fallback,0.2
1349869600,P1_fallback,0.534241
1350469077,P1_fallback,0.576518
1351618747,P1_fallback,0.6
1352268545,P1_fallback,0.666615
1352985716,P1_fallback,0.6
1354369085,P1_fallback,0.408256
1354651987,P1_fallback,0.599633
1354969069,P2_fallback,0.392553
1355735860,P1_fallback,0.597729
1357119060,P1_fallback,0.265332
1357552260,P1_fallback,0.645616
1358502416,P1_fallback,0.587501
1359168704,P1_fallback,0.876414
1359869280,P1_fallback,0.599994
1360485444,P1_fallback,0.770524
1360485444,P2_fallback,0.374491
1361251501,P1_fallback,0.576073
1361552100,P1_fallback,0.879206
1361552100,P2_fallback,0.477558
1363052454,P1_detected,0.300619
1364585779,P1_fallback,0.599999
1364602764,P1_fallback,0.331907
1364602764,P2_fallback,0.2
1365869033,P1_fallback,0.349059
1366485367,P1_fallback,0.454649
1367634591,P1_fallback,0.599998
1369051559,P1_fallback,0.2
1369669379,P1_fallback,0.563571
1369935836,P1_fallback,0.328045
1371352421,P1_detected,0.984472
1372870169,P1_fallback,0.6
1374285596,P1_fallback,0.6
1375385693,P2_fallback,0.378254
1375685669,P1_fallback,1
1376301990,P1_fallback,0.6
1377169036,P1_fallback,0.6
1378252489,P1_fallback,0.270469
1378268754,P2_fallback,0.2
1378869278,P1_fallback,0.461942
1380035801,P1_fallback,0.599999
1381402521,P1_fallback,0.248511
1382017817,P1_fallback,0.223941
1382901979,P1_fallback,0.59994
1383718639,P1_fallback,0.248473
1383718639,P2_fallback,0.2
1384335821,P1_fallback,0.410518
1384452374,P1_fallback,0.408907
1384452374,P2_fallback,0.2
1385185569,P1_detected,0.32468
1385935777,P1_detected,0.967694
1386785281,P1_detected,0.467202
1386785281,P2_detected,0.317687
1387535230,P1_detected,0.523632
1387552015,P2_detected,0.374366
1388752352,P1_detected,0.369489
1388752352,P2_detected,0.2
1389985780,P1_detected,0.471116
1391502227,P1_detected,0.6
1392536430,P1_fallback,0.338039
1393551802,P1_fallback,0.599726
1394585073,P1_fallback,0.6
1394818754,P1_fallback,0.307505
1395352427,P1_fallback,0.334629
1396869653,P1_detected,0.6
1397819049,P1_fallback,0.200281
1398769004,P1_fallback,0.599495
1399218097,P1_fallback,0.753154
1399835719,P1_fallback,0.599994
1400685814,P1_fallback,0.6
1401635679,P1_fallback,0.6
1401635679,P1_fallback,1
1402585754,P1_fallback,0.6
1403452385,P1_fallback,0.815257
1403452385,P2_fallback,0.641904
1404052537,P1_fallback,0.6
1404385591,P1_fallback,0.321036
1405902328,P1_detected,0.6
1406918837,P1_fallback,0.367133
1407536193,P1_fallback,0.236146
1408369045,P1_fallback,0.253234
1408817922,P2_fallback,0.226437
1408985530,P1_fallback,0.484663
1409719052,P1_fallback,0.599928
1411002364,P1_fallback,0.6
1411685761,P1_fallback,0.725955
1411685761,P2_fallback,0.305398
1412285770,P1_fallback,0.6
1412802186,P1_fallback,0.237477
1414319116,P1_detected,0.307554
1415835638,P1_fallback,0.599871
1417218790,P1_fallback,0.451138
1417835758,P1_fallback,0.545992
1418835645,P1_fallback,0.599997
1420335836,P1_fallback,0.6
1420635614,P1_fallback,0.584814
1420652425,P2_fallback,0.487314
1421851968,P1_fallback,0.6
1423185742,P1_fallback,0.222687
1423802596,P1_fallback,0.48758
1424852398,P1_fallback,0.599997
1425951617,P1_fallback,0.523849
1426551504,P1_fallback,0.52266
1427385067,P1_fallback,0.294099
1427985471,P1_fallback,0.599977
1429368634,P1_fallback,0.6
1429485661,P1_fallback,0.506686
1430552252,P1_fallback,0.21016
1430552252,P2_fallback,0.2
1432069300,P1_fallback,0.6
1432485681,P1_fallback,0.356609
1432485681,P2_fallback,0.2
1433985718,P1_detected,0.228877
1434518766,P1_fallback,0.290891
1434518766,P2_fallback,0.2
1436035666,P1_detected,0.6
1437818863,P1_fallback,0.552407
1439552413,P1_fallback,0.396804
1439568886,P2_fallback,0.2
1440152270,P1_fallback,0.397865
1441369031,P1_fallback,0.2
1441485668,P1_fallback,0.2387
1441485668,P2_fallback,0.2
1443152362,P1_fallback,0.599989
1444635443,P2_fallback,0.455393
1444652371,P1_fallback,0.534646
1445252429,P1_fallback,0.6
1445585629,P2_fallback,0.2
1446536537,P1_fallback,0.497157
1446536537,P2_fallback,0.33793
1447151143,P1_fallback,0.599979
1448485727,P1_fallback,0.582653
1449002489,P2_fallback,0.284072
1449018630,P1_fallback,0.617047
1450252020,P1_fallback,0.6
1452035549,P1_fallback,0.6
1453635280,P1_fallback,0.542705
1453635280,P2_fallback,0.508471
1454251994,P1_fallback,0.295277
1454269632,P2_fallback,0.292638
1454785719,P2_fallback,1
1455568882,P1_fallback,0.344025
1456168360,P1_fallback,0.520534
1457368698,P1_fallback,0.599999
1459152337,P1_fallback,0.236833
1459217719,P1_fallback,0.228546
1459217719,P2_fallback,0.2
1460301811,P1_fallback,0.348609
1460301811,P2_fallback,0.218749
1461819064,P1_detected,0.6
1462552164,P1_fallback,0.283017
1463235606,P1_detected,0.313761
1463235606,P2_detected,0.2
1463736975,P1_detected,0.450664
1463736975,P2_detected,0.225003
1465252372,P1_detected,0.6
1466202963,P1_fallback,0.6
1466269168,P1_fallback,0.444123
1466269168,P2_fallback,0.227143
1467152007,P1_fallback,0.6
1468085699,P1_fallback,0.6
1469035300,P1_fallback,0.555456
1469069554,P1_fallback,0.204517
1469985580,P1_fallback,0.415373
1470918635,P1_fallback,0.599845
1471869274,P1_fallback,0.6
1472385401,P1_fallback,0.297672
1472385401,P2_fallback,0.233961
1472985670,P1_fallback,0.6
1473585543,P1_fallback,0.438038
1473585543,P2_fallback,0.264085
1474185021,P1_fallback,0.6
1474702368,P1_fallback,0.6
1475652406,P1_fallback,0.281347
1475835646,P1_fallback,0.251048
1476603803,P1_fallback,0.531051
1477284557,P1_fallback,0.496881
1477284557,P2_fallback,0.305407
1477851410,P1_fallback,0.354224
1478285738,P2_detected,0.273607
1479352442,P1_detected,0.334898
1479385724,P1_fallback,0.586391
1479385724,P2_fallback,0.288132
1480902406,P1_fallback,0.6
1481318818,P1_fallback,0.35434
1482835051,P1_fallback,0.470317
1483118293,P1_fallback,0.305401
1483118293,P2_fallback,0.2
1484635519,P1_fallback,0.6
1486018411,P1_fallback,0.586754
1486052700,P1_fallback,0.407249
1486069209,P2_fallback,0.2
1487402251,P1_fallback,0.599981
1487718995,P1_fallback,0.345599
1487735806,P2_fallback,0.32541
1488785641,P1_fallback,0.59851
1490184955,P1_fallback,0.599999
1490518877,P1_fallback,0.2
1490518877,P2_fallback,0.240182
1491567810,P1_fallback,0.344594
1492902379,P2_fallback,0.217139
1492951721,P1_fallback,0.2
1494352087,P1_fallback,0.220039
1495737001,P1_fallback,0.2
1495784813,P1_fallback,0.438844
1496485743,P1_fallback,0.636781
1498003125,P1_detected,0.6
1499418735,P1_fallback,0.599959
1500802978,P1_fallback,0.800407
1501403208,P1_fallback,0.6
1501767744,P1_fallback,1
1503285211,P1_fallback,0.6
1504718376,P1_fallback,0.6
1506152036,P1_fallback,0.459622
1506203685,P1_fallback,0.305833
1507202859,P1_fallback,0.450923
1508718979,P1_detected,0.6
1509485686,P1_fallback,0.361119
1509485686,P2_fallback,0.228849
1510318495,P1_detected,0.321513
1511835298,P1_fallback,0.437064
1513135306,P1_fallback,0.5456
1514434649,P1_fallback,0.6
1515152452,P1_fallback,0.418488
1515752391,P1_fallback,0.574187
1517035422,P1_fallback,0.599999
1518336928,P1_fallback,0.6
1518518818,P1_fallback,0.547588
1519352395,P1_fallback,0.382737
1520251751,P1_detected,0.897724
1521452399,P1_detected,0.2
1522968578,P1_fallback,0.6
1523485686,P1_fallback,0.607513
1524117732,P1_detected,0.327052
1524117732,P2_detected,0.2
1525202777,P2_detected,0.387081
1525635329,P1_fallback,0.6
1526668630,P1_fallback,0.6
1527737138,P1_fallback,0.518202
1528785590,P1_fallback,0.599995
1529336930,P1_fallback,0.475695
1529336930,P2_fallback,0.261752
1529936843,P1_fallback,0.6
1530119047,P1_fallback,0.295835
1530119047,P2_fallback,0.2
1531619127,P1_detected,0.487158
1531885773,P1_fallback,0.953504
1533402744,P1_detected,0.6
1533552518,P1_fallback,0.452363
1533552518,P2_fallback,0.225765
1535069859,P1_detected,0.6
1536385043,P1_fallback,0.6
1537702368,P1_fallback,0.6
1538385583,P1_fallback,0.509106
1539019051,P1_fallback,0.6
1540335693,P1_fallback,0.6
1540485316,P1_fallback,0.336098
1541669789,P1_fallback,0.6
1542969071,P1_fallback,0.6
1544301716,P1_fallback,0.6
1545136908,P1_fallback,0.287004
1545136908,P2_fallback,0.2
1545735338,P1_fallback,0.254155
1546937362,P1_fallback,0.225196
1547352183,P1_fallback,0.295569
1548252371,P1_fallback,0.5782
1549584760,P1_fallback,0.6
1550885578,P1_fallback,0.261914
1551319049,P1_fallback,0.476073
1551319049,P2_fallback,0.2
1552085713,P1_fallback,0.406541
1552102341,P2_fallback,0.201108
1553603205,P1_fallback,0.6
1554585713,P1_fallback,0.633007
1554603328,P2_fallback,0.496712
1555203219,P1_fallback,0.6
1555336613,P1_fallback,0.239128
1556552463,P1_detected,0.252281
1556569028,P2_detected,0.2
1558069730,P1_fallback,0.451119
1559336437,P1_fallback,0.599991
1560035386,P1_fallback,0.312265
1560035386,P2_fallback,0.2
1560651490,P1_fallback,0.598132
1561902159,P1_fallback,0.599861
1563152328,P1_fallback,0.478722
1563768836,P1_fallback,0.570504
1564102430,P1_fallback,0.223145
1564670013,P2_detected,0.257126
1565618491,P1_fallback,0.6
1566118882,P1_fallback,0.252114
1566669889,P1_detected,0.352599
1566669889,P2_detected,0.237895
1568185728,P1_fallback,0.6
1569235713,P1_fallback,0.387098
1569885532,P2_fallback,0.2
1570285572,P1_fallback,0.468844
1571003205,P1_fallback,0.246912
1571603500,P1_fallback,0.338791
1572419111,P1_fallback,0.599913
1573435738,P1_fallback,0.484899
1573435738,P2_fallback,0.2
1574052130,P1_fallback,0.425065
1574501939,P1_fallback,0.308151
1574501939,P2_fallback,0.226451
1576002915,P1_detected,0.6
1576568822,P1_fallback,0.663291
1578084854,P1_detected,0.6
1579435467,P1_fallback,0.22873
1579435467,P2_fallback,0.2
1580035682,P1_fallback,0.457381
1581035719,P1_fallback,0.599992
1582502328,P1_fallback,0.451109
1583485686,P2_fallback,0.2
1583502335,P1_fallback,0.735486
1584118372,P1_fallback,0.377509
1585035662,P1_fallback,0.504564
1585035662,P2_fallback,0.316527
1585585511,P1_fallback,0.327238
1587085709,P1_detected,0.6
1587535877,P1_fallback,0.248652
1587985630,P2_detected,0.2
1588351257,P1_detected,0.364361
1588951930,P1_detected,0.295626
1588951930,P2_detected,0.2
1590403232,P1_detected,0.467749
1591151940,P1_detected,0.608414
1592670038,P1_detected,0.6
1593152339,P1_fallback,0.206858
1593152339,P2_fallback,0.2
1594669819,P1_fallback,0.6
1595252283,P1_fallback,0.678182
1595752028,P2_detected,0.2
1596768904,P1_fallback,0.6
1597368841,P1_fallback,0.200744
1597368841,P2_fallback,0.2
1598885249,P1_detected,0.6
1600101252,P2_fallback,0.2
1600252233,P1_fallback,0.365137
1600835686,P1_fallback,0.252279
1601218113,P2_fallback,0.235296
1601635667,P1_fallback,0.589194
1602119031,P1_fallback,1
1603003086,P1_fallback,0.582803
1604385762,P1_fallback,0.6
1605268965,P1_fallback,0.234545
1605268965,P2_fallback,0.203152
1605870665,P1_fallback,0.521229
1606685739,P1_fallback,0.718051
1607302103,P1_fallback,0.599974
1608502352,P1_fallback,0.6
1609203006,P1_fallback,0.390597
1609869319,P1_fallback,0.551648
1609902310,P1_fallback,0.647447
1611269918,P1_detected,0.672224
1612785382,P1_detected,0.6
1614102297,P1_fallback,0.6
1614519116,P1_fallback,0.292333
1614519116,P2_fallback,0.2
1615419062,P1_fallback,0.6
1616718719,P1_fallback,0.277864
1618035334,P1_fallback,0.599998
1619351866,P1_fallback,0.6
1620002798,P1_fallback,0.241461
1620652413,P1_fallback,0.581763
1621969042,P1_fallback,0.2
1622018071,P1_fallback,0.218518
1622018071,P2_fallback,0.2
1623285359,P1_fallback,0.599391
1624604171,P1_fallback,0.6
1625403223,P1_fallback,0.25135
1625403223,P2_fallback,0.2
1626018946,P1_fallback,0.6
1627218670,P1_fallback,0.6
1627352020,P1_fallback,0.245686
1627352020,P2_fallback,0.2
1628152283,P1_fallback,0.69202
1628152283,P2_fallback,0.239772
1629252017,P1_detected,0.316581
1630302044,P1_detected,0.247217
1630302044,P2_detected,0.220663
1631302336,P1_detected,0.26937
1631302336,P2_detected,0.233569
1632819033,P1_fallback,0.6
1634003399,P1_fallback,0.586169
1634685458,P1_fallback,0.440691
1634685458,P2_fallback,0.25194
1635301970,P1_fallback,0.583691
1635351561,P1_fallback,0.226595
1635936753,P1_detected,0.306602
1635952305,P2_detected,0.206319
1637452280,P1_fallback,0.6
1638352369,P1_fallback,0.292936
1638418776,P1_fallback,0.282988
1638418776,P2_fallback,0.2
1639251576,P1_fallback,0.5674
1640151674,P1_fallback,0.599995
1641052408,P1_fallback,0.596523
1641952280,P1_fallback,0.2
1642652319,P1_fallback,0.763576
1642652319,P2_fallback,0.373682
1643270327,P1_fallback,0.399148
1643368626,P1_fallback,0.838036
1644885679,P1_fallback,0.346567
1645536556,P1_fallback,0.500087
1645552187,P2_fallback,0.239871
1646252470,P1_detected,0.575597
1647119090,P1_detected,0.200548
1647119090,P2_detected,0.2
1648635288,P1_fallback,0.6
1649618864,P1_fallback,0.6
1650618256,P1_fallback,0.384884
1650618256,P2_fallback,0.252302
1651219034,P1_fallback,0.6
1651485303,P2_fallback,0.2
1651618636,P1_fallback,0.6
1652603480,P1_fallback,0.2
1652870677,P1_fallback,0.395403
1652870677,P2_fallback,0.241445
1653602610,P1_fallback,0.504004
1654502035,P1_fallback,0.330171
1655101940,P1_fallback,0.575
1655602594,P1_fallback,0.598722
1655684507,P2_fallback,0.924686
1656603445,P1_fallback,0.6
1656985534,P1_fallback,0.498303
1657603507,P1_fallback,0.492989
1658585236,P1_fallback,0.332158
1659118915,P2_fallback,0.2
1659603439,P1_fallback,0.572842
1660585754,P1_fallback,0.597755
1660785259,P1_fallback,0.461039
1661584775,P1_fallback,0.599614
1662336468,P2_fallback,0.309603
1662585660,P1_fallback,0.6
1663584734,P1_fallback,0.6
1663870040,P1_fallback,0.337702
1664568703,P1_fallback,0.6
1665203444,P1_fallback,0.546353
1665818128,P1_fallback,0.6
1666568603,P1_fallback,0.471846
1666885615,P1_fallback,0.327523
1666885615,P2_fallback,0.20385
1667567730,P1_fallback,0.459137
1668567697,P1_fallback,0.599992
1668835729,P1_fallback,0.965638
1669551479,P1_fallback,0.6
1670551590,P1_fallback,0.6
1671551513,P1_fallback,0.599199
1672551432,P1_fallback,0.6
1672951914,P1_fallback,0.21098
1672968306,P2_fallback,0.202437
1673568020,P1_fallback,0.513992
1674552187,P1_fallback,0.587613
1674885495,P2_fallback,0.2
1675536310,P1_fallback,0.59995
1676535447,P1_fallback,0.234259
1676719087,P1_fallback,0.24187
1677485438,P1_fallback,0.35293
1677485438,P2_fallback,0.2
1678669825,P1_detected,0.439777
1680184939,P1_fallback,0.6
1680285654,P1_fallback,0.747036
1681635444,P2_detected,0.297769
1681803416,P1_fallback,0.6
1683285547,P1_fallback,0.5153
1683618986,P1_fallback,0.374792
1684768765,P1_fallback,0.598779
1686252446,P1_fallback,0.6
1687736846,P1_fallback,0.494743
1687802761,P1_fallback,0.420885
1687802761,P2_fallback,0.237145
1689168259,P1_fallback,0.331859
1689635730,P1_fallback,0.643039
1691152384,P1_detected,0.6
1692218760,P1_fallback,0.349869
1693168571,P1_fallback,0.349046
1693767809,P1_fallback,0.222247
1694352352,P1_fallback,0.598723
1694385231,P1_fallback,0.372878
1694385231,P2_fallback,0.261396
1695417745,P1_fallback,0.599986
1696485639,P1_fallback,0.6
1697218635,P1_fallback,0.383499
1697218635,P2_fallback,0.2
1697819029,P1_fallback,0.360982
1698603026,P1_fallback,0.599891
1699669218,P1_fallback,0.22586
1700736764,P1_fallback,0.578109
1701802651,P1_fallback,0.599976
1702085644,P1_fallback,0.285085
1702851977,P1_fallback,0.6
1703219118,P1_fallback,0.491245
1703219118,P2_fallback,0.2
1703835306,P1_detected,0.778305
1704968768,P1_detected,0.229894
1706485504,P1_fallback,0.6
1707536862,P1_fallback,0.395952
1708152351,P1_fallback,0.570503
1708736435,P1_fallback,0.2
1709868448,P1_fallback,0.2
1710234716,P1_fallback,0.24871
1711002452,P1_fallback,0.522194
1711185728,P1_fallback,0.464918
1712685194,P1_detected,0.363057
1714002855,P1_fallback,0.2
1714285353,P1_fallback,0.530907
1715285494,P1_fallback,0.351107
1716801890,P1_fallback,0.2
1716902202,P1_fallback,0.21149
1716902202,P2_fallback,0.2
1717501370,P1_detected,0.246347
1718651514,P1_detected,0.276906
1718651514,P2_detected,0.2
1719785257,P1_detected,0.276808
1719802318,P2_detected,0.345338
1721301624,P1_fallback,0.6
1722385640,P1_fallback,0.6
1723469206,P1_fallback,0.6
1723568957,P1_fallback,0.694311
1723568957,P2_fallback,0.323507
1724419068,P1_fallback,0.494815
1725901014,P1_detected,1
1727017923,P1_detected,0.31163
1728401869,P1_detected,1
1729918913,P1_fallback,0.6
1730702306,P1_fallback,0.370385
1730702306,P2_fallback,0.2
1731985696,P1_detected,0.456296
1732135806,P2_detected,0.431443
1732585636,P1_detected,0.777396
1733669019,P1_detected,0.832898
1733669019,P2_detected,0.280944
1735185690,P1_fallback,0.6
1736185411,P2_fallback,0.2
1736218674,P1_fallback,0.454775
1736768574,P1_fallback,0.315597
1737369033,P1_fallback,0.25242
1738319084,P1_fallback,0.599964
1739384836,P1_fallback,0.6
1739718968,P1_fallback,0.449703
1739718968,P2_fallback,0.240336
1740418541,P1_fallback,0.59829
1741485659,P1_fallback,0.597021
1742535692,P1_fallback,0.6
1743585746,P1_fallback,0.599314
1744635251,P1_fallback,0.332334
1745218936,P1_fallback,0.314739
1745235125,P2_fallback,0.328946
1745785684,P1_detected,0.2
1745802340,P2_detected,0.371249
1747302363,P1_detected,0.6
1748184663,P1_fallback,0.696432
1748802336,P1_fallback,0.6
1748952372,P1_fallback,0.476382
1750469024,P1_detected,0.216888
1751452253,P1_fallback,0.330148
1752451660,P1_fallback,0.59507
1752685671,P1_fallback,0.333309
1752701341,P2_fallback,0.306648
1753435667,P1_fallback,0.599889
1754435186,P1_fallback,0.6
1754568548,P1_fallback,0.2
1754585314,P2_fallback,0.2
1755069090,P1_fallback,0.593644
1756034980,P1_detected,0.669246
1757551481,P1_fallback,0.6
1758019008,P1_fallback,0.516032
1758019008,P2_fallback,0.272683
1759535385,P1_fallback,0.6
1759985680,P1_fallback,0.363361
1760002483,P2_fallback,0.437784
1761485443,P1_detected,0.6
1761936187,P1_fallback,0.250343
1761951588,P2_fallback,0.240822
1763452364,P1_detected,0.357408
1764351848,P1_fallback,0.362462
1764952366,P1_fallback,0.59954
1765469326,P1_fallback,0.401707
1765469326,P2_fallback,0.200016
1766968903,P1_detected,0.6
1767552297,P1_fallback,0.229818
1769069098,P1_fallback,0.6
1769702055,P1_fallback,0.221208
1769702055,P2_fallback,0.2
1770968031,P1_detected,0.30922
1770968031,P2_detected,0.2
1772485684,P1_fallback,0.6
1773601942,P1_fallback,1
1774002405,P2_fallback,0.2
1774218594,P1_fallback,0.6
1775002470,P1_fallback,0.576196
1775603286,P1_fallback,0.6
1776434456,P1_fallback,1
1777052338,P1_fallback,0.6
1777469752,P1_fallback,1
1777469752,P2_fallback,0.349096
1778818795,P1_detected,1
1778985694,P2_detected,0.242924
1780335634,P1_fallback,0.6
1780451971,P1_fallback,0.621175
1781319000,P2_detected,0.307925
1781968713,P1_fallback,0.6
1782735542,P2_fallback,0.45815
1783384572,P1_fallback,0.6
1783669206,P1_fallback,0.889558
1784185420,P1_fallback,0.755147
1785136783,P1_detected,0.568541
1786085146,P1_detected,0.741548
1786085146,P2_detected,0.2
1787602332,P1_detected,0.6
1788602390,P1_fallback,0.6
1789618968,P1_fallback,0.6
1790034696,P1_fallback,0.570994
1790052260,P2_fallback,0.2
1790652351,P1_fallback,0.6
1790652351,P1_fallback,1
1792169028,P1_fallback,0.6
1792536247,P1_fallback,0.476143
1794052267,P1_detected,0.6
1794402197,P1_fallback,0.378351
1794918904,P1_detected,1
1795968979,P1_detected,0.830192
1796669667,P1_detected,0.899444
1797336016,P2_detected,0.379731
1798184808,P1_fallback,0.493843
1798235352,P1_fallback,0.619599
1798235352,P2_fallback,0.2
1799035704,P2_detected,0.212322
1799752352,P1_fallback,0.486035
1800035369,P2_fallback,0.2
1800519012,P1_fallback,0.683051
1800751841,P2_fallback,1
1801402594,P2_detected,1
1802035228,P1_fallback,0.6
1802670040,P2_fallback,0.911503
1803185796,P1_fallback,0.599898
1803669737,P1_fallback,0.587808
1803819049,P2_fallback,0.488008
1804335836,P1_fallback,0.500772
1804568376,P2_fallback,1
1805403593,P1_fallback,0.896199
1805851081,P2_fallback,0.2
1806002440,P1_fallback,0.403285
1806618999,P1_fallback,0.460641
1807202845,P2_fallback,1
1807736095,P2_fallback,0.950746
1807768723,P1_fallback,0.23333
1808268918,P2_fallback,1
1808918917,P1_fallback,0.599937
1809402314,P2_fallback,1
1810052377,P1_fallback,0.6
1811202953,P1_fallback,0.6
1812352346,P1_fallback,0.6
1812634828,P2_fallback,1
1813235274,P2_fallback,0.761267
1813502420,P1_fallback,0.382023
1814168575,P1_fallback,0.355996
1814684859,P2_fallback,1
1814785672,P1_fallback,0.543439
1815803242,P1_fallback,0.599998
1816202495,P2_fallback,0.541308
1816451760,P1_fallback,0.434963
1817069100,P1_fallback,0.571617
1818085533,P1_fallback,0.599999
1819235702,P1_fallback,0.6
1820151179,P2_fallback,0.669311
1820384805,P1_fallback,0.536461
1820802410,P2_fallback,1
1821418759,P2_fallback,1
1821536199,P1_fallback,0.599999
1822635108,P2_fallback,0.913417
1822669768,P1_fallback,0.6
1823501160,P2_fallback,0.573339
1823835689,P1_fallback,0.284872
1824252264,P1_fallback,0.379326
1824252264,P2_fallback,0.764682
1824768576,P1_fallback,0.728043
1825936800,P2_detected,1
1826284851,P1_fallback,0.277327
1827502343,P1_fallback,0.2
1828751918,P1_fallback,0.249131
1829985520,P1_fallback,0.599242
1831218852,P1_fallback,0.240192
1832452261,P1_fallback,0.21855
1833684883,P1_fallback,0.659933
1834285383,P1_fallback,0.58912
1834918972,P1_fallback,0.599837
1835035310,P2_fallback,0.842341
1835752262,P2_fallback,0.434161
1835768637,P1_fallback,0.557267
1836318794,P2_fallback,1
1836368559,P1_fallback,0.6
1837135470,P2_fallback,1
1837402782,P1_fallback,0.6
1838402402,P1_fallback,0.35942
1838402402,P2_fallback,0.418225
1839003160,P1_fallback,0.294118
1839568971,P2_fallback,0.426618
1839869052,P1_fallback,0.501516
1840568544,P2_fallback,0.667193
1840869170,P1_fallback,0.842773
1841485665,P1_fallback,0.584965
1841518862,P1_fallback,1
1841968676,P2_detected,1
1843035263,P1_fallback,0.6
1844319043,P1_fallback,0.389452
1845403104,P1_fallback,0.333139
1845403104,P2_fallback,0.366722
1846002886,P1_fallback,0.254268
1846918988,P1_fallback,0.599955
1848218838,P1_fallback,0.6
1849119013,P2_fallback,0.328408
1849502346,P1_fallback,0.344146
1849635245,P2_fallback,0.81034
1850803530,P1_fallback,0.599948
1852101993,P1_fallback,0.6
1852101993,P2_fallback,1
1852585680,P1_fallback,0.372511
1853403234,P1_fallback,0.594913
1854003043,P2_fallback,0.415998
1854502352,P2_fallback,1
1854701200,P1_fallback,0.250482
1855603191,P2_fallback,0.234089
1855951777,P1_fallback,0.39937
1856568456,P1_fallback,0.277942
1857284776,P1_fallback,0.461394
1858352132,P1_fallback,1
1858352132,P2_fallback,0.922793
1858952243,P1_fallback,0.598708
1859885259,P1_fallback,0.6
1860368947,P1_fallback,0.645249
1860368947,P2_fallback,0.475402
1860968584,P1_fallback,0.402974
1862485665,P1_fallback,0.313039
1862618982,P1_fallback,0.569884
1862618982,P2_fallback,0.338702
1864136300,P1_fallback,0.433521
1865502323,P1_fallback,0.404664
1865603572,P1_fallback,0.362462
1865603572,P2_fallback,0.445215
1866885675,P1_fallback,0.599821
1868219001,P1_fallback,0.795645
1868219001,P2_fallback,0.453219
1868835695,P1_fallback,0.599364
1869203624,P2_fallback,0.669821
1869652022,P1_fallback,0.6
1870835073,P2_fallback,0.463462
1871035269,P1_fallback,0.235255
1872418985,P1_fallback,0.2
1873384507,P2_fallback,0.466153
1873785445,P1_fallback,0.201552
1874202380,P2_fallback,0.542857
1875184791,P1_fallback,0.599635
1875551667,P1_fallback,0.748147
1876551945,P1_fallback,0.6
1877935577,P1_fallback,0.6
1878136611,P1_fallback,0.799571
1878501233,P2_fallback,0.28629
1878918097,P1_fallback,0.575922
1879185250,P2_fallback,0.711881
1880418761,P1_detected,0.6
1881936557,P1_fallback,0.423964
1882452122,P2_fallback,0.2
1883368111,P2_fallback,0.277331
1883469087,P1_fallback,0.331247
1884869336,P2_fallback,0.319967
1884985547,P1_fallback,0.213094
1885684503,P2_fallback,0.374102
1886202935,P1_fallback,0.382871
1886202935,P2_fallback,0.28335
1886818630,P1_fallback,0.231452
1887818580,P2_fallback,0.559137
1887968785,P1_fallback,0.766373
1888403856,P2_fallback,0.381607
1888568188,P1_fallback,0.599974
1889019037,P1_fallback,0.425731
1890435385,P1_detected,0.308023
1890919011,P2_detected,0.396889
1891952337,P1_detected,0.2
1893470106,P1_fallback,0.2
1894168717,P2_fallback,0.2
1895003115,P1_fallback,0.571414
1896518582,P1_fallback,0.6
1896736894,P1_fallback,0.326682
1896736894,P2_fallback,0.43017
1897368634,P1_fallback,0.350617
1897368634,P2_fallback,1
1898002382,P1_detected,0.427413
1898002382,P2_detected,0.410318
1899501482,P1_detected,0.379038
1899584844,P1_fallback,0.292679
1899584844,P2_fallback,0.374328
1901101919,P1_fallback,0.421019
1902203315,P1_fallback,0.322473
1902318986,P2_fallback,0.266599
1902552365,P1_fallback,0.339356
1903203364,P1_fallback,0.581214
1903203364,P2_fallback,0.565173
1904717696,P1_detected,0.6
1905769038,P1_fallback,0.587699
1906485354,P1_fallback,0.322212
1907085371,P1_fallback,0.599989
1907869682,P1_fallback,0.307976
1908301892,P2_fallback,0.47737
1908318881,P1_fallback,0.327619
1908936125,P1_fallback,0.231302
1909652110,P2_fallback,0.297848
1909670009,P1_fallback,0.249836
1910269869,P1_fallback,0.309623
1911002931,P1_fallback,0.599775
1912052182,P1_fallback,0.235754
1912269691,P1_fallback,0.2
1912269691,P2_fallback,0.2
1913102304,P1_fallback,0.561025
1913452245,P2_fallback,0.261074
1914136677,P1_fallback,0.52116
1915185638,P1_fallback,0.2
1915536414,P1_fallback,0.355683
1915536414,P2_fallback,0.259581
1916235269,P1_fallback,0.437319
1917284950,P1_fallback,0.599995
1917369021,P1_fallback,0.418721
1917369021,P2_fallback,0.323951
1917968271,P1_fallback,0.395567
1919469652,P1_detected,0.6
1920651044,P1_fallback,0.200539
1921835738,P1_fallback,0.475189
1923018994,P1_fallback,0.599747
1924152388,P2_fallback,0.225812
1924202617,P1_fallback,0.243108
1925385145,P1_fallback,0.468242
1925602397,P1_fallback,0.392174
1925602397,P2_fallback,0.277253
1926568617,P1_fallback,0.2
1926737107,P2_fallback,0.2
1926752301,P1_fallback,0.234503
1928185037,P1_detected,0.325882
1928185037,P2_detected,0.31146
1928951599,P1_detected,0.4248
1928951599,P2_detected,0.47378
1930470464,P1_detected,0.6
1931634358,P1_fallback,0.6
1932002530,P1_fallback,0.384546
1932803882,P1_fallback,0.365041
1933051626,P1_fallback,0.226688
1933051626,P2_fallback,0.232201
1934568000,P1_detected,0.6
1935834911,P1_fallback,0.6
1936785471,P1_fallback,0.357809
1936785471,P2_fallback,0.270403
1937403568,P1_fallback,0.6
1938003277,P1_fallback,0.675656
1938003277,P2_fallback,0.569394
1938603250,P1_fallback,0.6
1939685656,P1_fallback,0.598344
1940752301,P2_fallback,0.874051
1940952241,P1_fallback,0.6
1941285357,P1_fallback,0.315358
1941285357,P2_fallback,0.274008
1942235344,P1_fallback,0.396342
1942418148,P2_fallback,0.2
1942435295,P1_fallback,0.254903
1943518994,P1_fallback,0.231193
1943818474,P1_fallback,0.363443
1943818474,P2_fallback,0.220644
1944435663,P1_fallback,0.410896
1945951748,P1_fallback,0.6
1946269903,P1_fallback,0.2
1946269903,P2_fallback,0.2
1946935978,P1_detected,0.306937
1946935978,P2_detected,0.31763
1947619037,P1_detected,0.300156
1947619037,P2_detected,0.341465
1949135963,P1_detected,0.2
1949418373,P2_fallback,0.2627
1949435350,P1_fallback,0.347504
1950936060,P1_detected,0.284676
1951185718,P1_fallback,0.387058
1951418569,P2_detected,0.349748
1952419048,P2_detected,0.482701
1952702425,P1_fallback,0.6
1953835298,P1_fallback,0.6
1954069190,P1_fallback,0.803379
1954984483,P1_fallback,0.443541
1955270029,P2_fallback,0.220114
1956136597,P1_fallback,0.281873
1957285030,P1_fallback,0.592005
1957318640,P1_fallback,0.860097
1958434888,P1_fallback,0.599963
1958967759,P1_fallback,0.28606
1958967759,P2_fallback,0.275086
1959584486,P1_fallback,0.6
1960568558,P1_fallback,0.492664
1960568558,P2_fallback,0.294979
1961169005,P1_fallback,0.319537
1961870402,P1_fallback,0.599732
1962485628,P1_fallback,0.722455
1963085531,P1_fallback,0.599999
1963485483,P2_fallback,0.278445
1963617683,P1_fallback,0.435289
1964719112,P2_detected,1
1965137049,P1_fallback,0.31881
1965403873,P1_fallback,0.558737
1966352072,P2_detected,0.595397
1966917688,P1_detected,0.455415
1966917688,P2_detected,0.51216
1968301970,P2_fallback,0.785179
1968470008,P1_fallback,0.6
1968936820,P2_fallback,0.687748
1969136505,P1_fallback,0.338352
1969752108,P2_fallback,0.209716
1970018695,P1_fallback,0.249863
1970820587,P1_fallback,0.972569
1971585363,P1_fallback,0.538669
1971803852,P2_fallback,0.446121
1972718709,P2_fallback,1
1973137178,P1_fallback,0.6
1974701044,P1_fallback,0.426278
1975834627,P1_fallback,0.258589
1975834627,P2_fallback,0.277736
1976435648,P1_fallback,0.248847
1977137084,P1_fallback,0.722235
1977819004,P1_fallback,0.599822
1978618595,P1_fallback,0.568835
1978618595,P2_fallback,0.236052
1979368669,P1_fallback,0.590948
1980552164,P2_fallback,0.359875
1980567875,P1_fallback,0.434734
1981168637,P1_fallback,0.33588
1981501697,P2_fallback,0.293074
1982019038,P1_fallback,1
1982618929,P1_fallback,0.59987
1982936225,P1_fallback,0.780214
1982936225,P2_fallback,0.488658
1984451852,P1_detected,0.6
1985851140,P1_fallback,0.564713
1985884660,P2_fallback,0.222128
1986685339,P2_fallback,0.258831
1987252379,P1_fallback,0.2
1987536376,P1_fallback,0.282775
1987536376,P2_fallback,0.599719
1988669682,P1_fallback,0.597835
1989102465,P2_fallback,0.270804
1989718709,P2_fallback,0.2
1989851287,P1_fallback,0.590807
1990403977,P2_fallback,0.224346
1990418471,P1_fallback,0.267747
1990936397,P1_detected,0.420758
1991551886,P2_detected,0.664818
1991568744,P1_detected,0.489193
1992452262,P1_detected,0.28658
1993967621,P1_detected,0.6
1994352267,P1_fallback,0.524206
1995151993,P1_detected,1
1995901482,P2_detected,0.622313
1996402889,P1_detected,0.427686
1996418381,P2_detected,0.269099
1997918946,P1_fallback,0.6
1998685358,P2_fallback,0.357792
1998901197,P1_fallback,0.329939
1999885591,P1_fallback,0.233189
1999919005,P1_fallback,0.247908
1999936923,P2_fallback,0.309976
2000869816,P1_fallback,0.587184
2001003188,P1_fallback,0.554549
2001003188,P2_fallback,0.578214
2002518787,P1_fallback,0.6
2003085668,P1_fallback,0.968748
2003085668,P2_fallback,0.675149
2004602537,P1_fallback,0.6
2004852271,P2_fallback,0.567665
2005485105,P2_fallback,0.449852
2005818885,P1_fallback,0.969667
2006385583,P2_fallback,0.527548
2006403400,P1_fallback,0.508745
2007235326,P2_detected,0.36758
2007917829,P1_fallback,0.269335
2008418954,P2_fallback,0.540659
2008984772,P1_fallback,0.2
2010085726,P1_fallback,0.599129
2011151602,P1_fallback,0.599951
2011485508,P1_fallback,0.592852
2012218925,P1_fallback,0.347532
2012218925,P2_fallback,0.367107
2013736387,P1_detected,0.46578
2014018157,P1_fallback,0.584115
2014018157,P2_fallback,0.317066
2014919009,P2_detected,0.36495
2015537699,P1_fallback,0.6
2016035287,P2_fallback,0.341186
2016301563,P1_fallback,0.317977
2017435057,P1_detected,0.559137
2017435057,P2_detected,0.664361
2018952249,P1_fallback,0.519239
2020269679,P1_fallback,0.59714
2020384511,P1_fallback,0.277189
2020384511,P2_fallback,0.218886
2021585433,P1_fallback,0.599965
2022251221,P2_fallback,1
2022918999,P1_fallback,0.6
2024235737,P1_fallback,0.6
2024536431,P2_fallback,0.2
2025185689,P2_fallback,0.248777
2025319021,P1_fallback,0.21833
2025918931,P1_fallback,0.29101
2026085134,P1_fallback,0.422334
2026085134,P2_fallback,0.68371
2027085623,P1_detected,0.429577
2027085623,P2_detected,0.479293
2028603365,P1_fallback,0.6
2029851933,P1_fallback,0.486451
2030552444,P1_fallback,0.2
2030552444,P2_fallback,0.280366
2031168974,P1_fallback,0.227417
2031517653,P1_fallback,0.288774
2033035267,P1_fallback,0.416857
2033136268,P1_fallback,0.284738
2033136268,P2_fallback,0.459519
2034419007,P1_detected,0.695638
2035568638,P1_detected,0.381169
2035568638,P2_detected,0.351526
2036418532,P1_detected,0.49888
2036418532,P2_detected,0.664206
2037136401,P2_detected,0.583835
2037935501,P1_fallback,0.6
2038952284,P2_fallback,0.211106
2039069708,P1_fallback,0.346187
2040218809,P1_fallback,0.25953
2041352352,P1_fallback,0.541394
2041485729,P1_fallback,0.230338
2042117918,P1_fallback,0.69685
2042117918,P2_fallback,0.710665
2043618745,P1_detected,0.285155
2043635012,P2_fallback,0.269743
2043651725,P1_fallback,0.235401
2044152263,P1_detected,0.327773
2044152263,P2_detected,0.302408
2044701386,P2_detected,0.588157
2044718584,P1_detected,0.777606
2045852295,P1_detected,0.511231
2045852295,P2_detected,0.791884
2047351921,P1_detected,0.6
2047685430,P1_fallback,0.812782
2047685430,P2_fallback,0.957583
2048518943,P2_detected,0.277766
2049203392,P1_detected,0.6
2049635233,P2_fallback,0.550564
2049651187,P1_fallback,1
2051069470,P1_detected,0.724608
2051069470,P2_detected,0.507408
2051802928,P1_detected,0.454268
2053069836,P1_detected,0.386506
2053069836,P2_detected,0.437958
2054168165,P1_detected,0.402382
2054168165,P2_detected,0.455632
2055685575,P1_fallback,0.203759
2056751245,P1_fallback,0.597269
2056818142,P1_fallback,0.905712
2056818142,P2_fallback,0.582715
2057816906,P1_fallback,0.599974
2058902588,P1_fallback,0.6
2059985963,P1_fallback,0.6
2060419273,P1_fallback,0.297272
2060419273,P2_fallback,0.26465
2061052578,P1_fallback,0.6
2061902545,P2_fallback,0.537852
2062035801,P1_fallback,0.365876
2062652548,P1_fallback,0.6
2063202453,P1_fallback,0.276135
2063202453,P2_fallback,0.329049
2063802471,P1_fallback,0.6
2064369029,P1_fallback,0.6
2064869112,P1_fallback,0.437428
2064869112,P2_fallback,0.372053
2065486102,P1_fallback,0.6
2066002798,P1_fallback,0.221801
2066002798,P2_fallback,0.244233
2066768982,P2_detected,0.546501
2067336082,P1_detected,0.643026
2068468938,P1_detected,0.227184
2068468938,P2_detected,0.215087
2069219369,P2_detected,0.2125
2069985526,P1_fallback,0.299683
2071299086,P1_fallback,0.59918
2071656496,P1_fallback,0.217628
2071656496,P2_fallback,0.225185
2072558380,P1_fallback,0.587781
2072856600,P1_fallback,0.532173
2073518811,P1_fallback,0.316754
2074518666,P1_detected,0.315037
2074518666,P2_detected,0.510486
2076035266,P1_fallback,0.374687
2077103941,P1_fallback,0.29443
2078188491,P1_fallback,0.2
2078735204,P2_fallback,0.227736
2079251852,P1_fallback,0.2
2079418435,P2_fallback,0.25581
2080018436,P1_fallback,0.267908
2080018436,P2_fallback,0.410606
2080618403,P1_fallback,0.222
2080918687,P1_fallback,0.294204
2080918687,P2_fallback,0.269071
2082435067,P1_fallback,0.2
2083551652,P1_fallback,0.544193
2083551652,P2_fallback,0.714336
2084168327,P1_fallback,0.591697
2084818229,P1_fallback,0.344504
2085651664,P1_fallback,0.397476
2085651664,P2_fallback,0.37081
2086251499,P1_fallback,0.291982
2087034871,P2_fallback,0.720238
2087218148,P1_fallback,0.558502
2088434968,P1_fallback,0.556878
2089618071,P1_fallback,0.2
2089684696,P1_fallback,0.442187
2090268068,P1_fallback,0.2
2090268068,P2_fallback,0.2
2091784622,P1_detected,0.6
2091801317,P1_fallback,0.322908
2091801317,P2_fallback,0.258325
2092751280,P1_detected,0.208227
2092751280,P2_detected,0.241182
2093317900,P1_detected,0.2
2093317900,P2_detected,0.2
2094834516,P1_detected,0.6
2095684527,P2_fallback,0.24786
2095701178,P1_fallback,0.236136
2096317850,P1_fallback,0.584379
2096667814,P1_fallback,0.28731
2096751138,P1_fallback,0.50505
2096751138,P2_fallback,0.2
2097351104,P1_detected,0.204129
2097351104,P2_detected,0.2
2098701020,P2_detected,0.303299
2098717667,P1_detected,0.776831
2100217656,P1_detected,0.6
2101200989,P1_fallback,0.6
2102184296,P1_fallback,0.23972
2102284243,P2_fallback,0.268678
2102300953,P1_fallback,0.223072
2103150879,P1_fallback,0.570103
2103517539,P1_fallback,0.228987
2103517539,P2_fallback,0.25971
2104134188,P1_fallback,0.599252
2104484153,P2_fallback,0.615388
2105117417,P1_fallback,0.599961
2105300800,P2_fallback,0.989982
2105534146,P1_fallback,0.602177
2106150685,P1_fallback,0.599999
2107067352,P1_fallback,0.6
2108017339,P1_fallback,0.2
2108017339,P2_fallback,0.325816
2108634009,P1_fallback,0.577398
2108817320,P1_fallback,0.236549
2108817320,P2_fallback,0.216987
2109450583,P1_detected,0.337035
2109450583,P2_detected,0.318813
2110967197,P1_fallback,0.6
2111233899,P1_fallback,0.437863
2111233899,P2_fallback,0.287732
2111900541,P1_detected,0.794628
2113417109,P1_detected,0.6
2114383810,P1_fallback,0.598668
2114867087,P1_fallback,0.535252
2114867087,P2_fallback,0.608944
2115466994,P1_fallback,0.599988
2116300307,P1_fallback,0.6
2117050335,P2_fallback,0.216276
2117266947,P1_fallback,0.566231
2117917012,P1_fallback,0.2
2117917012,P2_fallback,0.2
2118516952,P1_fallback,0.596138
2118800256,P1_fallback,0.544807
2119483535,P1_detected,0.353689
2119483535,P2_detected,0.288199
2121000161,P1_detected,0.6
2121300147,P1_fallback,0.848888
2121300147,P2_fallback,0.754814
2122000082,P1_detected,0.296719
2122000082,P2_detected,0.232187
2122950043,P1_detected,0.623904
2124466642,P1_fallback,0.6
2125433256,P1_fallback,0.6
2126416597,P1_fallback,0.6
2126983251,P1_fallback,0.706055
2127299920,P2_fallback,0.616676
2127583166,P1_fallback,0.526024
2127816551,P1_fallback,0.490444
2127816551,P2_fallback,0.450713
2128766503,P1_detected,0.533423
2129233166,P1_detected,0.310928
2129233166,P2_detected,0.2
2130749738,P1_detected,0.236086
2131549754,P1_fallback,0.2
2132366403,P1_fallback,0.526963
2132366403,P2_fallback,0.546526
2133166366,P1_fallback,0.459356
2133833005,P1_fallback,0.320301
2134432976,P1_fallback,0.221515
2134799619,P1_fallback,0.245315
2135599609,P1_fallback,0.2
2135916252,P2_fallback,0.672603
2136416213,P1_fallback,0.584469
2136832880,P2_fallback,0.333446
2136849543,P1_fallback,0.419882
2137416167,P2_fallback,0.256659
2137449513,P1_fallback,0.544888
2138032800,P1_fallback,0.593729
2138832795,P1_fallback,0.277892
2139649418,P1_fallback,0.2
2140466045,P1_fallback,0.28616
2141266002,P1_fallback,0.2
2141349311,P2_fallback,1
2141499284,P1_fallback,0.289038
2142099315,P1_fallback,0.222041
2142482654,P2_fallback,0.907957
2142882600,P1_fallback,0.584749
2143699490,P1_fallback,0.599965
2144499449,P1_fallback,0.6
2144816034,P1_fallback,0.4412
2144816034,P2_fallback,0.308665
2145443966,P1_fallback,0.603401
2145443966,P2_fallback,0.445658
2146536710,P1_detected,0.298459
2147966075,P1_detected,0.617632
2147966075,P2_detected,0.429996
2149465964,P1_detected,0.338146
2150216008,P1_fallback,0.206754
2150216008,P2_fallback,0.245294
2151715852,P1_detected,0.6
2151815940,P1_fallback,0.477809
2153049095,P1_detected,0.945735
2154115845,P1_detected,1
2154115845,P2_detected,1
2154915729,P2_detected,1
2155549080,P1_detected,0.205642
2156849175,P2_detected,0.672265
2157048996,P1_detected,0.6
2158349499,P1_fallback,0.6
2159182264,P2_fallback,1
2159648967,P1_fallback,0.6
2160048957,P1_fallback,0.223515
2160616369,P2_fallback,0.719236
2160765563,P1_fallback,0.265983
2162248799,P2_detected,1
2162265450,P1_detected,0.6
2163482698,P1_fallback,0.6
2164115497,P2_fallback,0.222902
2164632048,P2_fallback,0.384077
2164682368,P1_fallback,0.2
2164965273,P1_fallback,0.2
2165882710,P1_fallback,0.582207
2165998651,P1_fallback,0.657474
2167515403,P1_detected,0.6
2168848599,P1_fallback,0.6
2168981899,P2_fallback,0.343318
2169415745,P1_fallback,0.243092
2170065196,P2_fallback,0.529094
2170181839,P1_fallback,0.543544
2170631749,P1_fallback,0.432966
2171315276,P1_fallback,0.405455
2171315276,P2_fallback,0.476533
2172531711,P1_detected,0.336317
2172531711,P2_detected,0.345432
2173798362,P1_detected,0.654621
2173798362,P2_detected,0.43247
2175314817,P1_fallback,0.6
2175731581,P1_fallback,0.847118
2175731581,P2_fallback,0.993669
2177248196,P1_fallback,0.6
2178549019,P1_fallback,0.29207
2178631472,P2_fallback,0.2
2179848187,P1_fallback,0.330698
2179981496,P1_fallback,0.2
2179981496,P2_fallback,0.2
2181149261,P1_fallback,0.5989
2181764624,P1_fallback,0.540376
2182131367,P2_fallback,0.456186
2182464657,P1_fallback,0.547173
2183064636,P1_fallback,0.742785
2183764499,P1_fallback,0.582149
2184564683,P1_fallback,0.449197
2185181328,P1_fallback,0.592955
2185581233,P1_fallback,0.238791
2185581233,P2_fallback,0.275893
2187097820,P1_fallback,0.230279
2188431082,P1_fallback,0.357647
2189797739,P1_fallback,0.2
2191130928,P1_fallback,0.2
2191714279,P1_fallback,0.238008
2191714279,P2_fallback,0.2
2192497617,P1_fallback,0.468296
2193847663,P1_fallback,0.2
2193864307,P1_fallback,0.352494
2194647595,P1_fallback,0.381769
2196164003,P1_fallback,0.6
2197063988,P2_fallback,0.2
2197082576,P1_fallback,0.4794
2197682649,P1_fallback,0.505114
2197897411,P1_fallback,0.245121
2197897411,P2_fallback,0.22031
2199415874,P1_fallback,0.6
2200647161,P1_fallback,0.6
2201897258,P1_fallback,0.33273
2202082552,P2_fallback,0.213709
2203082261,P2_fallback,0.237394
2203149520,P1_fallback,0.239062
2203349279,P1_fallback,0.247663
2204397191,P1_fallback,0.595156
2204682757,P1_fallback,0.243556
2205113817,P2_fallback,0.337461
2205647064,P1_fallback,0.599991
2205913810,P1_fallback,0.248015
2205913810,P2_fallback,0.260486
2206897000,P1_fallback,0.6
2208149257,P1_fallback,0.6
2209330290,P2_fallback,0.377401
2209380368,P1_fallback,0.2
2210146919,P1_fallback,0.552174
2210746718,P1_fallback,0.22154
2210913643,P1_fallback,0.2
2210913643,P2_fallback,0.2
2212030265,P2_detected,0.861311
2212130174,P1_detected,0.49658
2212796836,P2_detected,0.238963
2213013427,P1_detected,0.351933
2213380175,P2_detected,1
2214463504,P2_detected,0.21473
2214530021,P1_fallback,0.2
2215313417,P1_fallback,0.275703
2215313417,P2_fallback,0.353745
2216830008,P1_fallback,0.2
2218138476,P1_fallback,0.599941
2219446242,P1_fallback,0.48927
2220762782,P1_fallback,0.2
2221612855,P2_fallback,0.2
2222062743,P1_fallback,0.2
2223379987,P1_fallback,0.2
2224713170,P1_fallback,0.2
2225579315,P2_fallback,0.215627
2226012613,P1_fallback,0.2
2226679279,P1_fallback,0.229877
2226679279,P2_fallback,0.366766
2227329265,P1_fallback,0.351994
2228645807,P1_fallback,0.599999
2229179145,P2_fallback,1
2229945805,P1_fallback,0.428653
2230112476,P1_fallback,0.235429
2230112476,P2_fallback,0.280786
2230812458,P1_fallback,0.267635
2231229055,P2_detected,1
2232328944,P1_detected,0.6
2233245661,P2_fallback,1
2233678951,P1_fallback,0.430327
2233745652,P2_fallback,1
2234578984,P1_fallback,0.2
2235195612,P1_fallback,0.2
2235562254,P2_fallback,1
2236212256,P2_fallback,1
2236378903,P1_fallback,0.2
2237712142,P1_fallback,0.214685
2237895504,P2_fallback,1
2239062028,P1_fallback,0.2
